DATASET,ALGORITHM,ORIGINAL,RANK_ORIGINAL,SMOTE,RANK_SMOTE,SMOTE_SVM,RANK_SMOTE_SVM,BORDERLINE1,RANK_BORDERLINE1,BORDERLINE2,RANK_BORDERLINE2,GEOSMOTE,RANK_GEOSMOTE,DELAUNAY,RANK_DELAUNAY,DELAUNAY_TYPE,ALPHA,unit
contraceptive,DTREE,0.136,2.0,0.136,2.0,0.124,7.0,0.126,6.0,0.136,2.0,0.128,5.0,0.13399999999999998,4.0,edge_ratio,9,IBA
dermatology,DTREE,0.496,3.0,0.4980000000000001,2.0,0.486,5.0,0.486,5.0,0.486,5.0,0.478,7.0,0.5,1.0,edge_ratio,9,IBA
glass,DTREE,0.2260000000000001,6.0,0.24,3.0,0.21600000000000003,7.0,0.276,1.0,0.242,2.0,0.23399999999999999,4.5,0.23399999999999999,4.5,edge_ratio,9,IBA
new-thyroid,DTREE,0.11199999999999999,7.0,0.13,5.5,0.134,1.5,0.13,5.5,0.132,3.5,0.132,3.5,0.134,1.5,edge_ratio,9,IBA
penbased,DTREE,0.71,1.0,0.7020000000000001,3.0,0.6920000000000001,6.5,0.6920000000000001,6.5,0.696,5.0,0.708,2.0,0.7,4.0,edge_ratio,9,IBA
thyroid,DTREE,0.65,6.0,0.688,3.0,0.6659999999999999,5.0,0.6479999999999999,7.0,0.7879999999999999,1.0,0.716,2.0,0.674,4.0,edge_ratio,9,IBA
wine,DTREE,0.266,3.0,0.268,2.0,0.252,7.0,0.27,1.0,0.258,6.0,0.26,4.5,0.26,4.5,edge_ratio,9,IBA
