DATASET,ALGORITHM,ORIGINAL,RANK_ORIGINAL,SMOTE,RANK_SMOTE,SMOTE_SVM,RANK_SMOTE_SVM,BORDERLINE1,RANK_BORDERLINE1,BORDERLINE2,RANK_BORDERLINE2,GEOSMOTE,RANK_GEOSMOTE,DELAUNAY,RANK_DELAUNAY,DELAUNAY_TYPE,ALPHA,unit
contraceptive,RF,0.29400000000000004,1.0,0.28800000000000003,3.0,0.28800000000000003,3.0,0.28600000000000003,5.5,0.28600000000000003,5.5,0.28800000000000003,3.0,0.28,7.0,area_volume_ratio,1,GEO
dermatology,RF,0.524,5.0,0.528,1.5,0.524,5.0,0.526,3.0,0.5199999999999999,7.0,0.524,5.0,0.5279999999999999,1.5,area_volume_ratio,1,GEO
glass,RF,0.308,7.0,0.338,3.0,0.33,4.0,0.364,1.5,0.364,1.5,0.316,6.0,0.328,5.0,area_volume_ratio,1,GEO
new-thyroid,RF,0.132,7.0,0.136,4.0,0.136,4.0,0.136,4.0,0.136,4.0,0.138,1.0,0.136,4.0,area_volume_ratio,1,GEO
penbased,RF,0.7859999999999999,1.0,0.782,4.0,0.782,4.0,0.782,4.0,0.782,4.0,0.782,4.0,0.78,7.0,area_volume_ratio,1,GEO
thyroid,RF,0.7260000000000001,7.0,0.7939999999999999,2.5,0.764,4.0,0.7619999999999999,5.0,0.8619999999999999,1.0,0.7539999999999999,6.0,0.7939999999999999,2.5,area_volume_ratio,1,GEO
wine,RF,0.316,1.0,0.294,3.0,0.278,7.0,0.28,6.0,0.292,4.0,0.282,5.0,0.304,2.0,area_volume_ratio,1,GEO
