DATASET,ALGORITHM,ORIGINAL,RANK_ORIGINAL,SMOTE,RANK_SMOTE,SMOTE_SVM,RANK_SMOTE_SVM,BORDERLINE1,RANK_BORDERLINE1,BORDERLINE2,RANK_BORDERLINE2,GEOSMOTE,RANK_GEOSMOTE,DELAUNAY,RANK_DELAUNAY,DELAUNAY_TYPE,ALPHA,unit
contraceptive,MLP,0.306,1.0,0.29200000000000004,3.0,0.28800000000000003,7.0,0.29200000000000004,3.0,0.29000000000000004,5.5,0.29200000000000004,3.0,0.29000000000000004,5.5,area,1,GEO
dermatology,MLP,0.526,2.0,0.524,3.0,0.518,5.5,0.518,5.5,0.516,7.0,0.53,1.0,0.5199999999999999,4.0,area,1,GEO
glass,MLP,0.2220000000000001,7.0,0.374,2.0,0.35,5.0,0.35800000000000004,4.0,0.34400000000000003,6.0,0.36200000000000004,3.0,0.378,1.0,area,1,GEO
new-thyroid,MLP,0.14400000000000002,2.0,0.138,5.0,0.134,6.5,0.14200000000000002,3.5,0.14200000000000002,3.5,0.134,6.5,0.14800000000000002,1.0,area,1,GEO
penbased,MLP,0.782,2.5,0.78,5.0,0.782,2.5,0.782,2.5,0.782,2.5,0.7780000000000001,6.0,0.7760000000000001,7.0,area,1,GEO
thyroid,MLP,0.4520000000000001,7.0,0.75,2.0,0.6920000000000001,5.0,0.736,4.0,0.742,3.0,0.758,1.0,0.616,6.0,area,1,GEO
wine,MLP,0.182,7.0,0.248,5.0,0.262,4.0,0.28400000000000003,3.0,0.29000000000000004,2.0,0.23600000000000004,6.0,0.292,1.0,area,1,GEO
