DATASET,ALGORITHM,ORIGINAL,RANK_ORIGINAL,SMOTE,RANK_SMOTE,SMOTE_SVM,RANK_SMOTE_SVM,BORDERLINE1,RANK_BORDERLINE1,BORDERLINE2,RANK_BORDERLINE2,GEOSMOTE,RANK_GEOSMOTE,DELAUNAY,RANK_DELAUNAY,DELAUNAY_TYPE,ALPHA,unit
contraceptive,MLP,0.306,1.0,0.29200000000000004,3.0,0.28800000000000003,7.0,0.29200000000000004,3.0,0.29000000000000004,5.5,0.29200000000000004,3.0,0.29000000000000004,5.5,solid_angle,1,GEO
dermatology,MLP,0.526,2.0,0.524,3.0,0.518,5.5,0.518,5.5,0.516,7.0,0.53,1.0,0.522,4.0,solid_angle,1,GEO
glass,MLP,0.2220000000000001,7.0,0.374,2.0,0.35,5.0,0.35800000000000004,4.0,0.34400000000000003,6.0,0.36200000000000004,3.0,0.382,1.0,solid_angle,1,GEO
new-thyroid,MLP,0.14400000000000002,1.0,0.138,4.0,0.134,6.0,0.14200000000000002,2.5,0.14200000000000002,2.5,0.134,6.0,0.134,6.0,solid_angle,1,GEO
penbased,MLP,0.782,2.5,0.78,5.5,0.782,2.5,0.782,2.5,0.782,2.5,0.7780000000000001,7.0,0.78,5.5,solid_angle,1,GEO
thyroid,MLP,0.4520000000000001,7.0,0.75,3.0,0.6920000000000001,6.0,0.736,5.0,0.742,4.0,0.758,2.0,0.8299999999999998,1.0,solid_angle,1,GEO
wine,MLP,0.182,7.0,0.248,4.0,0.262,3.0,0.28400000000000003,2.0,0.29000000000000004,1.0,0.23600000000000004,5.0,0.23199999999999998,6.0,solid_angle,1,GEO
