DATASET,ALGORITHM,ORIGINAL,RANK_ORIGINAL,SMOTE,RANK_SMOTE,SMOTE_SVM,RANK_SMOTE_SVM,BORDERLINE1,RANK_BORDERLINE1,BORDERLINE2,RANK_BORDERLINE2,GEOSMOTE,RANK_GEOSMOTE,DELAUNAY,RANK_DELAUNAY,DELAUNAY_TYPE,ALPHA,unit
contraceptive,DTREE,0.28,2.5,0.28,2.5,0.268,7.0,0.27,6.0,0.28200000000000003,1.0,0.272,4.5,0.272,4.5,max_solid_angle,4,GEO
dermatology,DTREE,0.526,1.5,0.526,1.5,0.512,6.5,0.5199999999999999,3.5,0.514,5.0,0.512,6.5,0.5200000000000001,3.5,max_solid_angle,4,GEO
glass,DTREE,0.342,6.0,0.34800000000000003,4.5,0.324,7.0,0.388,1.0,0.35600000000000004,3.0,0.348,4.5,0.358,2.0,max_solid_angle,4,GEO
new-thyroid,DTREE,0.128,7.0,0.14,3.0,0.14,3.0,0.14,3.0,0.142,1.0,0.138,5.5,0.138,5.5,max_solid_angle,4,GEO
penbased,DTREE,0.7759999999999999,2.0,0.7699999999999999,4.5,0.7659999999999999,6.0,0.7699999999999999,4.5,0.774,3.0,0.78,1.0,0.764,7.0,max_solid_angle,4,GEO
thyroid,DTREE,0.76,7.0,0.7859999999999999,4.0,0.774,5.0,0.7659999999999999,6.0,0.8619999999999999,1.0,0.812,3.0,0.8440000000000001,2.0,max_solid_angle,4,GEO
wine,DTREE,0.32,6.0,0.336,2.0,0.32199999999999995,5.0,0.33,4.0,0.308,7.0,0.332,3.0,0.34600000000000003,1.0,max_solid_angle,4,GEO
