DATASET,ALGORITHM,ORIGINAL,RANK_ORIGINAL,SMOTE,RANK_SMOTE,SMOTE_SVM,RANK_SMOTE_SVM,BORDERLINE1,RANK_BORDERLINE1,BORDERLINE2,RANK_BORDERLINE2,GEOSMOTE,RANK_GEOSMOTE,DELAUNAY,RANK_DELAUNAY,DELAUNAY_TYPE,ALPHA,unit
contraceptive,GNB,0.14400000000000002,1.5,0.132,6.5,0.134,4.0,0.134,4.0,0.132,6.5,0.14400000000000002,1.5,0.134,4.0,aspect_ratio,9,IBA
dermatology,GNB,0.504,3.5,0.506,1.5,0.504,3.5,0.506,1.5,0.458,6.0,0.384,7.0,0.476,5.0,aspect_ratio,9,IBA
glass,GNB,0.258,5.0,0.27,2.5,0.292,1.0,0.27,2.5,0.264,4.0,0.238,7.0,0.242,6.0,aspect_ratio,9,IBA
new-thyroid,GNB,0.11599999999999999,5.5,0.122,2.5,0.122,2.5,0.122,2.5,0.122,2.5,0.114,7.0,0.11599999999999999,5.5,aspect_ratio,9,IBA
penbased,GNB,0.664,4.5,0.664,4.5,0.664,4.5,0.664,4.5,0.664,4.5,0.67,1.0,0.6639999999999999,4.5,aspect_ratio,9,IBA
thyroid,GNB,0.092,7.0,0.094,6.0,0.10400000000000001,5.0,0.14400000000000002,3.0,0.15599999999999994,2.0,0.192,1.0,0.11600000000000002,4.0,aspect_ratio,9,IBA
wine,GNB,0.27,4.0,0.272,2.0,0.268,5.5,0.272,2.0,0.272,2.0,0.254,7.0,0.268,5.5,aspect_ratio,9,IBA
