DATASET,ALGORITHM,ORIGINAL,RANK_ORIGINAL,SMOTE,RANK_SMOTE,SMOTE_SVM,RANK_SMOTE_SVM,BORDERLINE1,RANK_BORDERLINE1,BORDERLINE2,RANK_BORDERLINE2,GEOSMOTE,RANK_GEOSMOTE,DELAUNAY,RANK_DELAUNAY,DELAUNAY_TYPE,ALPHA,unit
contraceptive,LRG,0.266,7.0,0.294,5.0,0.294,5.0,0.294,5.0,0.298,2.0,0.298,2.0,0.298,2.0,aspect_ratio,1,GEO
dermatology,LRG,0.362,7.0,0.516,1.0,0.512,2.5,0.4920000000000001,5.0,0.48200000000000004,6.0,0.512,2.5,0.506,4.0,aspect_ratio,1,GEO
glass,LRG,0.0,4.0,0.0,4.0,0.0,4.0,0.0,4.0,0.0,4.0,0.0,4.0,0.0,4.0,aspect_ratio,1,GEO
new-thyroid,LRG,0.0,7.0,0.138,5.0,0.14600000000000002,3.0,0.14800000000000002,1.5,0.14800000000000002,1.5,0.134,6.0,0.14200000000000002,4.0,aspect_ratio,1,GEO
penbased,LRG,0.7340000000000001,7.0,0.7460000000000001,3.5,0.7440000000000001,6.0,0.7459999999999999,3.5,0.7459999999999999,3.5,0.7459999999999999,3.5,0.748,1.0,aspect_ratio,1,GEO
thyroid,LRG,0.0,7.0,0.518,3.0,0.21600000000000005,6.0,0.524,2.0,0.526,1.0,0.504,4.0,0.4199999999999999,5.0,aspect_ratio,1,GEO
wine,LRG,0.0,7.0,0.08800000000000001,4.0,0.08800000000000001,4.0,0.09000000000000001,1.0,0.08800000000000001,4.0,0.08800000000000001,4.0,0.08800000000000001,4.0,aspect_ratio,1,GEO
