DATASET,ALGORITHM,ORIGINAL,RANK_ORIGINAL,SMOTE,RANK_SMOTE,SMOTE_SVM,RANK_SMOTE_SVM,BORDERLINE1,RANK_BORDERLINE1,BORDERLINE2,RANK_BORDERLINE2,GEOSMOTE,RANK_GEOSMOTE,DELAUNAY,RANK_DELAUNAY,DELAUNAY_TYPE,ALPHA,unit
contraceptive,ABC,0.28600000000000003,4.5,0.28600000000000003,4.5,0.28600000000000003,4.5,0.28600000000000003,4.5,0.28200000000000003,7.0,0.30000000000000004,1.0,0.29000000000000004,2.0,max_solid_angle,9,GEO
dermatology,ABC,0.366,1.5,0.366,1.5,0.304,5.0,0.3,6.0,0.25,7.0,0.344,3.0,0.336,4.0,max_solid_angle,9,GEO
glass,ABC,0.24599999999999994,6.0,0.31799999999999995,3.0,0.35,1.0,0.282,4.0,0.324,2.0,0.274,5.0,0.23400000000000004,7.0,max_solid_angle,9,GEO
new-thyroid,ABC,0.132,3.0,0.134,2.0,0.172,1.0,0.124,4.0,0.106,5.5,0.106,5.5,0.10400000000000001,7.0,max_solid_angle,9,GEO
penbased,ABC,0.238,1.0,0.23199999999999998,3.5,0.23199999999999998,3.5,0.23199999999999998,3.5,0.226,6.0,0.23199999999999998,3.5,0.222,7.0,max_solid_angle,9,GEO
thyroid,ABC,0.73,6.0,0.748,5.0,0.6719999999999999,7.0,0.7959999999999999,2.0,0.772,3.0,0.7699999999999999,4.0,0.85,1.0,max_solid_angle,9,GEO
wine,ABC,0.29200000000000004,2.0,0.27,6.0,0.266,7.0,0.28200000000000003,4.0,0.28,5.0,0.31,1.0,0.284,3.0,max_solid_angle,9,GEO
