DATASET,ALGORITHM,ORIGINAL,RANK_ORIGINAL,SMOTE,RANK_SMOTE,SMOTE_SVM,RANK_SMOTE_SVM,BORDERLINE1,RANK_BORDERLINE1,BORDERLINE2,RANK_BORDERLINE2,GEOSMOTE,RANK_GEOSMOTE,DELAUNAY,RANK_DELAUNAY,DELAUNAY_TYPE,ALPHA,unit
contraceptive,SGD,0.168,6.0,0.17600000000000002,5.0,0.182,3.5,0.21600000000000003,1.0,0.18600000000000005,2.0,0.12000000000000002,7.0,0.182,3.5,max_solid_angle,1,GEO
dermatology,SGD,0.336,7.0,0.422,5.0,0.496,2.0,0.4980000000000001,1.0,0.414,6.0,0.46799999999999997,4.0,0.4859999999999999,3.0,max_solid_angle,1,GEO
glass,SGD,0.214,1.0,0.152,6.0,0.16999999999999998,5.0,0.212,2.0,0.142,7.0,0.172,4.0,0.192,3.0,max_solid_angle,1,GEO
new-thyroid,SGD,0.102,7.0,0.14,4.0,0.11400000000000005,6.0,0.14400000000000002,2.5,0.156,1.0,0.136,5.0,0.14400000000000002,2.5,max_solid_angle,1,GEO
penbased,SGD,0.6940000000000001,7.0,0.7299999999999999,4.0,0.736,1.5,0.716,6.0,0.718,5.0,0.736,1.5,0.732,3.0,max_solid_angle,1,GEO
thyroid,SGD,0.13599999999999998,7.0,0.48,5.0,0.402,6.0,0.584,1.0,0.5559999999999999,2.0,0.522,3.0,0.488,4.0,max_solid_angle,1,GEO
wine,SGD,0.0,7.0,0.092,2.0,0.094,1.0,0.08399999999999999,4.0,0.08,5.0,0.08800000000000001,3.0,0.06999999999999999,6.0,max_solid_angle,1,GEO
