DATASET,ALGORITHM,ORIGINAL,RANK_ORIGINAL,SMOTE,RANK_SMOTE,SMOTE_SVM,RANK_SMOTE_SVM,BORDERLINE1,RANK_BORDERLINE1,BORDERLINE2,RANK_BORDERLINE2,GEOSMOTE,RANK_GEOSMOTE,DELAUNAY,RANK_DELAUNAY,DELAUNAY_TYPE,ALPHA,unit
contraceptive,GNB,0.278,1.5,0.27,3.0,0.268,5.5,0.268,5.5,0.268,5.5,0.278,1.5,0.268,5.5,edge_ratio,1,GEO
dermatology,GNB,0.514,3.5,0.522,1.5,0.514,3.5,0.522,1.5,0.506,5.0,0.442,7.0,0.4640000000000001,6.0,edge_ratio,1,GEO
glass,GNB,0.368,6.0,0.39399999999999996,4.0,0.414,2.0,0.398,3.0,0.39,5.0,0.35200000000000004,7.0,0.41600000000000004,1.0,edge_ratio,1,GEO
new-thyroid,GNB,0.132,6.5,0.134,3.5,0.134,3.5,0.134,3.5,0.134,3.5,0.132,6.5,0.14,1.0,edge_ratio,1,GEO
penbased,GNB,0.742,7.0,0.7440000000000001,5.0,0.7440000000000001,5.0,0.7440000000000001,5.0,0.746,3.0,0.748,1.5,0.748,1.5,edge_ratio,1,GEO
thyroid,GNB,0.292,7.0,0.294,6.0,0.31,5.0,0.374,4.0,0.39,2.0,0.434,1.0,0.376,3.0,edge_ratio,1,GEO
wine,GNB,0.334,3.5,0.334,3.5,0.332,5.5,0.34,1.0,0.33799999999999997,2.0,0.332,5.5,0.33,7.0,edge_ratio,1,GEO
