index,0
BORDERLINE2,3.057377049180328
SMOTE,3.0737704918032787
SMOTE_SVM,3.1475409836065573
DELAUNAY,3.2950819672131146
BORDERLINE1,3.3114754098360657
ORIGINAL,5.114754098360656
