index,0
SMOTE,2.9508196721311477
SMOTE_SVM,3.0491803278688523
BORDERLINE1,3.139344262295082
DELAUNAY,3.459016393442623
BORDERLINE2,3.5
ORIGINAL,4.901639344262295
