index,0
SMOTE,2.9344262295081966
SMOTE_SVM,3.057377049180328
BORDERLINE1,3.237704918032787
DELAUNAY,3.360655737704918
BORDERLINE2,3.4918032786885247
ORIGINAL,4.918032786885246
