index,0
BORDERLINE2,2.8360655737704916
SMOTE,2.918032786885246
BORDERLINE1,3.040983606557377
DELAUNAY,3.139344262295082
SMOTE_SVM,3.418032786885246
ORIGINAL,5.647540983606557
