index,0
BORDERLINE1,2.7950819672131146
SMOTE,2.8524590163934427
SMOTE_SVM,3.0163934426229506
BORDERLINE2,3.1147540983606556
DELAUNAY,3.8442622950819674
ORIGINAL,5.377049180327869
