index,0
SMOTE,2.918032786885246
BORDERLINE1,3.0327868852459017
SMOTE_SVM,3.1147540983606556
BORDERLINE2,3.4836065573770494
DELAUNAY,3.6065573770491803
ORIGINAL,4.844262295081967
