index,0
SMOTE_SVM,2.877049180327869
DELAUNAY,3.0163934426229506
SMOTE,3.19672131147541
BORDERLINE2,3.5163934426229506
BORDERLINE1,3.7459016393442623
ORIGINAL,4.647540983606557
