index,0
SMOTE_SVM,3.057377049180328
DELAUNAY,3.1475409836065573
SMOTE,3.1721311475409837
BORDERLINE2,3.2131147540983607
BORDERLINE1,3.3688524590163933
ORIGINAL,5.040983606557377
