index,0
DELAUNAY,2.418032786885246
BORDERLINE2,3.0
SMOTE_SVM,3.3114754098360657
SMOTE,3.401639344262295
BORDERLINE1,3.6147540983606556
ORIGINAL,5.254098360655738
