index,0
BORDERLINE2,2.877049180327869
DELAUNAY,3.1557377049180326
SMOTE_SVM,3.180327868852459
SMOTE,3.2131147540983607
BORDERLINE1,3.581967213114754
ORIGINAL,4.991803278688525
