index,0
SMOTE,3.0163934426229506
SMOTE_SVM,3.040983606557377
BORDERLINE2,3.139344262295082
BORDERLINE1,3.2540983606557377
DELAUNAY,3.377049180327869
ORIGINAL,5.172131147540983
