index,0
SMOTE_SVM,2.7704918032786887
SMOTE,3.1885245901639343
DELAUNAY,3.2704918032786887
BORDERLINE1,3.639344262295082
BORDERLINE2,3.778688524590164
ORIGINAL,4.352459016393443
