index,0
SMOTE,2.6639344262295084
BORDERLINE2,2.6639344262295084
BORDERLINE1,2.8114754098360657
SMOTE_SVM,3.1557377049180326
DELAUNAY,4.0
ORIGINAL,5.704918032786885
