index,0
SMOTE,2.918032786885246
SMOTE_SVM,3.0245901639344264
BORDERLINE1,3.1311475409836067
DELAUNAY,3.3524590163934427
BORDERLINE2,3.6639344262295084
ORIGINAL,4.909836065573771
