index,0
BORDERLINE2,2.8852459016393444
SMOTE,2.901639344262295
BORDERLINE1,3.0327868852459017
DELAUNAY,3.0737704918032787
SMOTE_SVM,3.4262295081967213
ORIGINAL,5.680327868852459
