index,0
BORDERLINE1,2.942622950819672
SMOTE,3.0491803278688523
DELAUNAY,3.1311475409836067
SMOTE_SVM,3.1475409836065573
BORDERLINE2,3.3360655737704916
ORIGINAL,5.39344262295082
