index,0
DELAUNAY,3.262295081967213
SMOTE_SVM,3.319672131147541
SMOTE,3.4262295081967213
ORIGINAL,3.459016393442623
BORDERLINE2,3.5163934426229506
BORDERLINE1,4.016393442622951
