index,0
SMOTE_SVM,2.6885245901639343
SMOTE,3.1639344262295084
BORDERLINE1,3.581967213114754
DELAUNAY,3.6065573770491803
BORDERLINE2,3.69672131147541
ORIGINAL,4.262295081967213
