index,0
BORDERLINE1,2.7868852459016393
SMOTE,3.040983606557377
BORDERLINE2,3.0655737704918034
SMOTE_SVM,3.1475409836065573
DELAUNAY,3.459016393442623
ORIGINAL,5.5
