index,0
BORDERLINE2,2.7131147540983607
SMOTE,2.737704918032787
BORDERLINE1,2.9098360655737703
SMOTE_SVM,3.237704918032787
DELAUNAY,3.7131147540983607
ORIGINAL,5.688524590163935
