index,0
SMOTE,2.8688524590163933
SMOTE_SVM,2.9672131147540983
BORDERLINE2,2.9754098360655736
BORDERLINE1,3.1065573770491803
DELAUNAY,3.9754098360655736
ORIGINAL,5.10655737704918
