index,0
DELAUNAY,3.1311475409836067
SMOTE_SVM,3.360655737704918
SMOTE,3.3934426229508197
ORIGINAL,3.4262295081967213
BORDERLINE2,3.5655737704918034
BORDERLINE1,4.122950819672131
