index,0
SMOTE,2.8688524590163933
SMOTE_SVM,3.0081967213114753
BORDERLINE1,3.180327868852459
BORDERLINE2,3.418032786885246
DELAUNAY,3.581967213114754
ORIGINAL,4.942622950819672
