index,0
SMOTE_SVM,3.262295081967213
SMOTE,3.3114754098360657
ORIGINAL,3.4262295081967213
DELAUNAY,3.4344262295081966
BORDERLINE2,3.5081967213114753
BORDERLINE1,4.057377049180328
