index,0
BORDERLINE2,2.7049180327868854
SMOTE_SVM,3.098360655737705
SMOTE,3.1311475409836067
BORDERLINE1,3.3524590163934427
DELAUNAY,3.4672131147540983
ORIGINAL,5.245901639344262
