index,0
BORDERLINE1,3.0327868852459017
SMOTE_SVM,3.040983606557377
DELAUNAY,3.180327868852459
BORDERLINE2,3.3688524590163933
SMOTE,3.442622950819672
ORIGINAL,4.934426229508197
