index,0
BORDERLINE2,2.959016393442623
DELAUNAY,2.9672131147540983
SMOTE_SVM,3.2049180327868854
SMOTE,3.2868852459016393
BORDERLINE1,3.598360655737705
ORIGINAL,4.983606557377049
