index,0
SMOTE,3.262295081967213
BORDERLINE2,3.319672131147541
SMOTE_SVM,3.459016393442623
ORIGINAL,3.5163934426229506
DELAUNAY,3.5327868852459017
BORDERLINE1,3.9098360655737703
