index,0
DELAUNAY,2.581967213114754
BORDERLINE2,3.122950819672131
SMOTE_SVM,3.237704918032787
SMOTE,3.3852459016393444
BORDERLINE1,3.7049180327868854
ORIGINAL,4.967213114754099
