index,0
BORDERLINE2,2.8442622950819674
SMOTE,2.901639344262295
BORDERLINE1,3.040983606557377
DELAUNAY,3.2459016393442623
SMOTE_SVM,3.319672131147541
ORIGINAL,5.647540983606557
