index,0
BORDERLINE1,2.737704918032787
SMOTE_SVM,2.942622950819672
SMOTE,3.0081967213114753
BORDERLINE2,3.0655737704918034
DELAUNAY,4.155737704918033
ORIGINAL,5.090163934426229
