index,0
SMOTE,2.901639344262295
BORDERLINE1,3.0327868852459017
SMOTE_SVM,3.040983606557377
BORDERLINE2,3.4344262295081966
DELAUNAY,3.7868852459016393
ORIGINAL,4.80327868852459
