index,0
DELAUNAY,2.7295081967213113
BORDERLINE2,2.8524590163934427
SMOTE_SVM,3.262295081967213
SMOTE,3.3852459016393444
BORDERLINE1,3.5245901639344264
ORIGINAL,5.245901639344262
