index,0
DELAUNAY,2.9672131147540983
BORDERLINE1,3.0163934426229506
SMOTE_SVM,3.098360655737705
BORDERLINE2,3.4672131147540983
SMOTE,3.4836065573770494
ORIGINAL,4.967213114754099
