index,0
DELAUNAY,2.8688524590163933
BORDERLINE2,2.9836065573770494
SMOTE_SVM,3.2131147540983607
SMOTE,3.319672131147541
BORDERLINE1,3.598360655737705
ORIGINAL,5.016393442622951
