index,0
DELAUNAY,2.877049180327869
BORDERLINE2,3.0081967213114753
SMOTE_SVM,3.1885245901639343
SMOTE,3.319672131147541
BORDERLINE1,3.622950819672131
ORIGINAL,4.983606557377049
