index,0
SMOTE,2.8442622950819674
DELAUNAY,3.057377049180328
SMOTE_SVM,3.3688524590163933
ORIGINAL,3.6721311475409837
BORDERLINE1,3.9754098360655736
BORDERLINE2,4.081967213114754
