index,0
SMOTE,3.0491803278688523
SMOTE_SVM,3.122950819672131
DELAUNAY,3.1557377049180326
BORDERLINE1,3.1885245901639343
BORDERLINE2,3.6147540983606556
ORIGINAL,4.868852459016393
