index,0
SMOTE,2.8360655737704916
BORDERLINE1,2.8442622950819674
SMOTE_SVM,3.0327868852459017
BORDERLINE2,3.1475409836065573
DELAUNAY,3.762295081967213
ORIGINAL,5.377049180327869
