index,0
BORDERLINE1,2.6885245901639343
SMOTE,2.9508196721311477
BORDERLINE2,2.9754098360655736
SMOTE_SVM,3.081967213114754
DELAUNAY,3.7704918032786887
ORIGINAL,5.532786885245901
