index,0
SMOTE,3.0245901639344264
BORDERLINE1,3.081967213114754
SMOTE_SVM,3.1721311475409837
DELAUNAY,3.221311475409836
BORDERLINE2,3.5655737704918034
ORIGINAL,4.934426229508197
