index,0
SMOTE_SVM,2.7459016393442623
SMOTE,3.2131147540983607
DELAUNAY,3.2704918032786887
BORDERLINE1,3.69672131147541
BORDERLINE2,3.7049180327868854
ORIGINAL,4.368852459016393
