index,0
BORDERLINE2,2.7049180327868854
SMOTE_SVM,3.040983606557377
SMOTE,3.098360655737705
BORDERLINE1,3.237704918032787
DELAUNAY,3.69672131147541
ORIGINAL,5.221311475409836
