index,0
DELAUNAY,2.778688524590164
BORDERLINE2,2.9098360655737703
SMOTE,2.9754098360655736
BORDERLINE1,3.1475409836065573
SMOTE_SVM,3.4672131147540983
ORIGINAL,5.721311475409836
