index,0
BORDERLINE1,2.8934426229508197
SMOTE,3.081967213114754
DELAUNAY,3.1475409836065573
SMOTE_SVM,3.1721311475409837
BORDERLINE2,3.180327868852459
ORIGINAL,5.524590163934426
