index,0
DELAUNAY,2.959016393442623
SMOTE,3.1147540983606556
BORDERLINE1,3.1311475409836067
SMOTE_SVM,3.237704918032787
BORDERLINE2,3.6475409836065573
ORIGINAL,4.909836065573771
