index,0
BORDERLINE1,2.8688524590163933
SMOTE,2.9344262295081966
SMOTE_SVM,3.0245901639344264
BORDERLINE2,3.221311475409836
DELAUNAY,3.5901639344262297
ORIGINAL,5.360655737704918
