index,0
SMOTE_SVM,2.7540983606557377
SMOTE,3.19672131147541
DELAUNAY,3.3114754098360657
BORDERLINE1,3.680327868852459
BORDERLINE2,3.7131147540983607
ORIGINAL,4.344262295081967
