index,0
BORDERLINE2,2.7704918032786887
SMOTE_SVM,2.9672131147540983
SMOTE,3.0
BORDERLINE1,3.3524590163934427
DELAUNAY,3.9344262295081966
ORIGINAL,4.975409836065574
