index,0
SMOTE,2.7049180327868854
BORDERLINE2,2.737704918032787
BORDERLINE1,2.8442622950819674
SMOTE_SVM,3.1557377049180326
DELAUNAY,3.877049180327869
ORIGINAL,5.680327868852459
