index,0
SMOTE,2.737704918032787
BORDERLINE2,2.737704918032787
BORDERLINE1,2.8852459016393444
SMOTE_SVM,3.2868852459016393
DELAUNAY,3.6475409836065573
ORIGINAL,5.704918032786885
