index,0
DELAUNAY,2.918032786885246
BORDERLINE2,2.9754098360655736
SMOTE_SVM,3.2131147540983607
SMOTE,3.2950819672131146
BORDERLINE1,3.622950819672131
ORIGINAL,4.975409836065574
