index,0
BORDERLINE1,2.9344262295081966
SMOTE,3.0
SMOTE_SVM,3.139344262295082
BORDERLINE2,3.2540983606557377
DELAUNAY,3.2950819672131146
ORIGINAL,5.377049180327869
