index,0
SMOTE,2.959016393442623
BORDERLINE1,3.1147540983606556
SMOTE_SVM,3.1639344262295084
DELAUNAY,3.4344262295081966
BORDERLINE2,3.5163934426229506
ORIGINAL,4.811475409836065
