index,0
SMOTE,2.918032786885246
SMOTE_SVM,3.0491803278688523
BORDERLINE1,3.122950819672131
DELAUNAY,3.180327868852459
BORDERLINE2,3.7459016393442623
ORIGINAL,4.983606557377049
