index,0
DELAUNAY,2.7950819672131146
BORDERLINE2,2.8934426229508197
SMOTE,2.9672131147540983
BORDERLINE1,3.1639344262295084
SMOTE_SVM,3.5
ORIGINAL,5.680327868852459
