index,0
SMOTE,3.1639344262295084
BORDERLINE2,3.2704918032786887
SMOTE_SVM,3.3360655737704916
ORIGINAL,3.4836065573770494
BORDERLINE1,3.8278688524590163
DELAUNAY,3.918032786885246
