index,0
BORDERLINE1,2.860655737704918
SMOTE_SVM,2.8688524590163933
BORDERLINE2,3.2704918032786887
SMOTE,3.278688524590164
DELAUNAY,3.7704918032786887
ORIGINAL,4.950819672131147
