index,0
SMOTE_SVM,2.9098360655737703
DELAUNAY,2.9754098360655736
SMOTE,3.237704918032787
BORDERLINE1,3.639344262295082
BORDERLINE2,3.6639344262295084
ORIGINAL,4.573770491803279
