index,0
SMOTE,2.7131147540983607
BORDERLINE2,2.737704918032787
BORDERLINE1,2.8934426229508197
SMOTE_SVM,3.2704918032786887
DELAUNAY,3.7459016393442623
ORIGINAL,5.639344262295082
