index,0
DELAUNAY,3.0245901639344264
SMOTE_SVM,3.0737704918032787
BORDERLINE1,3.081967213114754
BORDERLINE2,3.377049180327869
SMOTE,3.4672131147540983
ORIGINAL,4.975409836065574
