index,0
SMOTE_SVM,2.860655737704918
SMOTE,3.1557377049180326
DELAUNAY,3.19672131147541
BORDERLINE1,3.6557377049180326
BORDERLINE2,3.7868852459016393
ORIGINAL,4.344262295081967
