index,0
BORDERLINE1,2.8442622950819674
SMOTE,3.0655737704918034
BORDERLINE2,3.081967213114754
SMOTE_SVM,3.139344262295082
DELAUNAY,3.3442622950819674
ORIGINAL,5.524590163934426
