index,0
SMOTE_SVM,3.2540983606557377
SMOTE,3.3688524590163933
BORDERLINE2,3.377049180327869
ORIGINAL,3.401639344262295
DELAUNAY,3.6147540983606556
BORDERLINE1,3.9836065573770494
