index,0
SMOTE,2.9918032786885247
SMOTE_SVM,3.057377049180328
DELAUNAY,3.1557377049180326
BORDERLINE1,3.2049180327868854
BORDERLINE2,3.7049180327868854
ORIGINAL,4.885245901639344
