index,0
SMOTE,2.9098360655737703
BORDERLINE1,3.0327868852459017
SMOTE_SVM,3.0737704918032787
BORDERLINE2,3.4344262295081966
DELAUNAY,3.778688524590164
ORIGINAL,4.770491803278689
