index,0
BORDERLINE1,2.7868852459016393
SMOTE,3.0327868852459017
BORDERLINE2,3.040983606557377
SMOTE_SVM,3.1721311475409837
DELAUNAY,3.442622950819672
ORIGINAL,5.524590163934426
