index,0
SMOTE,2.8934426229508197
SMOTE_SVM,3.040983606557377
BORDERLINE1,3.098360655737705
DELAUNAY,3.2540983606557377
BORDERLINE2,3.7295081967213113
ORIGINAL,4.983606557377049
