index,0
SMOTE,2.6557377049180326
SMOTE_SVM,3.30327868852459
ORIGINAL,3.4836065573770494
BORDERLINE1,3.721311475409836
DELAUNAY,3.9098360655737703
BORDERLINE2,3.9262295081967213
