index,0
SMOTE,3.0901639344262297
SMOTE_SVM,3.1065573770491803
BORDERLINE2,3.139344262295082
DELAUNAY,3.1885245901639343
BORDERLINE1,3.2868852459016393
ORIGINAL,5.188524590163935
