index,0
SMOTE_SVM,2.901639344262295
DELAUNAY,3.19672131147541
SMOTE,3.2131147540983607
BORDERLINE1,3.5655737704918034
BORDERLINE2,3.622950819672131
ORIGINAL,4.5
