index,0
SMOTE_SVM,2.6721311475409837
SMOTE,3.122950819672131
BORDERLINE1,3.5327868852459017
BORDERLINE2,3.69672131147541
DELAUNAY,3.7459016393442623
ORIGINAL,4.229508196721311
