index,0
SMOTE_SVM,2.778688524590164
SMOTE,3.1721311475409837
DELAUNAY,3.2459016393442623
BORDERLINE2,3.6147540983606556
BORDERLINE1,3.6557377049180326
ORIGINAL,4.532786885245901
