index,0
BORDERLINE2,2.7459016393442623
SMOTE,2.778688524590164
BORDERLINE1,2.8114754098360657
SMOTE_SVM,3.19672131147541
DELAUNAY,3.7540983606557377
ORIGINAL,5.713114754098361
