index,0
DELAUNAY,2.7704918032786887
BORDERLINE2,2.8934426229508197
SMOTE,3.0327868852459017
BORDERLINE1,3.1557377049180326
SMOTE_SVM,3.442622950819672
ORIGINAL,5.704918032786885
