index,0
SMOTE,2.8688524590163933
SMOTE_SVM,3.0245901639344264
BORDERLINE1,3.1065573770491803
DELAUNAY,3.3114754098360657
BORDERLINE2,3.721311475409836
ORIGINAL,4.967213114754099
