index,0
SMOTE,2.8114754098360657
BORDERLINE1,2.9754098360655736
SMOTE_SVM,3.0737704918032787
BORDERLINE2,3.4672131147540983
DELAUNAY,3.819672131147541
ORIGINAL,4.852459016393443
