index,0
DELAUNAY,2.8688524590163933
SMOTE_SVM,3.1147540983606556
BORDERLINE2,3.237704918032787
SMOTE,3.2950819672131146
BORDERLINE1,3.4262295081967213
ORIGINAL,5.057377049180328
