index,0
BORDERLINE2,2.6475409836065573
SMOTE_SVM,3.0
SMOTE,3.1065573770491803
BORDERLINE1,3.377049180327869
DELAUNAY,3.680327868852459
ORIGINAL,5.188524590163935
