index,0
SMOTE,2.581967213114754
SMOTE_SVM,3.2868852459016393
ORIGINAL,3.4672131147540983
BORDERLINE1,3.737704918032787
BORDERLINE2,3.8278688524590163
DELAUNAY,4.098360655737705
