index,0
SMOTE_SVM,2.8278688524590163
DELAUNAY,3.0491803278688523
SMOTE,3.2540983606557377
BORDERLINE1,3.6885245901639343
BORDERLINE2,3.7868852459016393
ORIGINAL,4.39344262295082
