index,0
SMOTE,2.8934426229508197
SMOTE_SVM,3.0655737704918034
BORDERLINE1,3.081967213114754
DELAUNAY,3.2295081967213113
BORDERLINE2,3.7540983606557377
ORIGINAL,4.975409836065574
