index,0
SMOTE,2.877049180327869
SMOTE_SVM,3.1065573770491803
BORDERLINE1,3.221311475409836
DELAUNAY,3.377049180327869
BORDERLINE2,3.4754098360655736
ORIGINAL,4.942622950819672
