index,0
DELAUNAY,2.9098360655737703
SMOTE,3.0491803278688523
BORDERLINE1,3.2131147540983607
SMOTE_SVM,3.262295081967213
BORDERLINE2,3.639344262295082
ORIGINAL,4.926229508196721
