index,0
SMOTE,2.680327868852459
SMOTE_SVM,3.442622950819672
DELAUNAY,3.4754098360655736
ORIGINAL,3.622950819672131
BORDERLINE1,3.8688524590163933
BORDERLINE2,3.9098360655737703
