index,0
BORDERLINE1,2.7540983606557377
SMOTE,2.80327868852459
SMOTE_SVM,2.918032786885246
BORDERLINE2,3.0655737704918034
DELAUNAY,4.147540983606557
ORIGINAL,5.311475409836065
