index,0
BORDERLINE2,2.80327868852459
SMOTE,2.942622950819672
BORDERLINE1,2.959016393442623
SMOTE_SVM,3.2868852459016393
DELAUNAY,3.4262295081967213
ORIGINAL,5.581967213114754
