index,0
SMOTE,3.0491803278688523
BORDERLINE1,3.081967213114754
SMOTE_SVM,3.1557377049180326
DELAUNAY,3.3442622950819674
BORDERLINE2,3.5245901639344264
ORIGINAL,4.844262295081967
