index,0
SMOTE_SVM,2.7049180327868854
SMOTE,3.1147540983606556
BORDERLINE1,3.581967213114754
BORDERLINE2,3.6639344262295084
DELAUNAY,3.6721311475409837
ORIGINAL,4.262295081967213
