index,0
DELAUNAY,3.1065573770491803
SMOTE,3.2868852459016393
BORDERLINE2,3.5163934426229506
SMOTE_SVM,3.5245901639344264
ORIGINAL,3.5737704918032787
BORDERLINE1,3.9918032786885247
