index,0
BORDERLINE1,2.8688524590163933
SMOTE,3.057377049180328
BORDERLINE2,3.098360655737705
SMOTE_SVM,3.1557377049180326
DELAUNAY,3.2950819672131146
ORIGINAL,5.524590163934426
