index,0
DELAUNAY,2.7868852459016393
SMOTE,3.1147540983606556
SMOTE_SVM,3.1721311475409837
BORDERLINE1,3.3442622950819674
BORDERLINE2,3.639344262295082
ORIGINAL,4.942622950819672
