index,0
BORDERLINE1,2.9344262295081966
SMOTE_SVM,3.0081967213114753
BORDERLINE2,3.3360655737704916
DELAUNAY,3.401639344262295
SMOTE,3.4098360655737703
ORIGINAL,4.909836065573771
