index,0
BORDERLINE1,2.762295081967213
BORDERLINE2,3.0737704918032787
SMOTE,3.1311475409836067
SMOTE_SVM,3.2295081967213113
DELAUNAY,3.278688524590164
ORIGINAL,5.524590163934426
