index,0
SMOTE,3.262295081967213
BORDERLINE2,3.2950819672131146
SMOTE_SVM,3.4508196721311477
ORIGINAL,3.5245901639344264
DELAUNAY,3.581967213114754
BORDERLINE1,3.8852459016393444
