index,0
BORDERLINE2,2.9836065573770494
SMOTE_SVM,3.1147540983606556
DELAUNAY,3.1147540983606556
SMOTE,3.262295081967213
BORDERLINE1,3.5655737704918034
ORIGINAL,4.959016393442623
