index,0
BORDERLINE2,2.819672131147541
SMOTE,2.877049180327869
BORDERLINE1,3.040983606557377
DELAUNAY,3.1721311475409837
SMOTE_SVM,3.3688524590163933
ORIGINAL,5.721311475409836
