index,0
DELAUNAY,2.5655737704918034
BORDERLINE2,2.9508196721311477
SMOTE_SVM,3.2950819672131146
SMOTE,3.3688524590163933
BORDERLINE1,3.5737704918032787
ORIGINAL,5.245901639344262
