index,0
SMOTE_SVM,3.0081967213114753
BORDERLINE1,3.057377049180328
DELAUNAY,3.1639344262295084
BORDERLINE2,3.3442622950819674
SMOTE,3.4508196721311477
ORIGINAL,4.975409836065574
