index,0
DELAUNAY,2.8278688524590163
BORDERLINE2,2.9344262295081966
SMOTE,2.9672131147540983
BORDERLINE1,3.1065573770491803
SMOTE_SVM,3.4672131147540983
ORIGINAL,5.69672131147541
