index,0
BORDERLINE1,2.877049180327869
SMOTE,3.0
SMOTE_SVM,3.081967213114754
BORDERLINE2,3.1065573770491803
DELAUNAY,3.4344262295081966
ORIGINAL,5.5
