index,0
SMOTE,2.8524590163934427
SMOTE_SVM,2.9262295081967213
BORDERLINE1,3.0655737704918034
BORDERLINE2,3.581967213114754
DELAUNAY,3.737704918032787
ORIGINAL,4.836065573770492
