index,0
BORDERLINE2,2.9098360655737703
SMOTE_SVM,3.1311475409836067
SMOTE,3.2459016393442623
DELAUNAY,3.2540983606557377
BORDERLINE1,3.4672131147540983
ORIGINAL,4.991803278688525
