index,0
SMOTE,2.9672131147540983
BORDERLINE1,3.040983606557377
SMOTE_SVM,3.1557377049180326
DELAUNAY,3.5081967213114753
BORDERLINE2,3.5327868852459017
ORIGINAL,4.795081967213115
