index,0
DELAUNAY,2.5081967213114753
BORDERLINE2,3.1557377049180326
SMOTE_SVM,3.30327868852459
SMOTE,3.3360655737704916
BORDERLINE1,3.7131147540983607
ORIGINAL,4.983606557377049
