index,0
SMOTE,2.5245901639344264
SMOTE_SVM,3.2540983606557377
ORIGINAL,3.4836065573770494
BORDERLINE1,3.7540983606557377
BORDERLINE2,3.9098360655737703
DELAUNAY,4.073770491803279
