index,0
SMOTE,2.8114754098360657
SMOTE_SVM,3.0655737704918034
BORDERLINE1,3.139344262295082
BORDERLINE2,3.4836065573770494
DELAUNAY,3.5327868852459017
ORIGINAL,4.967213114754099
