index,0
SMOTE,2.8934426229508197
BORDERLINE1,3.122950819672131
SMOTE_SVM,3.139344262295082
DELAUNAY,3.4344262295081966
BORDERLINE2,3.5
ORIGINAL,4.909836065573771
