index,0
SMOTE_SVM,3.0
SMOTE,3.098360655737705
BORDERLINE2,3.1147540983606556
BORDERLINE1,3.2540983606557377
DELAUNAY,3.5245901639344264
ORIGINAL,5.008196721311475
