index,0
BORDERLINE2,3.0655737704918034
SMOTE,3.1065573770491803
DELAUNAY,3.1557377049180326
SMOTE_SVM,3.1721311475409837
BORDERLINE1,3.3442622950819674
ORIGINAL,5.155737704918033
