index,0
DELAUNAY,2.901639344262295
BORDERLINE1,3.040983606557377
BORDERLINE2,3.1311475409836067
SMOTE,3.19672131147541
SMOTE_SVM,3.3934426229508197
ORIGINAL,5.336065573770492
