index,0
BORDERLINE1,2.8360655737704916
BORDERLINE2,2.9918032786885247
SMOTE,3.0901639344262297
SMOTE_SVM,3.1475409836065573
DELAUNAY,3.6639344262295084
ORIGINAL,5.270491803278689
