index,0
SMOTE,2.959016393442623
SMOTE_SVM,3.098360655737705
BORDERLINE1,3.2131147540983607
DELAUNAY,3.237704918032787
BORDERLINE2,3.5491803278688523
ORIGINAL,4.942622950819672
