index,0
SMOTE_SVM,2.8278688524590163
SMOTE,3.1311475409836067
DELAUNAY,3.2704918032786887
BORDERLINE2,3.5901639344262297
BORDERLINE1,3.639344262295082
ORIGINAL,4.540983606557377
