index,0
SMOTE,2.6147540983606556
SMOTE_SVM,3.3934426229508197
ORIGINAL,3.5163934426229506
DELAUNAY,3.639344262295082
BORDERLINE1,3.877049180327869
BORDERLINE2,3.959016393442623
