index,0
BORDERLINE1,2.7295081967213113
SMOTE,2.8934426229508197
BORDERLINE2,2.9754098360655736
SMOTE_SVM,3.040983606557377
DELAUNAY,3.8278688524590163
ORIGINAL,5.532786885245901
