index,0
DELAUNAY,2.819672131147541
SMOTE,3.0
SMOTE_SVM,3.1721311475409837
BORDERLINE1,3.278688524590164
BORDERLINE2,3.7049180327868854
ORIGINAL,5.024590163934426
