index,0
BORDERLINE1,2.877049180327869
SMOTE,3.057377049180328
BORDERLINE2,3.139344262295082
SMOTE_SVM,3.1885245901639343
DELAUNAY,3.2131147540983607
ORIGINAL,5.524590163934426
