index,0
DELAUNAY,2.819672131147541
BORDERLINE2,2.860655737704918
SMOTE_SVM,3.2868852459016393
SMOTE,3.2950819672131146
BORDERLINE1,3.5081967213114753
ORIGINAL,5.229508196721311
