index,0
SMOTE_SVM,2.7950819672131146
DELAUNAY,3.180327868852459
SMOTE,3.221311475409836
BORDERLINE2,3.4672131147540983
BORDERLINE1,3.69672131147541
ORIGINAL,4.639344262295082
