index,0
SMOTE,2.942622950819672
SMOTE_SVM,3.040983606557377
BORDERLINE1,3.1885245901639343
DELAUNAY,3.2049180327868854
BORDERLINE2,3.7295081967213113
ORIGINAL,4.89344262295082
