index,0
DELAUNAY,2.860655737704918
SMOTE,3.4262295081967213
SMOTE_SVM,3.459016393442623
ORIGINAL,3.5081967213114753
BORDERLINE2,3.598360655737705
BORDERLINE1,4.147540983606557
