index,0
DELAUNAY,2.8524590163934427
BORDERLINE1,3.081967213114754
BORDERLINE2,3.19672131147541
SMOTE,3.262295081967213
SMOTE_SVM,3.3360655737704916
ORIGINAL,5.270491803278689
