index,0
BORDERLINE2,2.7540983606557377
SMOTE_SVM,3.1885245901639343
DELAUNAY,3.2131147540983607
SMOTE,3.237704918032787
BORDERLINE1,3.3688524590163933
ORIGINAL,5.237704918032787
