index,0
SMOTE_SVM,2.877049180327869
DELAUNAY,2.9836065573770494
SMOTE,3.2540983606557377
BORDERLINE1,3.69672131147541
BORDERLINE2,3.819672131147541
ORIGINAL,4.368852459016393
