index,0
SMOTE,3.2704918032786887
BORDERLINE2,3.377049180327869
SMOTE_SVM,3.4098360655737703
DELAUNAY,3.4672131147540983
ORIGINAL,3.4754098360655736
BORDERLINE1,4.0
