index,0
SMOTE,2.9344262295081966
SMOTE_SVM,3.057377049180328
BORDERLINE1,3.1147540983606556
DELAUNAY,3.319672131147541
BORDERLINE2,3.6639344262295084
ORIGINAL,4.909836065573771
