index,0
DELAUNAY,3.0
SMOTE,3.0245901639344264
SMOTE_SVM,3.0737704918032787
BORDERLINE1,3.237704918032787
BORDERLINE2,3.7459016393442623
ORIGINAL,4.918032786885246
