index,0
SMOTE,2.9508196721311477
SMOTE_SVM,3.057377049180328
DELAUNAY,3.1639344262295084
BORDERLINE1,3.2459016393442623
BORDERLINE2,3.680327868852459
ORIGINAL,4.901639344262295
