index,0
SMOTE,2.8278688524590163
SMOTE_SVM,2.918032786885246
BORDERLINE1,3.0
BORDERLINE2,3.6311475409836067
DELAUNAY,3.6639344262295084
ORIGINAL,4.959016393442623
