index,0
SMOTE_SVM,2.7131147540983607
SMOTE,3.1721311475409837
DELAUNAY,3.4508196721311477
BORDERLINE1,3.622950819672131
BORDERLINE2,3.7049180327868854
ORIGINAL,4.336065573770492
