index,0
SMOTE,3.0655737704918034
BORDERLINE1,3.139344262295082
DELAUNAY,3.180327868852459
SMOTE_SVM,3.1885245901639343
BORDERLINE2,3.5655737704918034
ORIGINAL,4.860655737704918
