index,0
SMOTE_SVM,2.959016393442623
BORDERLINE1,3.0327868852459017
BORDERLINE2,3.3360655737704916
SMOTE,3.3442622950819674
DELAUNAY,3.360655737704918
ORIGINAL,4.967213114754099
