index,0
BORDERLINE2,2.598360655737705
SMOTE,2.7540983606557377
BORDERLINE1,2.7704918032786887
SMOTE_SVM,3.1557377049180326
DELAUNAY,4.040983606557377
ORIGINAL,5.680327868852459
