index,0
BORDERLINE2,2.8360655737704916
SMOTE,2.8524590163934427
BORDERLINE1,2.9344262295081966
SMOTE_SVM,3.2868852459016393
DELAUNAY,3.4262295081967213
ORIGINAL,5.663934426229508
