index,0
SMOTE_SVM,2.877049180327869
DELAUNAY,3.122950819672131
SMOTE,3.221311475409836
BORDERLINE2,3.598360655737705
BORDERLINE1,3.6147540983606556
ORIGINAL,4.565573770491803
