index,0
SMOTE_SVM,2.9508196721311477
SMOTE,3.1311475409836067
DELAUNAY,3.180327868852459
BORDERLINE1,3.622950819672131
BORDERLINE2,3.6475409836065573
ORIGINAL,4.467213114754099
