index,0
SMOTE,2.737704918032787
DELAUNAY,3.2131147540983607
SMOTE_SVM,3.540983606557377
ORIGINAL,3.6311475409836067
BORDERLINE1,3.8852459016393444
BORDERLINE2,3.9918032786885247
