index,0
BORDERLINE1,2.8688524590163933
SMOTE,2.918032786885246
SMOTE_SVM,3.0081967213114753
BORDERLINE2,3.2131147540983607
DELAUNAY,3.6311475409836067
ORIGINAL,5.360655737704918
