index,0
SMOTE,2.918032786885246
SMOTE_SVM,3.0245901639344264
BORDERLINE1,3.1147540983606556
DELAUNAY,3.2049180327868854
BORDERLINE2,3.762295081967213
ORIGINAL,4.975409836065574
