index,0
SMOTE_SVM,2.7704918032786887
SMOTE,3.0245901639344264
BORDERLINE2,3.4098360655737703
DELAUNAY,3.4918032786885247
BORDERLINE1,3.6475409836065573
ORIGINAL,4.655737704918033
