index,0
SMOTE_SVM,3.2540983606557377
SMOTE,3.3524590163934427
ORIGINAL,3.3934426229508197
BORDERLINE2,3.4672131147540983
DELAUNAY,3.557377049180328
BORDERLINE1,3.9754098360655736
