index,0
DELAUNAY,2.9672131147540983
SMOTE,3.3442622950819674
BORDERLINE2,3.5
SMOTE_SVM,3.5245901639344264
ORIGINAL,3.5327868852459017
BORDERLINE1,4.131147540983607
