index,0
SMOTE_SVM,2.7868852459016393
DELAUNAY,3.1885245901639343
SMOTE,3.262295081967213
BORDERLINE1,3.622950819672131
BORDERLINE2,3.7131147540983607
ORIGINAL,4.426229508196721
