index,0
SMOTE_SVM,3.221311475409836
SMOTE,3.30327868852459
ORIGINAL,3.3114754098360657
BORDERLINE2,3.4098360655737703
DELAUNAY,3.7868852459016393
BORDERLINE1,3.9672131147540983
