index,0
SMOTE,3.2459016393442623
SMOTE_SVM,3.377049180327869
BORDERLINE2,3.3934426229508197
ORIGINAL,3.401639344262295
DELAUNAY,3.6557377049180326
BORDERLINE1,3.9262295081967213
