index,0
SMOTE,3.262295081967213
ORIGINAL,3.377049180327869
SMOTE_SVM,3.377049180327869
BORDERLINE2,3.401639344262295
DELAUNAY,3.5491803278688523
BORDERLINE1,4.032786885245901
