index,0
BORDERLINE1,3.0
DELAUNAY,3.0901639344262297
SMOTE_SVM,3.221311475409836
SMOTE,3.2295081967213113
BORDERLINE2,3.2540983606557377
ORIGINAL,5.204918032786885
