index,0
BORDERLINE2,2.877049180327869
DELAUNAY,3.0245901639344264
SMOTE_SVM,3.1557377049180326
SMOTE,3.2950819672131146
BORDERLINE1,3.418032786885246
ORIGINAL,5.229508196721311
