index,0
DELAUNAY,2.8524590163934427
SMOTE,2.9098360655737703
BORDERLINE2,2.959016393442623
BORDERLINE1,3.139344262295082
SMOTE_SVM,3.4262295081967213
ORIGINAL,5.713114754098361
