index,0
SMOTE,2.69672131147541
SMOTE_SVM,3.1475409836065573
ORIGINAL,3.4754098360655736
BORDERLINE1,3.762295081967213
BORDERLINE2,3.762295081967213
DELAUNAY,4.155737704918033
