index,0
BORDERLINE2,2.5901639344262297
BORDERLINE1,2.762295081967213
SMOTE,2.7704918032786887
SMOTE_SVM,3.1557377049180326
DELAUNAY,4.155737704918033
ORIGINAL,5.565573770491803
