index,0
BORDERLINE2,2.7295081967213113
SMOTE,2.7459016393442623
BORDERLINE1,2.877049180327869
SMOTE_SVM,3.2459016393442623
DELAUNAY,3.7950819672131146
ORIGINAL,5.60655737704918
