index,0
SMOTE,3.180327868852459
SMOTE_SVM,3.319672131147541
BORDERLINE2,3.3278688524590163
ORIGINAL,3.3524590163934427
DELAUNAY,3.8442622950819674
BORDERLINE1,3.9754098360655736
