index,0
SMOTE,2.9754098360655736
SMOTE_SVM,3.0901639344262297
BORDERLINE1,3.2131147540983607
DELAUNAY,3.2459016393442623
BORDERLINE2,3.5
ORIGINAL,4.975409836065574
