index,0
SMOTE,2.8114754098360657
DELAUNAY,2.959016393442623
SMOTE_SVM,3.4754098360655736
ORIGINAL,3.6557377049180326
BORDERLINE1,3.9918032786885247
BORDERLINE2,4.10655737704918
