index,0
SMOTE_SVM,2.639344262295082
SMOTE,3.2131147540983607
DELAUNAY,3.5081967213114753
BORDERLINE1,3.6311475409836067
BORDERLINE2,3.7131147540983607
ORIGINAL,4.295081967213115
