index,0
BORDERLINE1,3.0163934426229506
SMOTE_SVM,3.0327868852459017
DELAUNAY,3.0901639344262297
BORDERLINE2,3.3688524590163933
SMOTE,3.4836065573770494
ORIGINAL,5.008196721311475
