index,0
SMOTE_SVM,2.819672131147541
SMOTE,3.081967213114754
DELAUNAY,3.2704918032786887
BORDERLINE2,3.4918032786885247
BORDERLINE1,3.6721311475409837
ORIGINAL,4.663934426229508
