index,0
SMOTE,3.0491803278688523
SMOTE_SVM,3.1065573770491803
BORDERLINE2,3.139344262295082
DELAUNAY,3.237704918032787
BORDERLINE1,3.262295081967213
ORIGINAL,5.204918032786885
