index,0
SMOTE,2.622950819672131
SMOTE_SVM,3.2459016393442623
ORIGINAL,3.4508196721311477
BORDERLINE1,3.7049180327868854
BORDERLINE2,3.762295081967213
DELAUNAY,4.213114754098361
