index,0
BORDERLINE2,2.9672131147540983
SMOTE_SVM,3.1147540983606556
SMOTE,3.221311475409836
DELAUNAY,3.237704918032787
BORDERLINE1,3.5163934426229506
ORIGINAL,4.942622950819672
