index,0
SMOTE,2.959016393442623
SMOTE_SVM,3.0737704918032787
DELAUNAY,3.081967213114754
BORDERLINE1,3.1147540983606556
BORDERLINE2,3.7540983606557377
ORIGINAL,5.016393442622951
