index,0
SMOTE_SVM,2.8278688524590163
SMOTE,3.081967213114754
DELAUNAY,3.459016393442623
BORDERLINE2,3.4672131147540983
BORDERLINE1,3.622950819672131
ORIGINAL,4.540983606557377
