index,0
DELAUNAY,2.8524590163934427
BORDERLINE2,3.1885245901639343
SMOTE_SVM,3.19672131147541
SMOTE,3.2049180327868854
BORDERLINE1,3.377049180327869
ORIGINAL,5.180327868852459
