index,0
BORDERLINE1,2.8852459016393444
SMOTE,3.040983606557377
SMOTE_SVM,3.122950819672131
BORDERLINE2,3.262295081967213
DELAUNAY,3.3114754098360657
ORIGINAL,5.377049180327869
