index,0
SMOTE_SVM,2.737704918032787
DELAUNAY,3.0901639344262297
SMOTE,3.2295081967213113
BORDERLINE1,3.6885245901639343
BORDERLINE2,3.860655737704918
ORIGINAL,4.39344262295082
