index,0
SMOTE_SVM,3.19672131147541
SMOTE,3.2540983606557377
ORIGINAL,3.2868852459016393
BORDERLINE2,3.3934426229508197
DELAUNAY,3.901639344262295
BORDERLINE1,3.9672131147540983
