index,0
SMOTE,2.9672131147540983
DELAUNAY,3.0245901639344264
SMOTE_SVM,3.0655737704918034
BORDERLINE1,3.1639344262295084
BORDERLINE2,3.762295081967213
ORIGINAL,5.016393442622951
