index,0
DELAUNAY,3.2295081967213113
SMOTE,3.237704918032787
ORIGINAL,3.4754098360655736
SMOTE_SVM,3.4918032786885247
BORDERLINE2,3.5
BORDERLINE1,4.065573770491803
