index,0
SMOTE,2.8852459016393444
BORDERLINE1,3.057377049180328
SMOTE_SVM,3.1065573770491803
BORDERLINE2,3.4672131147540983
DELAUNAY,3.6065573770491803
ORIGINAL,4.877049180327869
