index,0
BORDERLINE1,2.8114754098360657
SMOTE,3.122950819672131
BORDERLINE2,3.1311475409836067
DELAUNAY,3.180327868852459
SMOTE_SVM,3.2295081967213113
ORIGINAL,5.524590163934426
