index,0
SMOTE,2.8442622950819674
SMOTE_SVM,2.877049180327869
BORDERLINE1,3.0163934426229506
BORDERLINE2,3.557377049180328
DELAUNAY,3.8442622950819674
ORIGINAL,4.860655737704918
