index,0
SMOTE,2.80327868852459
DELAUNAY,3.319672131147541
SMOTE_SVM,3.3360655737704916
ORIGINAL,3.581967213114754
BORDERLINE1,3.9344262295081966
BORDERLINE2,4.024590163934426
