index,0
SMOTE,2.9672131147540983
BORDERLINE1,3.0327868852459017
SMOTE_SVM,3.139344262295082
DELAUNAY,3.4836065573770494
BORDERLINE2,3.5163934426229506
ORIGINAL,4.860655737704918
