index,0
BORDERLINE1,2.942622950819672
SMOTE,3.0327868852459017
SMOTE_SVM,3.1475409836065573
DELAUNAY,3.180327868852459
BORDERLINE2,3.319672131147541
ORIGINAL,5.377049180327869
