index,0
BORDERLINE2,2.639344262295082
SMOTE,2.762295081967213
BORDERLINE1,2.8114754098360657
SMOTE_SVM,3.139344262295082
DELAUNAY,4.057377049180328
ORIGINAL,5.590163934426229
