index,0
SMOTE,2.7459016393442623
SMOTE_SVM,3.2868852459016393
DELAUNAY,3.442622950819672
ORIGINAL,3.598360655737705
BORDERLINE1,3.901639344262295
BORDERLINE2,4.024590163934426
