index,0
SMOTE,2.819672131147541
DELAUNAY,3.1639344262295084
SMOTE_SVM,3.3524590163934427
ORIGINAL,3.69672131147541
BORDERLINE1,3.9508196721311477
BORDERLINE2,4.016393442622951
