index,0
BORDERLINE2,2.942622950819672
SMOTE_SVM,3.1147540983606556
DELAUNAY,3.139344262295082
SMOTE,3.2704918032786887
BORDERLINE1,3.5491803278688523
ORIGINAL,4.983606557377049
