index,0
DELAUNAY,2.69672131147541
BORDERLINE2,2.860655737704918
SMOTE,3.3278688524590163
SMOTE_SVM,3.3278688524590163
BORDERLINE1,3.540983606557377
ORIGINAL,5.245901639344262
