index,0
BORDERLINE1,2.9344262295081966
SMOTE_SVM,3.1475409836065573
SMOTE,3.221311475409836
BORDERLINE2,3.2704918032786887
DELAUNAY,3.2704918032786887
ORIGINAL,5.155737704918033
