index,0
SMOTE_SVM,2.942622950819672
SMOTE,3.0
BORDERLINE2,3.098360655737705
BORDERLINE1,3.2868852459016393
DELAUNAY,3.6311475409836067
ORIGINAL,5.040983606557377
