index,0
SMOTE,2.7459016393442623
SMOTE_SVM,3.319672131147541
DELAUNAY,3.459016393442623
ORIGINAL,3.6557377049180326
BORDERLINE1,3.877049180327869
BORDERLINE2,3.942622950819672
