index,0
SMOTE,2.6721311475409837
SMOTE_SVM,3.139344262295082
ORIGINAL,3.5655737704918034
BORDERLINE1,3.7295081967213113
BORDERLINE2,3.901639344262295
DELAUNAY,3.9918032786885247
