index,0
SMOTE,2.80327868852459
SMOTE_SVM,2.8360655737704916
BORDERLINE1,2.9836065573770494
BORDERLINE2,3.598360655737705
DELAUNAY,3.80327868852459
ORIGINAL,4.975409836065574
