index,0
DELAUNAY,2.8688524590163933
SMOTE,3.081967213114754
BORDERLINE1,3.1475409836065573
SMOTE_SVM,3.2540983606557377
BORDERLINE2,3.7295081967213113
ORIGINAL,4.918032786885246
