index,0
SMOTE,2.9262295081967213
SMOTE_SVM,3.1475409836065573
DELAUNAY,3.221311475409836
BORDERLINE1,3.2540983606557377
BORDERLINE2,3.4918032786885247
ORIGINAL,4.959016393442623
