index,0
SMOTE,3.0
BORDERLINE1,3.0655737704918034
SMOTE_SVM,3.1721311475409837
DELAUNAY,3.278688524590164
BORDERLINE2,3.598360655737705
ORIGINAL,4.885245901639344
