index,0
SMOTE,2.8360655737704916
SMOTE_SVM,3.0
BORDERLINE1,3.0491803278688523
DELAUNAY,3.4836065573770494
BORDERLINE2,3.6557377049180326
ORIGINAL,4.975409836065574
