index,0
BORDERLINE2,2.8852459016393444
SMOTE,2.9262295081967213
BORDERLINE1,3.0491803278688523
DELAUNAY,3.0491803278688523
SMOTE_SVM,3.442622950819672
ORIGINAL,5.647540983606557
