index,0
DELAUNAY,2.7459016393442623
BORDERLINE2,2.7868852459016393
SMOTE_SVM,3.2950819672131146
SMOTE,3.4098360655737703
BORDERLINE1,3.4918032786885247
ORIGINAL,5.270491803278689
