index,0
SMOTE,2.7295081967213113
DELAUNAY,3.2459016393442623
SMOTE_SVM,3.4508196721311477
ORIGINAL,3.6147540983606556
BORDERLINE1,3.918032786885246
BORDERLINE2,4.040983606557377
