index,0
SMOTE,2.8934426229508197
SMOTE_SVM,3.040983606557377
BORDERLINE1,3.1885245901639343
DELAUNAY,3.2950819672131146
BORDERLINE2,3.7049180327868854
ORIGINAL,4.877049180327869
