index,0
DELAUNAY,2.8442622950819674
BORDERLINE2,2.901639344262295
SMOTE,3.0327868852459017
BORDERLINE1,3.1065573770491803
SMOTE_SVM,3.4508196721311477
ORIGINAL,5.663934426229508
