index,0
BORDERLINE2,2.942622950819672
DELAUNAY,3.0245901639344264
SMOTE_SVM,3.139344262295082
SMOTE,3.30327868852459
BORDERLINE1,3.5901639344262297
ORIGINAL,5.0
