index,0
SMOTE,2.8278688524590163
DELAUNAY,3.0163934426229506
SMOTE_SVM,3.4508196721311477
ORIGINAL,3.639344262295082
BORDERLINE1,3.9918032786885247
BORDERLINE2,4.073770491803279
