index,0
SMOTE,2.8688524590163933
BORDERLINE2,2.8852459016393444
BORDERLINE1,3.0327868852459017
DELAUNAY,3.040983606557377
SMOTE_SVM,3.442622950819672
ORIGINAL,5.729508196721311
