index,0
SMOTE_SVM,2.762295081967213
SMOTE,3.1885245901639343
DELAUNAY,3.401639344262295
BORDERLINE1,3.6065573770491803
BORDERLINE2,3.6885245901639343
ORIGINAL,4.352459016393443
