index,0
DELAUNAY,2.9836065573770494
SMOTE_SVM,3.0655737704918034
BORDERLINE1,3.1065573770491803
BORDERLINE2,3.401639344262295
SMOTE,3.4836065573770494
ORIGINAL,4.959016393442623
