index,0
BORDERLINE1,2.8278688524590163
SMOTE,2.901639344262295
SMOTE_SVM,3.0655737704918034
BORDERLINE2,3.1557377049180326
DELAUNAY,3.680327868852459
ORIGINAL,5.368852459016393
