index,0
SMOTE,2.9344262295081966
SMOTE_SVM,3.0491803278688523
DELAUNAY,3.1311475409836067
BORDERLINE1,3.1639344262295084
BORDERLINE2,3.737704918032787
ORIGINAL,4.983606557377049
