index,0
BORDERLINE1,2.819672131147541
SMOTE_SVM,2.9262295081967213
BORDERLINE2,3.2704918032786887
SMOTE,3.30327868852459
DELAUNAY,3.762295081967213
ORIGINAL,4.918032786885246
