index,0
SMOTE_SVM,2.9508196721311477
SMOTE,3.0737704918032787
BORDERLINE2,3.0901639344262297
BORDERLINE1,3.2459016393442623
DELAUNAY,3.581967213114754
ORIGINAL,5.057377049180328
