index,0
DELAUNAY,3.0
SMOTE_SVM,3.0655737704918034
BORDERLINE2,3.1639344262295084
SMOTE,3.262295081967213
BORDERLINE1,3.401639344262295
ORIGINAL,5.10655737704918
