index,0
BORDERLINE2,2.7459016393442623
SMOTE_SVM,3.0737704918032787
SMOTE,3.1885245901639343
BORDERLINE1,3.319672131147541
DELAUNAY,3.5
ORIGINAL,5.172131147540983
