index,0
SMOTE,2.8524590163934427
SMOTE_SVM,2.9098360655737703
BORDERLINE1,3.0245901639344264
DELAUNAY,3.581967213114754
BORDERLINE2,3.6557377049180326
ORIGINAL,4.975409836065574
