index,0
DELAUNAY,2.877049180327869
BORDERLINE2,2.959016393442623
SMOTE,2.9672131147540983
BORDERLINE1,3.1147540983606556
SMOTE_SVM,3.4344262295081966
ORIGINAL,5.647540983606557
