index,0
BORDERLINE1,2.9672131147540983
SMOTE,3.0327868852459017
DELAUNAY,3.1147540983606556
SMOTE_SVM,3.19672131147541
BORDERLINE2,3.3114754098360657
ORIGINAL,5.377049180327869
