index,0
BORDERLINE2,2.877049180327869
SMOTE_SVM,3.0327868852459017
SMOTE,3.2131147540983607
BORDERLINE1,3.442622950819672
DELAUNAY,3.5
ORIGINAL,4.934426229508197
