index,0
SMOTE,2.622950819672131
SMOTE_SVM,3.360655737704918
ORIGINAL,3.5
DELAUNAY,3.7459016393442623
BORDERLINE1,3.8360655737704916
BORDERLINE2,3.9344262295081966
