index,0
DELAUNAY,2.557377049180328
BORDERLINE2,2.901639344262295
SMOTE_SVM,3.319672131147541
SMOTE,3.401639344262295
BORDERLINE1,3.5655737704918034
ORIGINAL,5.254098360655738
