index,0
SMOTE,2.6721311475409837
SMOTE_SVM,3.2950819672131146
ORIGINAL,3.5081967213114753
DELAUNAY,3.721311475409836
BORDERLINE1,3.877049180327869
BORDERLINE2,3.9262295081967213
