index,0
SMOTE_SVM,3.0
SMOTE,3.1721311475409837
BORDERLINE2,3.180327868852459
DELAUNAY,3.221311475409836
BORDERLINE1,3.3360655737704916
ORIGINAL,5.090163934426229
