index,0
BORDERLINE2,2.7131147540983607
SMOTE_SVM,3.0737704918032787
SMOTE,3.1885245901639343
BORDERLINE1,3.360655737704918
DELAUNAY,3.4344262295081966
ORIGINAL,5.229508196721311
