index,0
SMOTE,2.918032786885246
SMOTE_SVM,3.057377049180328
BORDERLINE1,3.1065573770491803
DELAUNAY,3.1721311475409837
BORDERLINE2,3.762295081967213
ORIGINAL,4.983606557377049
