index,0
SMOTE_SVM,2.9098360655737703
SMOTE,3.0081967213114753
BORDERLINE2,3.0163934426229506
BORDERLINE1,3.1721311475409837
DELAUNAY,3.9672131147540983
ORIGINAL,4.926229508196721
