index,0
BORDERLINE2,2.8360655737704916
SMOTE_SVM,3.057377049180328
SMOTE,3.1475409836065573
BORDERLINE1,3.4508196721311477
DELAUNAY,3.5245901639344264
ORIGINAL,4.983606557377049
