index,0
SMOTE_SVM,2.7868852459016393
SMOTE,3.081967213114754
DELAUNAY,3.377049180327869
BORDERLINE2,3.557377049180328
BORDERLINE1,3.639344262295082
ORIGINAL,4.557377049180328
