index,0
SMOTE,2.9262295081967213
BORDERLINE1,3.0
SMOTE_SVM,3.0245901639344264
BORDERLINE2,3.4508196721311477
DELAUNAY,3.8114754098360657
ORIGINAL,4.786885245901639
