index,0
BORDERLINE1,2.7950819672131146
SMOTE,3.0901639344262297
BORDERLINE2,3.139344262295082
SMOTE_SVM,3.1557377049180326
DELAUNAY,3.2950819672131146
ORIGINAL,5.524590163934426
