index,0
SMOTE,2.762295081967213
SMOTE_SVM,3.2868852459016393
DELAUNAY,3.4754098360655736
ORIGINAL,3.581967213114754
BORDERLINE1,3.8934426229508197
BORDERLINE2,4.0
