index,0
BORDERLINE2,2.778688524590164
SMOTE,2.860655737704918
BORDERLINE1,2.9918032786885247
DELAUNAY,3.3278688524590163
SMOTE_SVM,3.360655737704918
ORIGINAL,5.680327868852459
