index,0
SMOTE_SVM,3.0491803278688523
SMOTE,3.1147540983606556
BORDERLINE2,3.1639344262295084
DELAUNAY,3.278688524590164
BORDERLINE1,3.319672131147541
ORIGINAL,5.073770491803279
