index,0
DELAUNAY,3.0
SMOTE_SVM,3.098360655737705
BORDERLINE2,3.180327868852459
SMOTE,3.2295081967213113
BORDERLINE1,3.3852459016393444
ORIGINAL,5.10655737704918
