index,0
BORDERLINE2,3.0737704918032787
SMOTE,3.098360655737705
SMOTE_SVM,3.098360655737705
BORDERLINE1,3.262295081967213
DELAUNAY,3.401639344262295
ORIGINAL,5.065573770491803
