index,0
BORDERLINE2,2.9672131147540983
SMOTE,3.0163934426229506
SMOTE_SVM,3.0491803278688523
BORDERLINE1,3.262295081967213
DELAUNAY,3.5737704918032787
ORIGINAL,5.131147540983607
