index,0
SMOTE,2.9098360655737703
SMOTE_SVM,3.040983606557377
BORDERLINE1,3.2131147540983607
DELAUNAY,3.4098360655737703
BORDERLINE2,3.442622950819672
ORIGINAL,4.983606557377049
