index,0
SMOTE,2.9508196721311477
SMOTE_SVM,3.0163934426229506
BORDERLINE1,3.19672131147541
DELAUNAY,3.2704918032786887
BORDERLINE2,3.69672131147541
ORIGINAL,4.868852459016393
