index,0
SMOTE,2.942622950819672
SMOTE_SVM,3.0655737704918034
DELAUNAY,3.180327868852459
BORDERLINE1,3.221311475409836
BORDERLINE2,3.69672131147541
ORIGINAL,4.89344262295082
