index,0
SMOTE,2.7950819672131146
DELAUNAY,3.1065573770491803
SMOTE_SVM,3.4672131147540983
ORIGINAL,3.639344262295082
BORDERLINE1,3.959016393442623
BORDERLINE2,4.032786885245901
