index,0
SMOTE,2.9098360655737703
DELAUNAY,2.9508196721311477
BORDERLINE2,2.9672131147540983
BORDERLINE1,3.0245901639344264
SMOTE_SVM,3.4508196721311477
ORIGINAL,5.69672131147541
