index,0
SMOTE_SVM,2.959016393442623
BORDERLINE2,3.057377049180328
SMOTE,3.0737704918032787
BORDERLINE1,3.1721311475409837
DELAUNAY,3.8278688524590163
ORIGINAL,4.909836065573771
