index,0
SMOTE,2.9262295081967213
SMOTE_SVM,3.0245901639344264
BORDERLINE1,3.1311475409836067
DELAUNAY,3.2049180327868854
BORDERLINE2,3.7295081967213113
ORIGINAL,4.983606557377049
