index,0
SMOTE,3.221311475409836
SMOTE_SVM,3.401639344262295
BORDERLINE2,3.418032786885246
ORIGINAL,3.4754098360655736
DELAUNAY,3.5
BORDERLINE1,3.9836065573770494
