index,0
SMOTE,2.680327868852459
SMOTE_SVM,3.4262295081967213
DELAUNAY,3.557377049180328
ORIGINAL,3.581967213114754
BORDERLINE1,3.8278688524590163
BORDERLINE2,3.9262295081967213
