index,0
BORDERLINE1,2.942622950819672
SMOTE_SVM,3.098360655737705
SMOTE,3.1639344262295084
BORDERLINE2,3.237704918032787
DELAUNAY,3.3934426229508197
ORIGINAL,5.163934426229508
