index,0
DELAUNAY,2.8114754098360657
BORDERLINE2,2.959016393442623
SMOTE_SVM,3.221311475409836
SMOTE,3.3934426229508197
BORDERLINE1,3.6147540983606556
ORIGINAL,5.0
