index,0
SMOTE,2.737704918032787
SMOTE_SVM,3.2704918032786887
ORIGINAL,3.557377049180328
DELAUNAY,3.5655737704918034
BORDERLINE1,3.8688524590163933
BORDERLINE2,4.0
