index,0
SMOTE,2.5081967213114753
SMOTE_SVM,3.319672131147541
ORIGINAL,3.4836065573770494
BORDERLINE1,3.7704918032786887
BORDERLINE2,3.9098360655737703
DELAUNAY,4.008196721311475
