index,0
DELAUNAY,2.7704918032786887
SMOTE,3.1639344262295084
BORDERLINE1,3.2131147540983607
SMOTE_SVM,3.278688524590164
BORDERLINE2,3.7459016393442623
ORIGINAL,4.827868852459017
