index,0
BORDERLINE1,2.7704918032786887
BORDERLINE2,3.0737704918032787
SMOTE,3.081967213114754
SMOTE_SVM,3.2049180327868854
DELAUNAY,3.3442622950819674
ORIGINAL,5.524590163934426
