index,0
SMOTE,2.860655737704918
SMOTE_SVM,3.0245901639344264
BORDERLINE1,3.19672131147541
DELAUNAY,3.377049180327869
BORDERLINE2,3.6721311475409837
ORIGINAL,4.868852459016393
