index,0
BORDERLINE1,2.860655737704918
SMOTE_SVM,2.918032786885246
BORDERLINE2,3.30327868852459
SMOTE,3.3852459016393444
DELAUNAY,3.5901639344262297
ORIGINAL,4.942622950819672
