index,0
BORDERLINE1,2.8524590163934427
SMOTE,3.0245901639344264
BORDERLINE2,3.098360655737705
SMOTE_SVM,3.1557377049180326
DELAUNAY,3.3524590163934427
ORIGINAL,5.516393442622951
