index,0
DELAUNAY,2.762295081967213
BORDERLINE1,3.0901639344262297
BORDERLINE2,3.2131147540983607
SMOTE,3.2295081967213113
SMOTE_SVM,3.3852459016393444
ORIGINAL,5.319672131147541
