index,0
BORDERLINE1,2.8934426229508197
SMOTE,2.9754098360655736
SMOTE_SVM,3.122950819672131
BORDERLINE2,3.2295081967213113
DELAUNAY,3.3934426229508197
ORIGINAL,5.385245901639344
