index,0
DELAUNAY,2.942622950819672
BORDERLINE2,3.0081967213114753
SMOTE_SVM,3.19672131147541
SMOTE,3.262295081967213
BORDERLINE1,3.598360655737705
ORIGINAL,4.991803278688525
