index,0
BORDERLINE2,2.778688524590164
SMOTE,2.7950819672131146
BORDERLINE1,2.8688524590163933
SMOTE_SVM,3.221311475409836
DELAUNAY,3.639344262295082
ORIGINAL,5.69672131147541
