index,0
DELAUNAY,3.0163934426229506
SMOTE_SVM,3.081967213114754
SMOTE,3.1721311475409837
BORDERLINE2,3.1885245901639343
BORDERLINE1,3.4262295081967213
ORIGINAL,5.114754098360656
