index,0
SMOTE_SVM,3.2049180327868854
SMOTE,3.3360655737704916
ORIGINAL,3.360655737704918
BORDERLINE2,3.3934426229508197
DELAUNAY,3.7868852459016393
BORDERLINE1,3.918032786885246
