index,0
SMOTE,2.7704918032786887
DELAUNAY,3.278688524590164
SMOTE_SVM,3.3114754098360657
ORIGINAL,3.622950819672131
BORDERLINE1,3.959016393442623
BORDERLINE2,4.057377049180328
