index,0
BORDERLINE1,2.8360655737704916
SMOTE_SVM,3.0163934426229506
SMOTE,3.180327868852459
BORDERLINE2,3.2049180327868854
DELAUNAY,3.5655737704918034
ORIGINAL,5.19672131147541
