index,0
SMOTE,2.5491803278688523
SMOTE_SVM,3.122950819672131
ORIGINAL,3.4754098360655736
BORDERLINE1,3.8442622950819674
BORDERLINE2,3.8934426229508197
DELAUNAY,4.114754098360656
