index,0
SMOTE,3.0491803278688523
BORDERLINE1,3.081967213114754
SMOTE_SVM,3.1721311475409837
DELAUNAY,3.2704918032786887
BORDERLINE2,3.581967213114754
ORIGINAL,4.844262295081967
