index,0
BORDERLINE2,2.7868852459016393
DELAUNAY,3.1147540983606556
SMOTE_SVM,3.1885245901639343
SMOTE,3.19672131147541
BORDERLINE1,3.4918032786885247
ORIGINAL,5.221311475409836
