index,0
BORDERLINE2,2.860655737704918
SMOTE_SVM,3.0655737704918034
SMOTE,3.2131147540983607
DELAUNAY,3.418032786885246
BORDERLINE1,3.4754098360655736
ORIGINAL,4.967213114754099
