index,0
BORDERLINE1,2.8114754098360657
SMOTE,3.0
BORDERLINE2,3.057377049180328
SMOTE_SVM,3.122950819672131
DELAUNAY,3.4836065573770494
ORIGINAL,5.524590163934426
