index,0
SMOTE,2.9836065573770494
BORDERLINE1,3.0655737704918034
SMOTE_SVM,3.2049180327868854
DELAUNAY,3.3278688524590163
BORDERLINE2,3.5655737704918034
ORIGINAL,4.852459016393443
