index,0
SMOTE_SVM,3.1721311475409837
SMOTE,3.2540983606557377
ORIGINAL,3.30327868852459
BORDERLINE2,3.3114754098360657
BORDERLINE1,3.9344262295081966
DELAUNAY,4.024590163934426
