index,0
SMOTE,2.877049180327869
SMOTE_SVM,2.9344262295081966
BORDERLINE1,3.1065573770491803
DELAUNAY,3.5901639344262297
BORDERLINE2,3.622950819672131
ORIGINAL,4.868852459016393
