index,0
BORDERLINE1,2.877049180327869
SMOTE,3.0737704918032787
BORDERLINE2,3.1475409836065573
SMOTE_SVM,3.1721311475409837
DELAUNAY,3.2049180327868854
ORIGINAL,5.524590163934426
