index,0
BORDERLINE2,2.721311475409836
SMOTE,2.7950819672131146
BORDERLINE1,2.877049180327869
SMOTE_SVM,3.1885245901639343
DELAUNAY,3.8360655737704916
ORIGINAL,5.581967213114754
