index,0
DELAUNAY,3.0491803278688523
SMOTE_SVM,3.3442622950819674
ORIGINAL,3.459016393442623
SMOTE,3.4918032786885247
BORDERLINE2,3.5327868852459017
BORDERLINE1,4.122950819672131
