index,0
BORDERLINE1,2.959016393442623
SMOTE,3.0081967213114753
SMOTE_SVM,3.139344262295082
DELAUNAY,3.2049180327868854
BORDERLINE2,3.3114754098360657
ORIGINAL,5.377049180327869
