index,0
DELAUNAY,2.9098360655737703
SMOTE,3.0081967213114753
SMOTE_SVM,3.1885245901639343
BORDERLINE1,3.2540983606557377
BORDERLINE2,3.639344262295082
ORIGINAL,5.0
