index,0
SMOTE_SVM,3.0
BORDERLINE1,3.0327868852459017
DELAUNAY,3.1475409836065573
SMOTE,3.4098360655737703
BORDERLINE2,3.418032786885246
ORIGINAL,4.991803278688525
