index,0
SMOTE,3.0327868852459017
SMOTE_SVM,3.122950819672131
BORDERLINE2,3.1311475409836067
BORDERLINE1,3.221311475409836
DELAUNAY,3.319672131147541
ORIGINAL,5.172131147540983
