index,0
SMOTE,2.9918032786885247
SMOTE_SVM,3.0737704918032787
DELAUNAY,3.122950819672131
BORDERLINE1,3.2131147540983607
BORDERLINE2,3.69672131147541
ORIGINAL,4.901639344262295
