index,0
SMOTE_SVM,3.2131147540983607
SMOTE,3.2950819672131146
ORIGINAL,3.3360655737704916
BORDERLINE2,3.3360655737704916
DELAUNAY,3.8524590163934427
BORDERLINE1,3.9672131147540983
