index,0
SMOTE,2.721311475409836
DELAUNAY,3.3688524590163933
SMOTE_SVM,3.442622950819672
ORIGINAL,3.5655737704918034
BORDERLINE1,3.8934426229508197
BORDERLINE2,4.008196721311475
