index,0
BORDERLINE2,2.819672131147541
SMOTE,2.9508196721311477
BORDERLINE1,2.9836065573770494
DELAUNAY,3.237704918032787
SMOTE_SVM,3.3442622950819674
ORIGINAL,5.663934426229508
