index,0
SMOTE,2.762295081967213
BORDERLINE1,2.7868852459016393
SMOTE_SVM,2.9098360655737703
BORDERLINE2,3.0901639344262297
DELAUNAY,4.131147540983607
ORIGINAL,5.319672131147541
