index,0
SMOTE,2.8278688524590163
SMOTE_SVM,2.8934426229508197
BORDERLINE1,3.0
BORDERLINE2,3.622950819672131
DELAUNAY,3.69672131147541
ORIGINAL,4.959016393442623
