index,0
SMOTE,2.8442622950819674
DELAUNAY,3.040983606557377
SMOTE_SVM,3.4098360655737703
ORIGINAL,3.639344262295082
BORDERLINE1,3.9918032786885247
BORDERLINE2,4.073770491803279
