index,0
SMOTE,2.9754098360655736
SMOTE_SVM,3.057377049180328
DELAUNAY,3.1721311475409837
BORDERLINE1,3.180327868852459
BORDERLINE2,3.7295081967213113
ORIGINAL,4.885245901639344
