index,0
SMOTE,2.9754098360655736
BORDERLINE1,3.0327868852459017
SMOTE_SVM,3.081967213114754
BORDERLINE2,3.540983606557377
DELAUNAY,3.540983606557377
ORIGINAL,4.827868852459017
