index,0
SMOTE,2.762295081967213
DELAUNAY,3.2459016393442623
SMOTE_SVM,3.3360655737704916
ORIGINAL,3.6639344262295084
BORDERLINE1,3.9344262295081966
BORDERLINE2,4.057377049180328
