index,0
SMOTE,2.6721311475409837
SMOTE_SVM,3.4836065573770494
DELAUNAY,3.5081967213114753
ORIGINAL,3.540983606557377
BORDERLINE1,3.819672131147541
BORDERLINE2,3.9754098360655736
