index,0
BORDERLINE1,2.8278688524590163
SMOTE,2.918032786885246
BORDERLINE2,2.9754098360655736
SMOTE_SVM,3.122950819672131
DELAUNAY,3.860655737704918
ORIGINAL,5.295081967213115
