index,0
DELAUNAY,3.1311475409836067
SMOTE,3.3360655737704916
BORDERLINE2,3.442622950819672
ORIGINAL,3.540983606557377
SMOTE_SVM,3.557377049180328
BORDERLINE1,3.9918032786885247
