index,0
BORDERLINE1,2.9344262295081966
BORDERLINE2,3.081967213114754
SMOTE,3.1311475409836067
SMOTE_SVM,3.221311475409836
DELAUNAY,3.3934426229508197
ORIGINAL,5.237704918032787
