index,0
BORDERLINE2,2.721311475409836
SMOTE,2.7704918032786887
BORDERLINE1,2.8278688524590163
SMOTE_SVM,3.2131147540983607
DELAUNAY,3.762295081967213
ORIGINAL,5.704918032786885
