index,0
DELAUNAY,2.9918032786885247
BORDERLINE1,3.057377049180328
BORDERLINE2,3.139344262295082
SMOTE,3.2049180327868854
SMOTE_SVM,3.30327868852459
ORIGINAL,5.30327868852459
