index,0
SMOTE,2.901639344262295
SMOTE_SVM,3.0245901639344264
BORDERLINE1,3.1639344262295084
DELAUNAY,3.3934426229508197
BORDERLINE2,3.6721311475409837
ORIGINAL,4.844262295081967
