index,0
SMOTE,2.860655737704918
SMOTE_SVM,3.040983606557377
BORDERLINE1,3.139344262295082
DELAUNAY,3.418032786885246
BORDERLINE2,3.6639344262295084
ORIGINAL,4.877049180327869
