index,0
SMOTE_SVM,2.819672131147541
SMOTE,3.098360655737705
DELAUNAY,3.5245901639344264
BORDERLINE1,3.540983606557377
BORDERLINE2,3.581967213114754
ORIGINAL,4.434426229508197
