index,0
SMOTE,2.860655737704918
SMOTE_SVM,2.9672131147540983
BORDERLINE1,3.1475409836065573
DELAUNAY,3.5245901639344264
BORDERLINE2,3.6147540983606556
ORIGINAL,4.885245901639344
