index,0
DELAUNAY,2.7459016393442623
BORDERLINE2,2.819672131147541
SMOTE_SVM,3.30327868852459
SMOTE,3.3688524590163933
BORDERLINE1,3.4918032786885247
ORIGINAL,5.270491803278689
