index,0
SMOTE,2.8688524590163933
SMOTE_SVM,2.9754098360655736
BORDERLINE1,3.1311475409836067
DELAUNAY,3.5163934426229506
BORDERLINE2,3.6311475409836067
ORIGINAL,4.877049180327869
