index,0
SMOTE_SVM,2.8524590163934427
SMOTE,2.9508196721311477
BORDERLINE2,3.0081967213114753
BORDERLINE1,3.1721311475409837
DELAUNAY,4.0
ORIGINAL,5.016393442622951
