index,0
SMOTE_SVM,2.8114754098360657
SMOTE,3.2049180327868854
DELAUNAY,3.2540983606557377
BORDERLINE1,3.6065573770491803
BORDERLINE2,3.737704918032787
ORIGINAL,4.385245901639344
