index,0
SMOTE_SVM,2.69672131147541
SMOTE,3.057377049180328
BORDERLINE1,3.5491803278688523
DELAUNAY,3.69672131147541
BORDERLINE2,3.721311475409836
ORIGINAL,4.278688524590164
