index,0
DELAUNAY,2.8114754098360657
BORDERLINE2,2.9098360655737703
SMOTE,3.0737704918032787
BORDERLINE1,3.1475409836065573
SMOTE_SVM,3.442622950819672
ORIGINAL,5.614754098360656
