index,0
SMOTE,3.221311475409836
BORDERLINE2,3.377049180327869
SMOTE_SVM,3.4672131147540983
DELAUNAY,3.5
ORIGINAL,3.5491803278688523
BORDERLINE1,3.8852459016393444
