index,0
BORDERLINE1,2.778688524590164
SMOTE,2.9262295081967213
BORDERLINE2,3.0
SMOTE_SVM,3.0163934426229506
DELAUNAY,3.7540983606557377
ORIGINAL,5.524590163934426
