index,0
SMOTE,2.557377049180328
SMOTE_SVM,3.2868852459016393
ORIGINAL,3.4836065573770494
BORDERLINE1,3.6885245901639343
BORDERLINE2,3.8114754098360657
DELAUNAY,4.172131147540983
