index,0
BORDERLINE1,3.0163934426229506
DELAUNAY,3.0901639344262297
BORDERLINE2,3.098360655737705
SMOTE,3.1885245901639343
SMOTE_SVM,3.30327868852459
ORIGINAL,5.30327868852459
