index,0
BORDERLINE1,2.6721311475409837
SMOTE,2.9098360655737703
BORDERLINE2,2.942622950819672
SMOTE_SVM,3.0901639344262297
DELAUNAY,3.8524590163934427
ORIGINAL,5.532786885245901
