index,0
DELAUNAY,3.237704918032787
SMOTE_SVM,3.3278688524590163
SMOTE,3.3442622950819674
ORIGINAL,3.4344262295081966
BORDERLINE2,3.557377049180328
BORDERLINE1,4.098360655737705
