index,0
SMOTE,2.918032786885246
SMOTE_SVM,3.0491803278688523
BORDERLINE1,3.1065573770491803
DELAUNAY,3.180327868852459
BORDERLINE2,3.7704918032786887
ORIGINAL,4.975409836065574
