index,0
BORDERLINE1,2.918032786885246
SMOTE,3.0327868852459017
SMOTE_SVM,3.1639344262295084
DELAUNAY,3.1721311475409837
BORDERLINE2,3.3360655737704916
ORIGINAL,5.377049180327869
