index,0
SMOTE_SVM,3.0327868852459017
SMOTE,3.0655737704918034
BORDERLINE2,3.1557377049180326
BORDERLINE1,3.221311475409836
DELAUNAY,3.3934426229508197
ORIGINAL,5.131147540983607
