index,0
BORDERLINE2,3.057377049180328
SMOTE,3.122950819672131
SMOTE_SVM,3.139344262295082
DELAUNAY,3.19672131147541
BORDERLINE1,3.360655737704918
ORIGINAL,5.122950819672131
