index,0
BORDERLINE2,2.6557377049180326
SMOTE_SVM,3.0
SMOTE,3.1147540983606556
BORDERLINE1,3.3442622950819674
DELAUNAY,3.6557377049180326
ORIGINAL,5.229508196721311
