index,0
BORDERLINE2,2.860655737704918
DELAUNAY,2.8934426229508197
SMOTE,3.0
BORDERLINE1,3.1147540983606556
SMOTE_SVM,3.4754098360655736
ORIGINAL,5.655737704918033
