index,0
DELAUNAY,3.278688524590164
SMOTE_SVM,3.3360655737704916
SMOTE,3.377049180327869
ORIGINAL,3.4344262295081966
BORDERLINE2,3.5081967213114753
BORDERLINE1,4.065573770491803
