index,0
SMOTE,2.9344262295081966
SMOTE_SVM,3.1065573770491803
BORDERLINE1,3.1147540983606556
DELAUNAY,3.4262295081967213
BORDERLINE2,3.5491803278688523
ORIGINAL,4.868852459016393
