index,0
BORDERLINE1,2.762295081967213
BORDERLINE2,3.0901639344262297
SMOTE,3.139344262295082
SMOTE_SVM,3.2295081967213113
DELAUNAY,3.2540983606557377
ORIGINAL,5.524590163934426
