index,0
BORDERLINE1,2.9754098360655736
SMOTE_SVM,3.081967213114754
DELAUNAY,3.278688524590164
BORDERLINE2,3.3442622950819674
SMOTE,3.4262295081967213
ORIGINAL,4.89344262295082
