index,0
BORDERLINE2,2.7950819672131146
SMOTE_SVM,2.9508196721311477
SMOTE,3.122950819672131
BORDERLINE1,3.4836065573770494
DELAUNAY,3.7131147540983607
ORIGINAL,4.934426229508197
