index,0
BORDERLINE1,3.0
DELAUNAY,3.1065573770491803
SMOTE_SVM,3.1721311475409837
SMOTE,3.2459016393442623
BORDERLINE2,3.3278688524590163
ORIGINAL,5.147540983606557
