index,0
SMOTE,2.8442622950819674
SMOTE_SVM,3.0245901639344264
BORDERLINE1,3.057377049180328
DELAUNAY,3.418032786885246
BORDERLINE2,3.680327868852459
ORIGINAL,4.975409836065574
