index,0
SMOTE,2.6557377049180326
SMOTE_SVM,3.360655737704918
ORIGINAL,3.5327868852459017
BORDERLINE1,3.7540983606557377
BORDERLINE2,3.8360655737704916
DELAUNAY,3.860655737704918
