index,0
BORDERLINE2,2.9344262295081966
SMOTE_SVM,3.122950819672131
DELAUNAY,3.122950819672131
SMOTE,3.2295081967213113
BORDERLINE1,3.622950819672131
ORIGINAL,4.967213114754099
