index,0
SMOTE_SVM,2.622950819672131
SMOTE,3.0491803278688523
BORDERLINE1,3.5655737704918034
BORDERLINE2,3.69672131147541
DELAUNAY,3.819672131147541
ORIGINAL,4.245901639344262
