index,0
DELAUNAY,2.762295081967213
BORDERLINE2,3.1065573770491803
SMOTE_SVM,3.19672131147541
SMOTE,3.3278688524590163
BORDERLINE1,3.6475409836065573
ORIGINAL,4.959016393442623
