index,0
BORDERLINE1,2.7704918032786887
SMOTE,2.8524590163934427
SMOTE_SVM,2.9836065573770494
BORDERLINE2,3.081967213114754
DELAUNAY,3.9754098360655736
ORIGINAL,5.336065573770492
