index,0
SMOTE_SVM,3.3114754098360657
ORIGINAL,3.3524590163934427
SMOTE,3.3852459016393444
DELAUNAY,3.418032786885246
BORDERLINE2,3.4836065573770494
BORDERLINE1,4.049180327868853
