index,0
DELAUNAY,3.0163934426229506
SMOTE_SVM,3.3688524590163933
ORIGINAL,3.4836065573770494
SMOTE,3.4836065573770494
BORDERLINE2,3.5491803278688523
BORDERLINE1,4.098360655737705
