index,0
SMOTE,3.2704918032786887
BORDERLINE1,3.442622950819672
SMOTE_SVM,3.5655737704918034
GEOSMOTE,3.9098360655737703
BORDERLINE2,4.0
DELAUNAY,4.139344262295082
ORIGINAL,5.672131147540983
