index,0
SMOTE,3.1639344262295084
BORDERLINE1,3.3852459016393444
SMOTE_SVM,3.5245901639344264
GEOSMOTE,3.8442622950819674
BORDERLINE2,3.9836065573770494
DELAUNAY,4.418032786885246
ORIGINAL,5.680327868852459
