index,0
BORDERLINE1,3.221311475409836
BORDERLINE2,3.5327868852459017
SMOTE,3.5655737704918034
GEOSMOTE,3.5655737704918034
SMOTE_SVM,3.6557377049180326
DELAUNAY,4.049180327868853
ORIGINAL,6.409836065573771
