index,0
SMOTE,3.2049180327868854
BORDERLINE2,3.2049180327868854
BORDERLINE1,3.3852459016393444
GEOSMOTE,3.6065573770491803
SMOTE_SVM,3.721311475409836
DELAUNAY,4.229508196721311
ORIGINAL,6.647540983606557
