index,0
SMOTE,3.3360655737704916
SMOTE_SVM,3.5327868852459017
BORDERLINE1,3.6721311475409837
DELAUNAY,3.721311475409836
GEOSMOTE,3.8524590163934427
BORDERLINE2,4.098360655737705
ORIGINAL,5.786885245901639
