index,0
GEOSMOTE,3.7950819672131146
SMOTE_SVM,3.8360655737704916
ORIGINAL,3.860655737704918
DELAUNAY,3.9262295081967213
SMOTE,3.9344262295081966
BORDERLINE2,4.024590163934426
BORDERLINE1,4.622950819672131
