index,0
DELAUNAY,3.2295081967213113
SMOTE,3.360655737704918
BORDERLINE2,3.3852459016393444
BORDERLINE1,3.6065573770491803
GEOSMOTE,3.8934426229508197
SMOTE_SVM,3.942622950819672
ORIGINAL,6.581967213114754
