index,0
SMOTE,3.0901639344262297
SMOTE_SVM,3.581967213114754
ORIGINAL,3.9672131147540983
BORDERLINE1,4.254098360655738
DELAUNAY,4.311475409836065
GEOSMOTE,4.319672131147541
BORDERLINE2,4.475409836065574
