index,0
SMOTE_SVM,3.3360655737704916
DELAUNAY,3.5655737704918034
SMOTE,3.6885245901639343
GEOSMOTE,3.7540983606557377
BORDERLINE2,4.19672131147541
BORDERLINE1,4.254098360655738
ORIGINAL,5.204918032786885
