index,0
SMOTE,3.081967213114754
SMOTE_SVM,3.5901639344262297
ORIGINAL,3.918032786885246
BORDERLINE1,4.221311475409836
GEOSMOTE,4.311475409836065
BORDERLINE2,4.418032786885246
DELAUNAY,4.459016393442623
