index,0
DELAUNAY,3.3360655737704916
SMOTE_SVM,3.377049180327869
SMOTE,3.5901639344262297
BORDERLINE2,3.622950819672131
BORDERLINE1,3.80327868852459
GEOSMOTE,4.524590163934426
ORIGINAL,5.745901639344262
