index,0
SMOTE,3.2459016393442623
DELAUNAY,3.401639344262295
SMOTE_SVM,3.8360655737704916
ORIGINAL,4.016393442622951
GEOSMOTE,4.409836065573771
BORDERLINE1,4.483606557377049
BORDERLINE2,4.60655737704918
