index,0
BORDERLINE1,3.1475409836065573
SMOTE_SVM,3.4508196721311477
SMOTE,3.4836065573770494
BORDERLINE2,3.581967213114754
GEOSMOTE,3.9918032786885247
DELAUNAY,4.336065573770492
ORIGINAL,6.008196721311475
