index,0
SMOTE,3.0655737704918034
SMOTE_SVM,3.6311475409836067
ORIGINAL,3.9262295081967213
DELAUNAY,4.122950819672131
GEOSMOTE,4.336065573770492
BORDERLINE1,4.409836065573771
BORDERLINE2,4.508196721311475
