index,0
BORDERLINE1,3.3278688524590163
SMOTE,3.598360655737705
DELAUNAY,3.6475409836065573
SMOTE_SVM,3.6557377049180326
BORDERLINE2,3.6557377049180326
GEOSMOTE,3.680327868852459
ORIGINAL,6.434426229508197
