index,0
SMOTE,3.360655737704918
SMOTE_SVM,3.540983606557377
DELAUNAY,3.6147540983606556
BORDERLINE1,3.737704918032787
GEOSMOTE,3.860655737704918
BORDERLINE2,4.254098360655738
ORIGINAL,5.631147540983607
