index,0
DELAUNAY,3.3114754098360657
SMOTE_SVM,3.401639344262295
SMOTE,3.5491803278688523
BORDERLINE2,3.557377049180328
BORDERLINE1,3.8278688524590163
GEOSMOTE,4.573770491803279
ORIGINAL,5.778688524590164
