index,0
SMOTE,3.0737704918032787
SMOTE_SVM,3.6475409836065573
ORIGINAL,3.8360655737704916
BORDERLINE1,4.245901639344262
GEOSMOTE,4.262295081967213
BORDERLINE2,4.295081967213115
DELAUNAY,4.639344262295082
