index,0
DELAUNAY,3.3360655737704916
SMOTE,3.401639344262295
BORDERLINE1,3.6475409836065573
SMOTE_SVM,3.7049180327868854
GEOSMOTE,3.959016393442623
BORDERLINE2,4.172131147540983
ORIGINAL,5.778688524590164
