index,0
BORDERLINE2,3.319672131147541
SMOTE_SVM,3.459016393442623
SMOTE,3.6311475409836067
GEOSMOTE,3.8114754098360657
BORDERLINE1,3.918032786885246
DELAUNAY,4.049180327868853
ORIGINAL,5.811475409836065
