index,0
SMOTE_SVM,3.3114754098360657
SMOTE,3.581967213114754
GEOSMOTE,3.581967213114754
DELAUNAY,4.008196721311475
BORDERLINE2,4.049180327868853
BORDERLINE1,4.19672131147541
ORIGINAL,5.270491803278689
