index,0
SMOTE,3.3934426229508197
DELAUNAY,3.5081967213114753
BORDERLINE1,3.6147540983606556
SMOTE_SVM,3.7049180327868854
GEOSMOTE,3.9098360655737703
BORDERLINE2,4.122950819672131
ORIGINAL,5.745901639344262
