index,0
DELAUNAY,3.2950819672131146
BORDERLINE2,3.4754098360655736
SMOTE_SVM,3.622950819672131
SMOTE,3.8524590163934427
GEOSMOTE,3.8934426229508197
BORDERLINE1,4.065573770491803
ORIGINAL,5.795081967213115
