index,0
BORDERLINE1,3.221311475409836
BORDERLINE2,3.598360655737705
GEOSMOTE,3.6147540983606556
SMOTE,3.6557377049180326
DELAUNAY,3.721311475409836
SMOTE_SVM,3.7540983606557377
ORIGINAL,6.434426229508197
