index,0
BORDERLINE1,3.3360655737704916
SMOTE,3.4754098360655736
GEOSMOTE,3.5163934426229506
SMOTE_SVM,3.540983606557377
BORDERLINE2,3.69672131147541
DELAUNAY,4.180327868852459
ORIGINAL,6.254098360655738
