index,0
BORDERLINE1,3.2704918032786887
GEOSMOTE,3.401639344262295
SMOTE,3.4262295081967213
SMOTE_SVM,3.5655737704918034
BORDERLINE2,3.6557377049180326
DELAUNAY,4.418032786885246
ORIGINAL,6.262295081967213
