index,0
SMOTE,3.3442622950819674
SMOTE_SVM,3.5245901639344264
BORDERLINE1,3.6639344262295084
GEOSMOTE,3.6721311475409837
DELAUNAY,3.680327868852459
BORDERLINE2,4.344262295081967
ORIGINAL,5.770491803278689
