index,0
SMOTE_SVM,3.180327868852459
SMOTE,3.4672131147540983
GEOSMOTE,3.598360655737705
BORDERLINE2,3.9918032786885247
BORDERLINE1,4.213114754098361
DELAUNAY,4.286885245901639
ORIGINAL,5.262295081967213
