index,0
BORDERLINE1,3.319672131147541
SMOTE_SVM,3.401639344262295
SMOTE,3.680327868852459
BORDERLINE2,3.7049180327868854
GEOSMOTE,3.7540983606557377
DELAUNAY,4.442622950819672
ORIGINAL,5.69672131147541
