index,0
DELAUNAY,3.442622950819672
SMOTE_SVM,3.901639344262295
GEOSMOTE,3.901639344262295
ORIGINAL,3.9672131147540983
SMOTE,3.9918032786885247
BORDERLINE2,4.10655737704918
BORDERLINE1,4.688524590163935
