index,0
DELAUNAY,3.2704918032786887
BORDERLINE2,3.377049180327869
SMOTE,3.3852459016393444
BORDERLINE1,3.6147540983606556
GEOSMOTE,3.7295081967213113
SMOTE_SVM,3.959016393442623
ORIGINAL,6.663934426229508
