index,0
SMOTE,3.3442622950819674
BORDERLINE1,3.5737704918032787
DELAUNAY,3.639344262295082
SMOTE_SVM,3.680327868852459
GEOSMOTE,3.918032786885246
BORDERLINE2,4.122950819672131
ORIGINAL,5.721311475409836
