index,0
SMOTE_SVM,3.3934426229508197
DELAUNAY,3.5245901639344264
GEOSMOTE,3.6311475409836067
SMOTE,3.7295081967213113
BORDERLINE1,4.237704918032787
BORDERLINE2,4.254098360655738
ORIGINAL,5.229508196721311
