index,0
DELAUNAY,3.2459016393442623
BORDERLINE2,3.3278688524590163
SMOTE_SVM,3.6885245901639343
GEOSMOTE,3.819672131147541
SMOTE,3.8442622950819674
BORDERLINE1,4.008196721311475
ORIGINAL,6.065573770491803
