index,0
SMOTE,3.30327868852459
SMOTE_SVM,3.5491803278688523
BORDERLINE1,3.581967213114754
GEOSMOTE,3.6311475409836067
DELAUNAY,3.819672131147541
BORDERLINE2,4.344262295081967
ORIGINAL,5.770491803278689
