index,0
SMOTE_SVM,3.1475409836065573
GEOSMOTE,3.5081967213114753
SMOTE,3.5737704918032787
BORDERLINE1,4.188524590163935
BORDERLINE2,4.270491803278689
DELAUNAY,4.426229508196721
ORIGINAL,4.885245901639344
