index,0
SMOTE,3.1065573770491803
DELAUNAY,3.401639344262295
SMOTE_SVM,3.9672131147540983
ORIGINAL,4.016393442622951
BORDERLINE1,4.39344262295082
GEOSMOTE,4.532786885245901
BORDERLINE2,4.581967213114754
