index,0
GEOSMOTE,3.7704918032786887
DELAUNAY,3.7704918032786887
SMOTE_SVM,3.8524590163934427
SMOTE,3.8934426229508197
ORIGINAL,3.942622950819672
BORDERLINE2,4.098360655737705
BORDERLINE1,4.672131147540983
