index,0
DELAUNAY,3.3360655737704916
BORDERLINE1,3.3934426229508197
SMOTE_SVM,3.639344262295082
BORDERLINE2,3.680327868852459
SMOTE,3.69672131147541
GEOSMOTE,4.163934426229508
ORIGINAL,6.090163934426229
