index,0
SMOTE,3.401639344262295
BORDERLINE2,3.4098360655737703
SMOTE_SVM,3.4344262295081966
DELAUNAY,3.622950819672131
BORDERLINE1,3.7049180327868854
GEOSMOTE,4.639344262295082
ORIGINAL,5.786885245901639
