index,0
BORDERLINE1,3.122950819672131
BORDERLINE2,3.442622950819672
GEOSMOTE,3.459016393442623
SMOTE,3.4754098360655736
SMOTE_SVM,3.5901639344262297
DELAUNAY,4.467213114754099
ORIGINAL,6.442622950819672
