index,0
SMOTE,3.19672131147541
DELAUNAY,3.639344262295082
SMOTE_SVM,3.80327868852459
ORIGINAL,3.9918032786885247
GEOSMOTE,4.368852459016393
BORDERLINE1,4.434426229508197
BORDERLINE2,4.565573770491803
