index,0
SMOTE_SVM,3.737704918032787
GEOSMOTE,3.819672131147541
ORIGINAL,3.8442622950819674
SMOTE,3.8442622950819674
BORDERLINE2,3.877049180327869
DELAUNAY,4.336065573770492
BORDERLINE1,4.540983606557377
