index,0
BORDERLINE2,3.2704918032786887
SMOTE_SVM,3.30327868852459
SMOTE,3.3114754098360657
BORDERLINE1,3.5491803278688523
DELAUNAY,4.213114754098361
GEOSMOTE,4.549180327868853
ORIGINAL,5.80327868852459
