index,0
SMOTE,3.7704918032786887
GEOSMOTE,3.8442622950819674
SMOTE_SVM,3.8688524590163933
BORDERLINE2,3.8688524590163933
ORIGINAL,3.942622950819672
DELAUNAY,4.19672131147541
BORDERLINE1,4.508196721311475
