index,0
SMOTE,2.9918032786885247
SMOTE_SVM,3.7868852459016393
ORIGINAL,3.9098360655737703
BORDERLINE1,4.221311475409836
BORDERLINE2,4.327868852459017
DELAUNAY,4.336065573770492
GEOSMOTE,4.426229508196721
