index,0
BORDERLINE1,3.2950819672131146
SMOTE_SVM,3.3524590163934427
SMOTE,3.7049180327868854
BORDERLINE2,3.7540983606557377
GEOSMOTE,3.778688524590164
DELAUNAY,4.344262295081967
ORIGINAL,5.770491803278689
