index,0
SMOTE,3.122950819672131
SMOTE_SVM,3.7131147540983607
DELAUNAY,3.7704918032786887
ORIGINAL,4.0
BORDERLINE1,4.377049180327869
GEOSMOTE,4.467213114754099
BORDERLINE2,4.549180327868853
