index,0
SMOTE,3.319672131147541
SMOTE_SVM,3.5
BORDERLINE1,3.721311475409836
DELAUNAY,3.7295081967213113
GEOSMOTE,3.762295081967213
BORDERLINE2,4.311475409836065
ORIGINAL,5.655737704918033
