index,0
DELAUNAY,3.2459016393442623
SMOTE,3.918032786885246
GEOSMOTE,3.9262295081967213
BORDERLINE2,4.040983606557377
ORIGINAL,4.139344262295082
SMOTE_SVM,4.139344262295082
BORDERLINE1,4.590163934426229
