index,0
BORDERLINE1,3.4098360655737703
SMOTE_SVM,3.5655737704918034
DELAUNAY,3.7295081967213113
BORDERLINE2,3.8278688524590163
SMOTE,3.8524590163934427
GEOSMOTE,3.901639344262295
ORIGINAL,5.713114754098361
