index,0
SMOTE,3.3360655737704916
SMOTE_SVM,3.581967213114754
DELAUNAY,3.639344262295082
BORDERLINE1,3.6475409836065573
GEOSMOTE,3.8934426229508197
BORDERLINE2,4.065573770491803
ORIGINAL,5.836065573770492
