index,0
DELAUNAY,3.262295081967213
BORDERLINE2,3.2704918032786887
SMOTE_SVM,3.721311475409836
GEOSMOTE,3.819672131147541
SMOTE,3.8442622950819674
BORDERLINE1,3.9836065573770494
ORIGINAL,6.098360655737705
