index,0
DELAUNAY,3.2459016393442623
BORDERLINE1,3.3852459016393444
BORDERLINE2,3.5
SMOTE,3.5655737704918034
SMOTE_SVM,3.8442622950819674
GEOSMOTE,4.229508196721311
ORIGINAL,6.229508196721311
