index,0
SMOTE_SVM,3.4918032786885247
BORDERLINE1,3.4918032786885247
DELAUNAY,3.581967213114754
BORDERLINE2,3.8278688524590163
SMOTE,3.877049180327869
GEOSMOTE,3.9344262295081966
ORIGINAL,5.795081967213115
