index,0
BORDERLINE2,3.418032786885246
SMOTE,3.4344262295081966
SMOTE_SVM,3.4672131147540983
DELAUNAY,3.5081967213114753
BORDERLINE1,3.69672131147541
GEOSMOTE,4.655737704918033
ORIGINAL,5.819672131147541
