index,0
SMOTE,3.139344262295082
BORDERLINE2,3.1721311475409837
BORDERLINE1,3.4098360655737703
GEOSMOTE,3.5081967213114753
SMOTE_SVM,3.7131147540983607
DELAUNAY,4.467213114754099
ORIGINAL,6.590163934426229
