index,0
BORDERLINE1,3.5081967213114753
SMOTE_SVM,3.5655737704918034
DELAUNAY,3.5901639344262297
BORDERLINE2,3.8278688524590163
SMOTE,3.860655737704918
GEOSMOTE,3.8688524590163933
ORIGINAL,5.778688524590164
