index,0
DELAUNAY,3.680327868852459
SMOTE,3.80327868852459
GEOSMOTE,3.80327868852459
ORIGINAL,4.008196721311475
SMOTE_SVM,4.008196721311475
BORDERLINE2,4.049180327868853
BORDERLINE1,4.647540983606557
