index,0
BORDERLINE2,3.262295081967213
SMOTE,3.2950819672131146
BORDERLINE1,3.5163934426229506
DELAUNAY,3.6885245901639343
GEOSMOTE,3.7049180327868854
SMOTE_SVM,3.901639344262295
ORIGINAL,6.631147540983607
