index,0
BORDERLINE2,3.3278688524590163
SMOTE,3.401639344262295
SMOTE_SVM,3.401639344262295
BORDERLINE1,3.622950819672131
DELAUNAY,3.8688524590163933
GEOSMOTE,4.622950819672131
ORIGINAL,5.754098360655738
