index,0
BORDERLINE2,3.2459016393442623
SMOTE,3.2540983606557377
BORDERLINE1,3.5163934426229506
GEOSMOTE,3.6557377049180326
DELAUNAY,3.819672131147541
SMOTE_SVM,3.877049180327869
ORIGINAL,6.631147540983607
