index,0
BORDERLINE2,3.2704918032786887
SMOTE,3.2950819672131146
BORDERLINE1,3.5327868852459017
GEOSMOTE,3.69672131147541
DELAUNAY,3.7950819672131146
SMOTE_SVM,3.8278688524590163
ORIGINAL,6.581967213114754
