index,0
BORDERLINE1,3.278688524590164
BORDERLINE2,3.5655737704918034
SMOTE,3.5737704918032787
GEOSMOTE,3.6065573770491803
SMOTE_SVM,3.6311475409836067
DELAUNAY,3.9098360655737703
ORIGINAL,6.434426229508197
