index,0
SMOTE,2.8934426229508197
SMOTE_SVM,3.6557377049180326
ORIGINAL,3.8442622950819674
BORDERLINE1,4.139344262295082
BORDERLINE2,4.336065573770492
GEOSMOTE,4.442622950819672
DELAUNAY,4.688524590163935
