index,0
SMOTE,3.3524590163934427
SMOTE_SVM,3.6311475409836067
BORDERLINE1,3.6311475409836067
DELAUNAY,3.680327868852459
GEOSMOTE,3.8852459016393444
BORDERLINE2,4.081967213114754
ORIGINAL,5.737704918032787
