index,0
BORDERLINE1,3.3442622950819674
SMOTE,3.5163934426229506
SMOTE_SVM,3.5737704918032787
BORDERLINE2,3.6311475409836067
DELAUNAY,3.8114754098360657
GEOSMOTE,4.065573770491803
ORIGINAL,6.057377049180328
