index,0
DELAUNAY,3.3114754098360657
BORDERLINE1,3.3934426229508197
SMOTE,3.6639344262295084
SMOTE_SVM,3.6639344262295084
BORDERLINE2,3.7950819672131146
GEOSMOTE,4.122950819672131
ORIGINAL,6.049180327868853
