index,0
SMOTE,3.7540983606557377
GEOSMOTE,3.7868852459016393
BORDERLINE2,3.918032786885246
SMOTE_SVM,4.0
DELAUNAY,4.040983606557377
ORIGINAL,4.073770491803279
BORDERLINE1,4.426229508196721
