index,0
SMOTE,3.3688524590163933
SMOTE_SVM,3.5327868852459017
DELAUNAY,3.6065573770491803
BORDERLINE1,3.6311475409836067
GEOSMOTE,3.737704918032787
BORDERLINE2,4.344262295081967
ORIGINAL,5.778688524590164
