index,0
DELAUNAY,3.3688524590163933
BORDERLINE1,3.4262295081967213
BORDERLINE2,3.5081967213114753
SMOTE,3.5737704918032787
SMOTE_SVM,3.778688524590164
GEOSMOTE,4.19672131147541
ORIGINAL,6.147540983606557
