index,0
SMOTE_SVM,3.237704918032787
SMOTE,3.3442622950819674
BORDERLINE2,3.4508196721311477
BORDERLINE1,3.5901639344262297
DELAUNAY,4.147540983606557
GEOSMOTE,4.475409836065574
ORIGINAL,5.754098360655738
