index,0
BORDERLINE1,3.221311475409836
BORDERLINE2,3.5163934426229506
GEOSMOTE,3.5163934426229506
SMOTE,3.5491803278688523
SMOTE_SVM,3.6557377049180326
DELAUNAY,4.10655737704918
ORIGINAL,6.434426229508197
