index,0
BORDERLINE1,3.360655737704918
SMOTE,3.557377049180328
GEOSMOTE,3.598360655737705
SMOTE_SVM,3.6639344262295084
DELAUNAY,3.7131147540983607
BORDERLINE2,3.8360655737704916
ORIGINAL,6.270491803278689
