index,0
DELAUNAY,3.0737704918032787
BORDERLINE2,3.4508196721311477
SMOTE_SVM,3.6721311475409837
GEOSMOTE,3.8360655737704916
SMOTE,3.8442622950819674
BORDERLINE1,4.057377049180328
ORIGINAL,6.065573770491803
