index,0
DELAUNAY,3.1639344262295084
SMOTE,3.360655737704918
BORDERLINE2,3.4344262295081966
BORDERLINE1,3.6475409836065573
GEOSMOTE,3.80327868852459
SMOTE_SVM,3.9508196721311477
ORIGINAL,6.639344262295082
