index,0
BORDERLINE2,3.2295081967213113
SMOTE,3.2950819672131146
BORDERLINE1,3.5081967213114753
GEOSMOTE,3.721311475409836
DELAUNAY,3.8278688524590163
SMOTE_SVM,3.8852459016393444
ORIGINAL,6.532786885245901
