index,0
SMOTE_SVM,3.1311475409836067
GEOSMOTE,3.5245901639344264
SMOTE,3.540983606557377
BORDERLINE1,4.188524590163935
BORDERLINE2,4.30327868852459
DELAUNAY,4.426229508196721
ORIGINAL,4.885245901639344
