index,0
DELAUNAY,3.7704918032786887
GEOSMOTE,3.8114754098360657
SMOTE_SVM,3.860655737704918
SMOTE,3.9262295081967213
ORIGINAL,3.942622950819672
BORDERLINE2,4.049180327868853
BORDERLINE1,4.639344262295082
