index,0
SMOTE,3.278688524590164
BORDERLINE1,3.5163934426229506
SMOTE_SVM,3.5655737704918034
GEOSMOTE,3.877049180327869
BORDERLINE2,4.008196721311475
DELAUNAY,4.040983606557377
ORIGINAL,5.713114754098361
