index,0
BORDERLINE1,3.19672131147541
SMOTE,3.2868852459016393
BORDERLINE2,3.3278688524590163
SMOTE_SVM,3.581967213114754
GEOSMOTE,3.9754098360655736
DELAUNAY,4.475409836065574
ORIGINAL,6.155737704918033
