index,0
SMOTE,3.2049180327868854
SMOTE_SVM,3.2704918032786887
BORDERLINE1,3.459016393442623
GEOSMOTE,3.680327868852459
BORDERLINE2,4.213114754098361
DELAUNAY,4.409836065573771
ORIGINAL,5.762295081967213
