index,0
SMOTE,3.0163934426229506
SMOTE_SVM,3.8688524590163933
DELAUNAY,3.901639344262295
ORIGINAL,4.0
BORDERLINE1,4.336065573770492
BORDERLINE2,4.401639344262295
GEOSMOTE,4.475409836065574
