index,0
SMOTE,3.3278688524590163
DELAUNAY,3.5491803278688523
SMOTE_SVM,3.639344262295082
BORDERLINE1,3.6639344262295084
GEOSMOTE,3.918032786885246
BORDERLINE2,4.081967213114754
ORIGINAL,5.819672131147541
