index,0
SMOTE,3.319672131147541
SMOTE_SVM,3.5
BORDERLINE1,3.598360655737705
GEOSMOTE,3.680327868852459
DELAUNAY,3.8114754098360657
BORDERLINE2,4.311475409836065
ORIGINAL,5.778688524590164
