index,0
SMOTE,3.1311475409836067
SMOTE_SVM,3.6557377049180326
ORIGINAL,3.9836065573770494
DELAUNAY,4.040983606557377
GEOSMOTE,4.327868852459017
BORDERLINE1,4.344262295081967
BORDERLINE2,4.516393442622951
