index,0
SMOTE_SVM,3.237704918032787
SMOTE,3.5737704918032787
GEOSMOTE,3.5737704918032787
BORDERLINE2,4.032786885245901
DELAUNAY,4.065573770491803
BORDERLINE1,4.237704918032787
ORIGINAL,5.278688524590164
