index,0
SMOTE,3.80327868852459
DELAUNAY,3.80327868852459
GEOSMOTE,3.819672131147541
SMOTE_SVM,3.9672131147540983
ORIGINAL,3.9754098360655736
BORDERLINE2,3.9918032786885247
BORDERLINE1,4.639344262295082
