index,0
BORDERLINE1,3.1065573770491803
GEOSMOTE,3.3688524590163933
BORDERLINE2,3.4098360655737703
SMOTE,3.4344262295081966
SMOTE_SVM,3.598360655737705
DELAUNAY,4.639344262295082
ORIGINAL,6.442622950819672
