index,0
SMOTE,3.1147540983606556
DELAUNAY,3.3524590163934427
SMOTE_SVM,3.942622950819672
ORIGINAL,4.049180327868853
BORDERLINE1,4.459016393442623
GEOSMOTE,4.524590163934426
BORDERLINE2,4.557377049180328
