index,0
SMOTE,3.7540983606557377
GEOSMOTE,3.80327868852459
SMOTE_SVM,3.9262295081967213
BORDERLINE2,3.959016393442623
ORIGINAL,3.9918032786885247
DELAUNAY,4.040983606557377
BORDERLINE1,4.524590163934426
