index,0
DELAUNAY,2.8278688524590163
BORDERLINE2,3.4344262295081966
SMOTE_SVM,3.762295081967213
SMOTE,3.9098360655737703
GEOSMOTE,3.918032786885246
BORDERLINE1,4.016393442622951
ORIGINAL,6.131147540983607
