index,0
SMOTE,3.3852459016393444
SMOTE_SVM,3.6065573770491803
DELAUNAY,3.6065573770491803
BORDERLINE1,3.6311475409836067
GEOSMOTE,3.9098360655737703
BORDERLINE2,4.163934426229508
ORIGINAL,5.69672131147541
