index,0
SMOTE_SVM,3.3360655737704916
SMOTE,3.3934426229508197
BORDERLINE2,3.5
BORDERLINE1,3.639344262295082
DELAUNAY,3.7295081967213113
GEOSMOTE,4.581967213114754
ORIGINAL,5.819672131147541
