index,0
SMOTE_SVM,3.278688524590164
SMOTE,3.5655737704918034
GEOSMOTE,3.5737704918032787
DELAUNAY,3.9836065573770494
BORDERLINE2,4.065573770491803
BORDERLINE1,4.245901639344262
ORIGINAL,5.286885245901639
