index,0
SMOTE,3.262295081967213
SMOTE_SVM,3.5245901639344264
BORDERLINE1,3.6311475409836067
GEOSMOTE,3.778688524590164
DELAUNAY,3.9754098360655736
BORDERLINE2,4.008196721311475
ORIGINAL,5.819672131147541
