index,0
BORDERLINE1,3.19672131147541
SMOTE,3.3278688524590163
GEOSMOTE,3.3524590163934427
SMOTE_SVM,3.418032786885246
BORDERLINE2,3.5655737704918034
DELAUNAY,4.934426229508197
ORIGINAL,6.204918032786885
