index,0
SMOTE,2.8442622950819674
SMOTE_SVM,3.7459016393442623
ORIGINAL,3.860655737704918
BORDERLINE1,4.237704918032787
BORDERLINE2,4.401639344262295
GEOSMOTE,4.426229508196721
DELAUNAY,4.483606557377049
