index,0
SMOTE_SVM,3.7459016393442623
GEOSMOTE,3.762295081967213
ORIGINAL,3.819672131147541
SMOTE,3.8524590163934427
BORDERLINE2,3.9508196721311477
DELAUNAY,4.327868852459017
BORDERLINE1,4.540983606557377
