index,0
BORDERLINE2,3.262295081967213
SMOTE,3.2950819672131146
DELAUNAY,3.5327868852459017
BORDERLINE1,3.5737704918032787
GEOSMOTE,3.6885245901639343
SMOTE_SVM,3.9672131147540983
ORIGINAL,6.680327868852459
