index,0
BORDERLINE1,3.19672131147541
BORDERLINE2,3.557377049180328
GEOSMOTE,3.6475409836065573
SMOTE,3.6639344262295084
SMOTE_SVM,3.737704918032787
DELAUNAY,3.762295081967213
ORIGINAL,6.434426229508197
