index,0
SMOTE,3.2459016393442623
SMOTE_SVM,3.262295081967213
BORDERLINE2,3.3360655737704916
BORDERLINE1,3.4918032786885247
DELAUNAY,4.409836065573771
GEOSMOTE,4.5
ORIGINAL,5.754098360655738
