index,0
BORDERLINE1,3.1721311475409837
SMOTE,3.2868852459016393
BORDERLINE2,3.3442622950819674
SMOTE_SVM,3.5737704918032787
GEOSMOTE,4.024590163934426
DELAUNAY,4.409836065573771
ORIGINAL,6.188524590163935
