index,0
BORDERLINE1,3.2950819672131146
DELAUNAY,3.5737704918032787
SMOTE,3.6065573770491803
SMOTE_SVM,3.6311475409836067
BORDERLINE2,3.639344262295082
GEOSMOTE,4.139344262295082
ORIGINAL,6.114754098360656
