index,0
SMOTE,3.0327868852459017
SMOTE_SVM,3.6721311475409837
ORIGINAL,3.901639344262295
DELAUNAY,4.254098360655738
BORDERLINE1,4.336065573770492
GEOSMOTE,4.352459016393443
BORDERLINE2,4.450819672131147
