index,0
SMOTE,3.221311475409836
SMOTE_SVM,3.4672131147540983
BORDERLINE1,3.6147540983606556
GEOSMOTE,3.7704918032786887
BORDERLINE2,3.959016393442623
DELAUNAY,4.155737704918033
ORIGINAL,5.811475409836065
