index,0
BORDERLINE2,3.3934426229508197
SMOTE_SVM,3.5327868852459017
SMOTE,3.7295081967213113
DELAUNAY,3.7295081967213113
GEOSMOTE,3.860655737704918
BORDERLINE1,3.9344262295081966
ORIGINAL,5.819672131147541
