index,0
SMOTE,3.30327868852459
SMOTE_SVM,3.540983606557377
BORDERLINE1,3.581967213114754
GEOSMOTE,3.680327868852459
DELAUNAY,3.7704918032786887
BORDERLINE2,4.360655737704918
ORIGINAL,5.762295081967213
