index,0
SMOTE_SVM,3.30327868852459
GEOSMOTE,3.5737704918032787
DELAUNAY,3.581967213114754
SMOTE,3.778688524590164
BORDERLINE1,4.311475409836065
BORDERLINE2,4.327868852459017
ORIGINAL,5.122950819672131
