index,0
SMOTE,3.098360655737705
SMOTE_SVM,3.5737704918032787
ORIGINAL,3.8524590163934427
GEOSMOTE,4.245901639344262
BORDERLINE1,4.254098360655738
BORDERLINE2,4.295081967213115
DELAUNAY,4.680327868852459
