index,0
SMOTE,3.057377049180328
DELAUNAY,3.7131147540983607
SMOTE_SVM,3.8688524590163933
ORIGINAL,3.942622950819672
BORDERLINE1,4.360655737704918
BORDERLINE2,4.5
GEOSMOTE,4.557377049180328
