index,0
SMOTE,3.3688524590163933
BORDERLINE1,3.4754098360655736
SMOTE_SVM,3.6147540983606556
GEOSMOTE,3.8852459016393444
DELAUNAY,3.959016393442623
BORDERLINE2,4.032786885245901
ORIGINAL,5.663934426229508
