index,0
SMOTE_SVM,3.3360655737704916
DELAUNAY,3.4344262295081966
SMOTE,3.6885245901639343
GEOSMOTE,3.721311475409836
BORDERLINE1,4.286885245901639
BORDERLINE2,4.327868852459017
ORIGINAL,5.204918032786885
