index,0
SMOTE,3.2540983606557377
SMOTE_SVM,3.360655737704918
BORDERLINE1,3.5245901639344264
GEOSMOTE,3.7131147540983607
DELAUNAY,4.131147540983607
BORDERLINE2,4.254098360655738
ORIGINAL,5.762295081967213
