index,0
SMOTE,3.278688524590164
SMOTE_SVM,3.5
BORDERLINE1,3.69672131147541
GEOSMOTE,3.721311475409836
DELAUNAY,3.8524590163934427
BORDERLINE2,4.295081967213115
ORIGINAL,5.655737704918033
