index,0
SMOTE,3.80327868852459
GEOSMOTE,3.819672131147541
BORDERLINE2,3.901639344262295
SMOTE_SVM,3.9344262295081966
ORIGINAL,3.9672131147540983
DELAUNAY,4.090163934426229
BORDERLINE1,4.483606557377049
