index,0
DELAUNAY,3.19672131147541
SMOTE,3.4098360655737703
BORDERLINE2,3.4262295081967213
BORDERLINE1,3.5655737704918034
GEOSMOTE,3.8114754098360657
SMOTE_SVM,3.959016393442623
ORIGINAL,6.631147540983607
