index,0
SMOTE_SVM,3.2950819672131146
SMOTE,3.622950819672131
GEOSMOTE,3.6721311475409837
DELAUNAY,3.762295081967213
BORDERLINE1,4.229508196721311
BORDERLINE2,4.237704918032787
ORIGINAL,5.180327868852459
