index,0
SMOTE_SVM,3.2704918032786887
DELAUNAY,3.6311475409836067
SMOTE,3.7049180327868854
GEOSMOTE,3.721311475409836
BORDERLINE2,4.049180327868853
BORDERLINE1,4.295081967213115
ORIGINAL,5.327868852459017
