index,0
BORDERLINE2,3.2049180327868854
SMOTE,3.4098360655737703
BORDERLINE1,3.540983606557377
DELAUNAY,3.6065573770491803
GEOSMOTE,3.680327868852459
SMOTE_SVM,3.877049180327869
ORIGINAL,6.680327868852459
