index,0
BORDERLINE2,3.19672131147541
SMOTE,3.30327868852459
BORDERLINE1,3.581967213114754
GEOSMOTE,3.6147540983606556
DELAUNAY,3.737704918032787
SMOTE_SVM,3.8934426229508197
ORIGINAL,6.672131147540983
