index,0
BORDERLINE1,3.278688524590164
BORDERLINE2,3.557377049180328
SMOTE,3.581967213114754
GEOSMOTE,3.598360655737705
SMOTE_SVM,3.622950819672131
DELAUNAY,3.9262295081967213
ORIGINAL,6.434426229508197
