index,0
DELAUNAY,3.1885245901639343
SMOTE_SVM,3.4918032786885247
BORDERLINE2,3.5491803278688523
SMOTE,3.581967213114754
BORDERLINE1,3.762295081967213
GEOSMOTE,4.598360655737705
ORIGINAL,5.827868852459017
