index,0
SMOTE,3.819672131147541
GEOSMOTE,3.8360655737704916
DELAUNAY,3.8688524590163933
BORDERLINE2,3.8934426229508197
SMOTE_SVM,4.008196721311475
ORIGINAL,4.098360655737705
BORDERLINE1,4.475409836065574
