index,0
SMOTE,3.2295081967213113
SMOTE_SVM,3.5655737704918034
BORDERLINE1,3.6557377049180326
GEOSMOTE,3.7868852459016393
DELAUNAY,3.9344262295081966
BORDERLINE2,4.016393442622951
ORIGINAL,5.811475409836065
