index,0
SMOTE_SVM,3.2459016393442623
SMOTE,3.639344262295082
GEOSMOTE,3.680327868852459
DELAUNAY,3.7459016393442623
BORDERLINE2,4.049180327868853
BORDERLINE1,4.286885245901639
ORIGINAL,5.352459016393443
