index,0
SMOTE,3.30327868852459
SMOTE_SVM,3.5245901639344264
BORDERLINE1,3.5737704918032787
GEOSMOTE,3.6147540983606556
DELAUNAY,3.877049180327869
BORDERLINE2,4.286885245901639
ORIGINAL,5.819672131147541
