index,0
SMOTE_SVM,3.2950819672131146
GEOSMOTE,3.5737704918032787
DELAUNAY,3.7459016393442623
SMOTE,3.7540983606557377
BORDERLINE1,4.245901639344262
BORDERLINE2,4.319672131147541
ORIGINAL,5.065573770491803
