index,0
DELAUNAY,3.1639344262295084
SMOTE,3.5163934426229506
BORDERLINE1,3.622950819672131
SMOTE_SVM,3.7295081967213113
GEOSMOTE,4.049180327868853
BORDERLINE2,4.262295081967213
ORIGINAL,5.655737704918033
