index,0
SMOTE,3.262295081967213
SMOTE_SVM,3.4262295081967213
BORDERLINE1,3.6311475409836067
GEOSMOTE,3.7049180327868854
DELAUNAY,3.8688524590163933
BORDERLINE2,4.30327868852459
ORIGINAL,5.80327868852459
