index,0
SMOTE,3.3278688524590163
SMOTE_SVM,3.4918032786885247
BORDERLINE1,3.6065573770491803
DELAUNAY,3.69672131147541
GEOSMOTE,3.7704918032786887
BORDERLINE2,4.336065573770492
ORIGINAL,5.770491803278689
