index,0
DELAUNAY,3.6885245901639343
SMOTE,3.7704918032786887
GEOSMOTE,3.8852459016393444
ORIGINAL,3.9918032786885247
SMOTE_SVM,4.016393442622951
BORDERLINE2,4.040983606557377
BORDERLINE1,4.60655737704918
