index,0
SMOTE,3.2868852459016393
SMOTE_SVM,3.598360655737705
BORDERLINE1,3.639344262295082
DELAUNAY,3.7459016393442623
GEOSMOTE,3.8852459016393444
BORDERLINE2,4.032786885245901
ORIGINAL,5.811475409836065
