index,0
BORDERLINE2,3.1475409836065573
SMOTE,3.1885245901639343
BORDERLINE1,3.3688524590163933
GEOSMOTE,3.5655737704918034
SMOTE_SVM,3.69672131147541
DELAUNAY,4.516393442622951
ORIGINAL,6.516393442622951
