index,0
DELAUNAY,3.3360655737704916
BORDERLINE1,3.401639344262295
BORDERLINE2,3.5245901639344264
SMOTE,3.540983606557377
SMOTE_SVM,3.778688524590164
GEOSMOTE,4.204918032786885
ORIGINAL,6.213114754098361
