index,0
SMOTE,3.2049180327868854
SMOTE_SVM,3.4508196721311477
BORDERLINE1,3.5491803278688523
GEOSMOTE,3.7459016393442623
BORDERLINE2,3.9344262295081966
DELAUNAY,4.377049180327869
ORIGINAL,5.737704918032787
