index,0
BORDERLINE2,3.1721311475409837
SMOTE_SVM,3.4836065573770494
SMOTE,3.581967213114754
BORDERLINE1,3.680327868852459
GEOSMOTE,3.7868852459016393
DELAUNAY,4.213114754098361
ORIGINAL,6.081967213114754
