index,0
SMOTE_SVM,3.6721311475409837
GEOSMOTE,3.7131147540983607
ORIGINAL,3.80327868852459
SMOTE,3.8360655737704916
BORDERLINE2,3.918032786885246
BORDERLINE1,4.491803278688525
DELAUNAY,4.565573770491803
