index,0
SMOTE_SVM,3.3114754098360657
SMOTE,3.5655737704918034
GEOSMOTE,3.622950819672131
DELAUNAY,3.901639344262295
BORDERLINE2,4.10655737704918
BORDERLINE1,4.229508196721311
ORIGINAL,5.262295081967213
