index,0
SMOTE,3.2540983606557377
BORDERLINE2,3.2950819672131146
BORDERLINE1,3.557377049180328
GEOSMOTE,3.6065573770491803
DELAUNAY,3.80327868852459
SMOTE_SVM,3.8524590163934427
ORIGINAL,6.631147540983607
