index,0
SMOTE,3.2295081967213113
DELAUNAY,3.4344262295081966
SMOTE_SVM,3.737704918032787
ORIGINAL,4.073770491803279
BORDERLINE1,4.467213114754099
GEOSMOTE,4.475409836065574
BORDERLINE2,4.581967213114754
