index,0
SMOTE_SVM,3.2704918032786887
SMOTE,3.401639344262295
BORDERLINE2,3.418032786885246
BORDERLINE1,3.6065573770491803
DELAUNAY,4.10655737704918
GEOSMOTE,4.483606557377049
ORIGINAL,5.713114754098361
