index,0
SMOTE,2.942622950819672
SMOTE_SVM,3.7868852459016393
ORIGINAL,3.860655737704918
BORDERLINE1,4.204918032786885
BORDERLINE2,4.286885245901639
GEOSMOTE,4.442622950819672
DELAUNAY,4.475409836065574
