index,0
DELAUNAY,3.5901639344262297
SMOTE,3.877049180327869
GEOSMOTE,3.8852459016393444
BORDERLINE2,3.9672131147540983
SMOTE_SVM,4.073770491803279
ORIGINAL,4.098360655737705
BORDERLINE1,4.508196721311475
