index,0
SMOTE_SVM,3.3852459016393444
GEOSMOTE,3.639344262295082
SMOTE,3.7049180327868854
DELAUNAY,3.737704918032787
BORDERLINE1,4.163934426229508
BORDERLINE2,4.213114754098361
ORIGINAL,5.155737704918033
