index,0
BORDERLINE1,3.221311475409836
BORDERLINE2,3.5655737704918034
GEOSMOTE,3.581967213114754
SMOTE,3.622950819672131
SMOTE_SVM,3.721311475409836
DELAUNAY,3.8524590163934427
ORIGINAL,6.434426229508197
