index,0
BORDERLINE1,3.4344262295081966
SMOTE_SVM,3.5
DELAUNAY,3.778688524590164
SMOTE,3.8278688524590163
BORDERLINE2,3.860655737704918
GEOSMOTE,3.8688524590163933
ORIGINAL,5.729508196721311
