index,0
BORDERLINE1,3.19672131147541
SMOTE_SVM,3.5163934426229506
SMOTE,3.6065573770491803
BORDERLINE2,3.680327868852459
DELAUNAY,3.918032786885246
GEOSMOTE,4.057377049180328
ORIGINAL,6.024590163934426
