index,0
BORDERLINE1,3.139344262295082
SMOTE,3.3934426229508197
SMOTE_SVM,3.4508196721311477
BORDERLINE2,3.557377049180328
GEOSMOTE,3.9754098360655736
DELAUNAY,4.434426229508197
ORIGINAL,6.049180327868853
