index,0
SMOTE,3.3278688524590163
SMOTE_SVM,3.5245901639344264
BORDERLINE1,3.7131147540983607
DELAUNAY,3.7295081967213113
GEOSMOTE,3.778688524590164
BORDERLINE2,4.295081967213115
ORIGINAL,5.631147540983607
