index,0
SMOTE,3.2459016393442623
SMOTE_SVM,3.5327868852459017
BORDERLINE1,3.6311475409836067
GEOSMOTE,3.860655737704918
DELAUNAY,3.9098360655737703
BORDERLINE2,4.049180327868853
ORIGINAL,5.770491803278689
