index,0
SMOTE,3.3114754098360657
SMOTE_SVM,3.459016393442623
BORDERLINE1,3.6065573770491803
DELAUNAY,3.737704918032787
GEOSMOTE,3.762295081967213
BORDERLINE2,4.360655737704918
ORIGINAL,5.762295081967213
