index,0
SMOTE,3.122950819672131
SMOTE_SVM,3.6885245901639343
DELAUNAY,3.8114754098360657
ORIGINAL,4.008196721311475
BORDERLINE1,4.39344262295082
GEOSMOTE,4.409836065573771
BORDERLINE2,4.565573770491803
