index,0
BORDERLINE2,3.1639344262295084
SMOTE_SVM,3.377049180327869
SMOTE,3.4754098360655736
GEOSMOTE,3.680327868852459
BORDERLINE1,3.7131147540983607
DELAUNAY,4.524590163934426
ORIGINAL,6.065573770491803
