index,0
SMOTE,3.2704918032786887
SMOTE_SVM,3.5
BORDERLINE1,3.7131147540983607
GEOSMOTE,3.721311475409836
DELAUNAY,3.8934426229508197
BORDERLINE2,4.270491803278689
ORIGINAL,5.631147540983607
