index,0
SMOTE,3.3114754098360657
SMOTE_SVM,3.557377049180328
BORDERLINE1,3.6475409836065573
DELAUNAY,3.762295081967213
GEOSMOTE,3.819672131147541
BORDERLINE2,4.090163934426229
ORIGINAL,5.811475409836065
