index,0
SMOTE,3.0245901639344264
SMOTE_SVM,3.5737704918032787
ORIGINAL,3.8524590163934427
BORDERLINE1,4.229508196721311
BORDERLINE2,4.30327868852459
GEOSMOTE,4.311475409836065
DELAUNAY,4.704918032786885
