index,0
DELAUNAY,3.2459016393442623
BORDERLINE2,3.2868852459016393
SMOTE_SVM,3.7049180327868854
SMOTE,3.819672131147541
GEOSMOTE,3.901639344262295
BORDERLINE1,3.9262295081967213
ORIGINAL,6.114754098360656
