index,0
SMOTE,3.2704918032786887
BORDERLINE1,3.5163934426229506
SMOTE_SVM,3.5655737704918034
GEOSMOTE,3.8852459016393444
BORDERLINE2,3.9754098360655736
DELAUNAY,4.114754098360656
ORIGINAL,5.672131147540983
