index,0
DELAUNAY,3.3934426229508197
BORDERLINE2,3.4508196721311477
SMOTE,3.4672131147540983
SMOTE_SVM,3.4836065573770494
BORDERLINE1,3.7540983606557377
GEOSMOTE,4.631147540983607
ORIGINAL,5.819672131147541
