index,0
BORDERLINE1,3.237704918032787
BORDERLINE2,3.4344262295081966
SMOTE,3.5245901639344264
SMOTE_SVM,3.6475409836065573
DELAUNAY,3.860655737704918
GEOSMOTE,4.122950819672131
ORIGINAL,6.172131147540983
