index,0
DELAUNAY,3.237704918032787
SMOTE_SVM,3.4754098360655736
SMOTE,3.5163934426229506
BORDERLINE2,3.5655737704918034
BORDERLINE1,3.7295081967213113
GEOSMOTE,4.60655737704918
ORIGINAL,5.868852459016393
