index,0
SMOTE_SVM,3.2950819672131146
SMOTE,3.622950819672131
GEOSMOTE,3.639344262295082
DELAUNAY,3.877049180327869
BORDERLINE2,4.049180327868853
BORDERLINE1,4.213114754098361
ORIGINAL,5.30327868852459
