index,0
SMOTE,3.122950819672131
SMOTE_SVM,3.680327868852459
ORIGINAL,3.877049180327869
DELAUNAY,4.19672131147541
GEOSMOTE,4.311475409836065
BORDERLINE1,4.319672131147541
BORDERLINE2,4.491803278688525
