index,0
SMOTE_SVM,3.262295081967213
GEOSMOTE,3.622950819672131
DELAUNAY,3.7295081967213113
SMOTE,3.778688524590164
BORDERLINE1,4.270491803278689
BORDERLINE2,4.352459016393443
ORIGINAL,4.983606557377049
