index,0
DELAUNAY,3.2704918032786887
GEOSMOTE,3.8934426229508197
SMOTE,3.9754098360655736
SMOTE_SVM,3.9836065573770494
ORIGINAL,4.016393442622951
BORDERLINE2,4.139344262295082
BORDERLINE1,4.721311475409836
