index,0
BORDERLINE1,3.2295081967213113
SMOTE_SVM,3.5655737704918034
SMOTE,3.581967213114754
BORDERLINE2,3.6475409836065573
DELAUNAY,3.9262295081967213
GEOSMOTE,4.057377049180328
ORIGINAL,5.991803278688525
