index,0
SMOTE_SVM,3.418032786885246
DELAUNAY,3.4344262295081966
SMOTE,3.557377049180328
BORDERLINE2,3.5655737704918034
BORDERLINE1,3.737704918032787
GEOSMOTE,4.532786885245901
ORIGINAL,5.754098360655738
