index,0
DELAUNAY,3.3524590163934427
BORDERLINE2,3.442622950819672
SMOTE_SVM,3.6065573770491803
SMOTE,3.7704918032786887
GEOSMOTE,3.9508196721311477
BORDERLINE1,4.065573770491803
ORIGINAL,5.811475409836065
