index,0
BORDERLINE1,3.1885245901639343
BORDERLINE2,3.3360655737704916
SMOTE,3.401639344262295
SMOTE_SVM,3.581967213114754
GEOSMOTE,4.049180327868853
DELAUNAY,4.286885245901639
ORIGINAL,6.155737704918033
