index,0
SMOTE,3.1475409836065573
DELAUNAY,3.3360655737704916
SMOTE_SVM,3.901639344262295
ORIGINAL,4.032786885245901
BORDERLINE1,4.459016393442623
GEOSMOTE,4.524590163934426
BORDERLINE2,4.598360655737705
