index,0
BORDERLINE1,3.1475409836065573
GEOSMOTE,3.4508196721311477
BORDERLINE2,3.4672131147540983
SMOTE,3.5327868852459017
SMOTE_SVM,3.622950819672131
DELAUNAY,4.336065573770492
ORIGINAL,6.442622950819672
