index,0
DELAUNAY,3.237704918032787
BORDERLINE2,3.3278688524590163
SMOTE_SVM,3.7295081967213113
SMOTE,3.778688524590164
GEOSMOTE,3.8852459016393444
BORDERLINE1,3.9508196721311477
ORIGINAL,6.090163934426229
