index,0
BORDERLINE1,3.377049180327869
SMOTE_SVM,3.5
BORDERLINE2,3.819672131147541
SMOTE,3.877049180327869
DELAUNAY,3.877049180327869
GEOSMOTE,3.8852459016393444
ORIGINAL,5.663934426229508
