index,0
BORDERLINE2,3.2295081967213113
SMOTE,3.3360655737704916
BORDERLINE1,3.4508196721311477
GEOSMOTE,3.737704918032787
SMOTE_SVM,3.7950819672131146
DELAUNAY,3.9344262295081966
ORIGINAL,6.516393442622951
