index,0
SMOTE,2.9918032786885247
SMOTE_SVM,3.5081967213114753
ORIGINAL,3.7868852459016393
GEOSMOTE,4.188524590163935
BORDERLINE1,4.204918032786885
BORDERLINE2,4.286885245901639
DELAUNAY,5.032786885245901
