index,0
SMOTE,3.3524590163934427
BORDERLINE1,3.5737704918032787
DELAUNAY,3.581967213114754
SMOTE_SVM,3.6557377049180326
GEOSMOTE,3.9344262295081966
BORDERLINE2,4.114754098360656
ORIGINAL,5.786885245901639
