index,0
SMOTE_SVM,3.221311475409836
SMOTE,3.3278688524590163
BORDERLINE2,3.3524590163934427
BORDERLINE1,3.4754098360655736
DELAUNAY,4.459016393442623
GEOSMOTE,4.467213114754099
ORIGINAL,5.69672131147541
