index,0
BORDERLINE1,3.418032786885246
DELAUNAY,3.4344262295081966
BORDERLINE2,3.4508196721311477
SMOTE,3.4672131147540983
SMOTE_SVM,3.8114754098360657
GEOSMOTE,4.204918032786885
ORIGINAL,6.213114754098361
