index,0
DELAUNAY,3.30327868852459
BORDERLINE2,3.319672131147541
SMOTE,3.360655737704918
BORDERLINE1,3.6557377049180326
GEOSMOTE,3.737704918032787
SMOTE_SVM,4.008196721311475
ORIGINAL,6.614754098360656
