index,0
BORDERLINE2,3.3114754098360657
SMOTE,3.319672131147541
BORDERLINE1,3.540983606557377
DELAUNAY,3.5737704918032787
GEOSMOTE,3.721311475409836
SMOTE_SVM,3.9508196721311477
ORIGINAL,6.581967213114754
