index,0
DELAUNAY,3.2295081967213113
BORDERLINE2,3.3278688524590163
SMOTE,3.4262295081967213
BORDERLINE1,3.598360655737705
GEOSMOTE,3.860655737704918
SMOTE_SVM,3.959016393442623
ORIGINAL,6.598360655737705
