index,0
SMOTE_SVM,3.2131147540983607
SMOTE,3.5163934426229506
GEOSMOTE,3.598360655737705
BORDERLINE2,4.032786885245901
BORDERLINE1,4.213114754098361
DELAUNAY,4.237704918032787
ORIGINAL,5.188524590163935
