index,0
BORDERLINE1,3.2295081967213113
GEOSMOTE,3.581967213114754
BORDERLINE2,3.6065573770491803
SMOTE,3.6147540983606556
SMOTE_SVM,3.6639344262295084
DELAUNAY,3.8688524590163933
ORIGINAL,6.434426229508197
