index,0
SMOTE,3.2295081967213113
SMOTE_SVM,3.3852459016393444
BORDERLINE1,3.598360655737705
GEOSMOTE,3.680327868852459
BORDERLINE2,4.163934426229508
DELAUNAY,4.344262295081967
ORIGINAL,5.598360655737705
