index,0
SMOTE_SVM,3.360655737704918
DELAUNAY,3.4836065573770494
GEOSMOTE,3.6475409836065573
SMOTE,3.6885245901639343
BORDERLINE2,4.114754098360656
BORDERLINE1,4.311475409836065
ORIGINAL,5.39344262295082
