index,0
BORDERLINE1,3.4672131147540983
SMOTE_SVM,3.4836065573770494
DELAUNAY,3.6147540983606556
SMOTE,3.8360655737704916
GEOSMOTE,3.8852459016393444
BORDERLINE2,3.901639344262295
ORIGINAL,5.811475409836065
