index,0
SMOTE_SVM,3.319672131147541
SMOTE,3.6475409836065573
GEOSMOTE,3.6475409836065573
DELAUNAY,3.8442622950819674
BORDERLINE2,4.188524590163935
BORDERLINE1,4.245901639344262
ORIGINAL,5.10655737704918
