index,0
BORDERLINE2,3.1557377049180326
SMOTE,3.2868852459016393
BORDERLINE1,3.5327868852459017
GEOSMOTE,3.622950819672131
SMOTE_SVM,3.8852459016393444
DELAUNAY,3.8852459016393444
ORIGINAL,6.631147540983607
