index,0
SMOTE,3.081967213114754
BORDERLINE2,3.2131147540983607
BORDERLINE1,3.377049180327869
GEOSMOTE,3.4754098360655736
SMOTE_SVM,3.7459016393442623
DELAUNAY,4.483606557377049
ORIGINAL,6.622950819672131
