index,0
DELAUNAY,3.459016393442623
GEOSMOTE,3.8524590163934427
SMOTE,3.877049180327869
BORDERLINE2,4.040983606557377
ORIGINAL,4.049180327868853
SMOTE_SVM,4.049180327868853
BORDERLINE1,4.672131147540983
