index,0
SMOTE_SVM,3.19672131147541
GEOSMOTE,3.4672131147540983
SMOTE,3.6147540983606556
BORDERLINE1,4.180327868852459
DELAUNAY,4.254098360655738
BORDERLINE2,4.360655737704918
ORIGINAL,4.926229508196721
