index,0
BORDERLINE2,3.262295081967213
SMOTE,3.3114754098360657
BORDERLINE1,3.5327868852459017
DELAUNAY,3.680327868852459
GEOSMOTE,3.7049180327868854
SMOTE_SVM,3.9262295081967213
ORIGINAL,6.581967213114754
