index,0
SMOTE,3.2540983606557377
SMOTE_SVM,3.5
BORDERLINE1,3.557377049180328
GEOSMOTE,3.598360655737705
DELAUNAY,4.040983606557377
BORDERLINE2,4.286885245901639
ORIGINAL,5.762295081967213
