index,0
SMOTE,3.2540983606557377
BORDERLINE1,3.5
SMOTE_SVM,3.581967213114754
GEOSMOTE,3.819672131147541
BORDERLINE2,4.008196721311475
DELAUNAY,4.131147540983607
ORIGINAL,5.704918032786885
