index,0
SMOTE,3.7131147540983607
GEOSMOTE,3.7704918032786887
SMOTE_SVM,3.8442622950819674
ORIGINAL,3.8688524590163933
BORDERLINE2,3.8688524590163933
DELAUNAY,4.418032786885246
BORDERLINE1,4.516393442622951
