index,0
SMOTE,3.0655737704918034
DELAUNAY,3.6475409836065573
SMOTE_SVM,3.877049180327869
ORIGINAL,3.9918032786885247
BORDERLINE1,4.385245901639344
GEOSMOTE,4.5
BORDERLINE2,4.532786885245901
