index,0
SMOTE_SVM,3.2704918032786887
SMOTE,3.4508196721311477
BORDERLINE2,3.459016393442623
BORDERLINE1,3.6475409836065573
DELAUNAY,3.9672131147540983
GEOSMOTE,4.483606557377049
ORIGINAL,5.721311475409836
