index,0
BORDERLINE1,3.3934426229508197
DELAUNAY,3.442622950819672
SMOTE,3.5901639344262297
BORDERLINE2,3.6721311475409837
SMOTE_SVM,3.69672131147541
GEOSMOTE,4.114754098360656
ORIGINAL,6.090163934426229
