index,0
SMOTE,3.0901639344262297
BORDERLINE2,3.19672131147541
BORDERLINE1,3.4262295081967213
GEOSMOTE,3.4672131147540983
SMOTE_SVM,3.7868852459016393
DELAUNAY,4.409836065573771
ORIGINAL,6.622950819672131
