index,0
SMOTE,3.3278688524590163
SMOTE_SVM,3.5491803278688523
BORDERLINE1,3.6475409836065573
GEOSMOTE,3.7950819672131146
DELAUNAY,3.7950819672131146
BORDERLINE2,4.040983606557377
ORIGINAL,5.844262295081967
