index,0
BORDERLINE1,3.319672131147541
SMOTE,3.4918032786885247
SMOTE_SVM,3.5245901639344264
GEOSMOTE,3.5491803278688523
BORDERLINE2,3.7540983606557377
DELAUNAY,4.090163934426229
ORIGINAL,6.270491803278689
