index,0
SMOTE_SVM,3.4262295081967213
SMOTE,3.442622950819672
BORDERLINE2,3.5081967213114753
DELAUNAY,3.5081967213114753
BORDERLINE1,3.6311475409836067
GEOSMOTE,4.639344262295082
ORIGINAL,5.844262295081967
