index,0
BORDERLINE1,3.30327868852459
BORDERLINE2,3.401639344262295
SMOTE,3.4836065573770494
SMOTE_SVM,3.7131147540983607
DELAUNAY,3.877049180327869
GEOSMOTE,4.081967213114754
ORIGINAL,6.139344262295082
