index,0
BORDERLINE2,3.0327868852459017
SMOTE,3.19672131147541
BORDERLINE1,3.3688524590163933
GEOSMOTE,3.5163934426229506
SMOTE_SVM,3.7131147540983607
DELAUNAY,4.491803278688525
ORIGINAL,6.680327868852459
