index,0
SMOTE,3.1475409836065573
DELAUNAY,3.6147540983606556
SMOTE_SVM,3.762295081967213
ORIGINAL,4.090163934426229
GEOSMOTE,4.434426229508197
BORDERLINE1,4.442622950819672
BORDERLINE2,4.508196721311475
