index,0
SMOTE,3.237704918032787
SMOTE_SVM,3.3934426229508197
BORDERLINE1,3.5
GEOSMOTE,3.639344262295082
BORDERLINE2,4.237704918032787
DELAUNAY,4.245901639344262
ORIGINAL,5.745901639344262
