index,0
SMOTE,3.3524590163934427
SMOTE_SVM,3.5163934426229506
DELAUNAY,3.69672131147541
BORDERLINE1,3.7131147540983607
GEOSMOTE,3.762295081967213
BORDERLINE2,4.311475409836065
ORIGINAL,5.647540983606557
