index,0
SMOTE,3.377049180327869
DELAUNAY,3.3852459016393444
SMOTE_SVM,3.5163934426229506
BORDERLINE1,3.6639344262295084
GEOSMOTE,3.8852459016393444
BORDERLINE2,4.377049180327869
ORIGINAL,5.795081967213115
