index,0
BORDERLINE1,3.1885245901639343
SMOTE,3.442622950819672
GEOSMOTE,3.4754098360655736
BORDERLINE2,3.4836065573770494
SMOTE_SVM,3.5163934426229506
DELAUNAY,4.450819672131147
ORIGINAL,6.442622950819672
