index,0
BORDERLINE1,3.2540983606557377
BORDERLINE2,3.598360655737705
SMOTE,3.6065573770491803
SMOTE_SVM,3.6557377049180326
GEOSMOTE,3.680327868852459
DELAUNAY,3.7704918032786887
ORIGINAL,6.434426229508197
