index,0
DELAUNAY,3.7459016393442623
SMOTE,3.7950819672131146
GEOSMOTE,3.860655737704918
SMOTE_SVM,4.0
BORDERLINE2,4.008196721311475
ORIGINAL,4.073770491803279
BORDERLINE1,4.516393442622951
