index,0
SMOTE,3.2868852459016393
SMOTE_SVM,3.540983606557377
BORDERLINE1,3.622950819672131
DELAUNAY,3.7131147540983607
GEOSMOTE,3.901639344262295
BORDERLINE2,4.073770491803279
ORIGINAL,5.860655737704918
