index,0
SMOTE_SVM,3.3524590163934427
SMOTE,3.442622950819672
BORDERLINE2,3.5327868852459017
BORDERLINE1,3.7049180327868854
DELAUNAY,3.762295081967213
GEOSMOTE,4.5
ORIGINAL,5.704918032786885
