index,0
SMOTE,3.221311475409836
SMOTE_SVM,3.3278688524590163
BORDERLINE1,3.4918032786885247
GEOSMOTE,3.7131147540983607
BORDERLINE2,4.221311475409836
DELAUNAY,4.278688524590164
ORIGINAL,5.745901639344262
