index,0
BORDERLINE2,3.1721311475409837
SMOTE,3.1885245901639343
BORDERLINE1,3.3278688524590163
GEOSMOTE,3.540983606557377
SMOTE_SVM,3.69672131147541
DELAUNAY,4.409836065573771
ORIGINAL,6.663934426229508
