index,0
SMOTE_SVM,3.4344262295081966
DELAUNAY,3.4754098360655736
BORDERLINE2,3.4918032786885247
SMOTE,3.5081967213114753
BORDERLINE1,3.622950819672131
GEOSMOTE,4.639344262295082
ORIGINAL,5.827868852459017
