index,0
SMOTE_SVM,3.319672131147541
DELAUNAY,3.540983606557377
SMOTE,3.639344262295082
GEOSMOTE,3.7540983606557377
BORDERLINE2,4.057377049180328
BORDERLINE1,4.311475409836065
ORIGINAL,5.377049180327869
