index,0
SMOTE_SVM,3.3688524590163933
GEOSMOTE,3.6147540983606556
SMOTE,3.6475409836065573
DELAUNAY,3.7131147540983607
BORDERLINE1,4.278688524590164
BORDERLINE2,4.39344262295082
ORIGINAL,4.983606557377049
