index,0
SMOTE_SVM,3.262295081967213
GEOSMOTE,3.5737704918032787
SMOTE,3.6885245901639343
DELAUNAY,3.8688524590163933
BORDERLINE1,4.30327868852459
BORDERLINE2,4.319672131147541
ORIGINAL,4.983606557377049
