index,0
BORDERLINE1,3.2459016393442623
BORDERLINE2,3.598360655737705
GEOSMOTE,3.6311475409836067
SMOTE,3.6475409836065573
DELAUNAY,3.7049180327868854
SMOTE_SVM,3.737704918032787
ORIGINAL,6.434426229508197
