index,0
SMOTE,3.4098360655737703
DELAUNAY,3.5163934426229506
BORDERLINE1,3.6065573770491803
SMOTE_SVM,3.680327868852459
GEOSMOTE,3.9672131147540983
BORDERLINE2,4.090163934426229
ORIGINAL,5.729508196721311
