index,0
BORDERLINE2,3.3688524590163933
DELAUNAY,3.5245901639344264
SMOTE_SVM,3.5491803278688523
SMOTE,3.7459016393442623
GEOSMOTE,3.8278688524590163
BORDERLINE1,3.918032786885246
ORIGINAL,6.065573770491803
