index,0
SMOTE,3.0081967213114753
SMOTE_SVM,3.581967213114754
ORIGINAL,3.8524590163934427
GEOSMOTE,4.254098360655738
BORDERLINE1,4.270491803278689
BORDERLINE2,4.360655737704918
DELAUNAY,4.672131147540983
