index,0
BORDERLINE2,3.1475409836065573
SMOTE_SVM,3.4098360655737703
SMOTE,3.598360655737705
GEOSMOTE,3.7459016393442623
BORDERLINE1,3.8360655737704916
DELAUNAY,4.204918032786885
ORIGINAL,6.057377049180328
