index,0
BORDERLINE2,3.2049180327868854
SMOTE_SVM,3.4344262295081966
SMOTE,3.540983606557377
BORDERLINE1,3.737704918032787
GEOSMOTE,3.7704918032786887
DELAUNAY,4.245901639344262
ORIGINAL,6.065573770491803
