index,0
DELAUNAY,3.2540983606557377
BORDERLINE2,3.3524590163934427
SMOTE_SVM,3.6557377049180326
SMOTE,3.7868852459016393
GEOSMOTE,3.8442622950819674
BORDERLINE1,3.9836065573770494
ORIGINAL,6.122950819672131
