index,0
SMOTE,3.401639344262295
BORDERLINE1,3.4918032786885247
SMOTE_SVM,3.622950819672131
DELAUNAY,3.7540983606557377
GEOSMOTE,3.959016393442623
BORDERLINE2,4.098360655737705
ORIGINAL,5.672131147540983
