index,0
BORDERLINE1,3.2459016393442623
GEOSMOTE,3.5
SMOTE,3.5163934426229506
BORDERLINE2,3.5327868852459017
SMOTE_SVM,3.6065573770491803
DELAUNAY,4.163934426229508
ORIGINAL,6.434426229508197
