index,0
SMOTE_SVM,3.278688524590164
BORDERLINE2,3.4262295081967213
SMOTE,3.4508196721311477
BORDERLINE1,3.5737704918032787
DELAUNAY,4.30327868852459
GEOSMOTE,4.39344262295082
ORIGINAL,5.573770491803279
