index,0
BORDERLINE1,3.2459016393442623
BORDERLINE2,3.5327868852459017
SMOTE,3.5901639344262297
GEOSMOTE,3.5901639344262297
SMOTE_SVM,3.737704918032787
DELAUNAY,3.8688524590163933
ORIGINAL,6.434426229508197
