index,0
SMOTE_SVM,3.30327868852459
BORDERLINE1,3.319672131147541
SMOTE,3.737704918032787
GEOSMOTE,3.7459016393442623
BORDERLINE2,3.7540983606557377
DELAUNAY,4.442622950819672
ORIGINAL,5.69672131147541
