index,0
SMOTE,3.122950819672131
SMOTE_SVM,3.7459016393442623
DELAUNAY,3.8852459016393444
ORIGINAL,4.057377049180328
BORDERLINE1,4.352459016393443
GEOSMOTE,4.368852459016393
BORDERLINE2,4.467213114754099
