index,0
DELAUNAY,3.278688524590164
SMOTE_SVM,3.459016393442623
BORDERLINE2,3.5163934426229506
SMOTE,3.5327868852459017
BORDERLINE1,3.69672131147541
GEOSMOTE,4.655737704918033
ORIGINAL,5.860655737704918
