index,0
BORDERLINE1,3.4836065573770494
SMOTE_SVM,3.5
DELAUNAY,3.557377049180328
SMOTE,3.8524590163934427
BORDERLINE2,3.8852459016393444
GEOSMOTE,3.9098360655737703
ORIGINAL,5.811475409836065
