index,0
SMOTE_SVM,3.2540983606557377
GEOSMOTE,3.6557377049180326
SMOTE,3.7049180327868854
DELAUNAY,3.7459016393442623
BORDERLINE2,4.311475409836065
BORDERLINE1,4.319672131147541
ORIGINAL,5.008196721311475
