index,0
SMOTE,3.30327868852459
SMOTE_SVM,3.5163934426229506
BORDERLINE1,3.5901639344262297
GEOSMOTE,3.6721311475409837
DELAUNAY,3.7950819672131146
BORDERLINE2,4.352459016393443
ORIGINAL,5.770491803278689
