index,0
BORDERLINE2,3.4262295081967213
SMOTE_SVM,3.5163934426229506
DELAUNAY,3.5655737704918034
SMOTE,3.7540983606557377
GEOSMOTE,3.9098360655737703
BORDERLINE1,4.016393442622951
ORIGINAL,5.811475409836065
