index,0
BORDERLINE1,3.2295081967213113
BORDERLINE2,3.5491803278688523
GEOSMOTE,3.557377049180328
SMOTE,3.5901639344262297
SMOTE_SVM,3.6885245901639343
DELAUNAY,3.959016393442623
ORIGINAL,6.426229508196721
