index,0
DELAUNAY,3.3360655737704916
BORDERLINE2,3.459016393442623
SMOTE_SVM,3.6147540983606556
SMOTE,3.778688524590164
GEOSMOTE,3.918032786885246
BORDERLINE1,4.090163934426229
ORIGINAL,5.80327868852459
