index,0
BORDERLINE1,3.1475409836065573
GEOSMOTE,3.4918032786885247
BORDERLINE2,3.5163934426229506
SMOTE,3.622950819672131
SMOTE_SVM,3.737704918032787
DELAUNAY,4.049180327868853
ORIGINAL,6.434426229508197
