index,0
DELAUNAY,3.540983606557377
GEOSMOTE,3.819672131147541
SMOTE_SVM,3.8852459016393444
ORIGINAL,3.9344262295081966
SMOTE,3.9836065573770494
BORDERLINE2,4.122950819672131
BORDERLINE1,4.713114754098361
