index,0
SMOTE_SVM,3.4098360655737703
DELAUNAY,3.4836065573770494
SMOTE,3.721311475409836
GEOSMOTE,3.7295081967213113
BORDERLINE2,4.229508196721311
BORDERLINE1,4.262295081967213
ORIGINAL,5.163934426229508
