index,0
BORDERLINE2,3.0655737704918034
SMOTE,3.1557377049180326
BORDERLINE1,3.30327868852459
GEOSMOTE,3.5901639344262297
SMOTE_SVM,3.6475409836065573
DELAUNAY,4.713114754098361
ORIGINAL,6.524590163934426
