index,0
BORDERLINE1,3.3114754098360657
SMOTE,3.5737704918032787
BORDERLINE2,3.6147540983606556
GEOSMOTE,3.622950819672131
SMOTE_SVM,3.6721311475409837
DELAUNAY,3.7704918032786887
ORIGINAL,6.434426229508197
