index,0
SMOTE_SVM,3.2131147540983607
GEOSMOTE,3.5327868852459017
SMOTE,3.6065573770491803
BORDERLINE1,4.204918032786885
BORDERLINE2,4.270491803278689
DELAUNAY,4.270491803278689
ORIGINAL,4.901639344262295
