index,0
SMOTE_SVM,3.1885245901639343
SMOTE,3.2459016393442623
BORDERLINE2,3.3442622950819674
BORDERLINE1,3.459016393442623
GEOSMOTE,4.459016393442623
DELAUNAY,4.532786885245901
ORIGINAL,5.770491803278689
