index,0
BORDERLINE2,3.057377049180328
SMOTE,3.180327868852459
BORDERLINE1,3.377049180327869
GEOSMOTE,3.5081967213114753
SMOTE_SVM,3.7459016393442623
DELAUNAY,4.450819672131147
ORIGINAL,6.680327868852459
