index,0
SMOTE,3.1147540983606556
DELAUNAY,3.622950819672131
SMOTE_SVM,3.8688524590163933
ORIGINAL,4.040983606557377
BORDERLINE1,4.368852459016393
BORDERLINE2,4.459016393442623
GEOSMOTE,4.524590163934426
