index,0
SMOTE_SVM,3.360655737704918
GEOSMOTE,3.6065573770491803
SMOTE,3.6311475409836067
DELAUNAY,3.762295081967213
BORDERLINE2,4.065573770491803
BORDERLINE1,4.237704918032787
ORIGINAL,5.336065573770492
