index,0
BORDERLINE1,3.3524590163934427
SMOTE_SVM,3.4672131147540983
SMOTE,3.8442622950819674
BORDERLINE2,3.8442622950819674
GEOSMOTE,3.8442622950819674
DELAUNAY,3.8688524590163933
ORIGINAL,5.778688524590164
