index,0
DELAUNAY,3.5901639344262297
SMOTE,3.8360655737704916
GEOSMOTE,3.860655737704918
ORIGINAL,4.008196721311475
SMOTE_SVM,4.016393442622951
BORDERLINE2,4.049180327868853
BORDERLINE1,4.639344262295082
