index,0
SMOTE_SVM,3.2049180327868854
SMOTE,3.4918032786885247
GEOSMOTE,3.5327868852459017
BORDERLINE2,4.040983606557377
BORDERLINE1,4.180327868852459
DELAUNAY,4.360655737704918
ORIGINAL,5.188524590163935
