index,0
SMOTE,3.221311475409836
DELAUNAY,3.401639344262295
SMOTE_SVM,3.7950819672131146
ORIGINAL,4.073770491803279
BORDERLINE1,4.450819672131147
GEOSMOTE,4.450819672131147
BORDERLINE2,4.60655737704918
