index,0
SMOTE,3.319672131147541
SMOTE_SVM,3.5245901639344264
BORDERLINE1,3.5737704918032787
GEOSMOTE,3.680327868852459
DELAUNAY,3.7950819672131146
BORDERLINE2,4.30327868852459
ORIGINAL,5.80327868852459
