index,0
SMOTE,3.2868852459016393
SMOTE_SVM,3.5163934426229506
BORDERLINE1,3.6721311475409837
GEOSMOTE,3.8114754098360657
DELAUNAY,3.8934426229508197
BORDERLINE2,4.032786885245901
ORIGINAL,5.786885245901639
