index,0
DELAUNAY,3.2295081967213113
SMOTE_SVM,3.4344262295081966
BORDERLINE2,3.6065573770491803
SMOTE,3.6721311475409837
BORDERLINE1,3.8278688524590163
GEOSMOTE,4.508196721311475
ORIGINAL,5.721311475409836
