index,0
DELAUNAY,3.4672131147540983
BORDERLINE1,3.5163934426229506
SMOTE_SVM,3.557377049180328
BORDERLINE2,3.860655737704918
SMOTE,3.8934426229508197
GEOSMOTE,3.9098360655737703
ORIGINAL,5.795081967213115
