index,0
SMOTE_SVM,3.3442622950819674
GEOSMOTE,3.639344262295082
DELAUNAY,3.6475409836065573
SMOTE,3.6721311475409837
BORDERLINE2,4.049180327868853
BORDERLINE1,4.262295081967213
ORIGINAL,5.385245901639344
