index,0
SMOTE,3.2295081967213113
BORDERLINE1,3.5081967213114753
SMOTE_SVM,3.557377049180328
GEOSMOTE,3.9508196721311477
BORDERLINE2,3.959016393442623
DELAUNAY,4.122950819672131
ORIGINAL,5.672131147540983
