index,0
SMOTE,3.0163934426229506
SMOTE_SVM,3.8524590163934427
ORIGINAL,3.959016393442623
DELAUNAY,3.959016393442623
BORDERLINE1,4.295081967213115
BORDERLINE2,4.418032786885246
GEOSMOTE,4.5
