index,0
SMOTE_SVM,3.319672131147541
GEOSMOTE,3.557377049180328
SMOTE,3.69672131147541
DELAUNAY,3.8278688524590163
BORDERLINE1,4.229508196721311
BORDERLINE2,4.344262295081967
ORIGINAL,5.024590163934426
