index,0
SMOTE,3.1885245901639343
SMOTE_SVM,3.762295081967213
DELAUNAY,3.877049180327869
ORIGINAL,3.918032786885246
GEOSMOTE,4.336065573770492
BORDERLINE1,4.368852459016393
BORDERLINE2,4.549180327868853
