index,0
BORDERLINE1,3.4098360655737703
SMOTE_SVM,3.5245901639344264
BORDERLINE2,3.7868852459016393
SMOTE,3.8360655737704916
GEOSMOTE,3.8360655737704916
DELAUNAY,3.8934426229508197
ORIGINAL,5.713114754098361
