index,0
SMOTE,3.1475409836065573
DELAUNAY,3.6557377049180326
SMOTE_SVM,3.737704918032787
ORIGINAL,4.024590163934426
GEOSMOTE,4.418032786885246
BORDERLINE1,4.434426229508197
BORDERLINE2,4.581967213114754
