index,0
BORDERLINE1,3.221311475409836
BORDERLINE2,3.5737704918032787
GEOSMOTE,3.581967213114754
SMOTE,3.5901639344262297
SMOTE_SVM,3.737704918032787
DELAUNAY,3.860655737704918
ORIGINAL,6.434426229508197
