index,0
BORDERLINE2,3.360655737704918
SMOTE_SVM,3.4344262295081966
SMOTE,3.69672131147541
GEOSMOTE,3.7295081967213113
BORDERLINE1,3.9098360655737703
DELAUNAY,4.10655737704918
ORIGINAL,5.762295081967213
