index,0
SMOTE,3.3278688524590163
SMOTE_SVM,3.5163934426229506
DELAUNAY,3.7131147540983607
GEOSMOTE,3.737704918032787
BORDERLINE1,3.778688524590164
BORDERLINE2,4.262295081967213
ORIGINAL,5.663934426229508
