index,0
BORDERLINE1,3.3934426229508197
BORDERLINE2,3.4262295081967213
SMOTE,3.4754098360655736
DELAUNAY,3.6147540983606556
SMOTE_SVM,3.7131147540983607
GEOSMOTE,4.172131147540983
ORIGINAL,6.204918032786885
