index,0
SMOTE,3.7950819672131146
GEOSMOTE,3.819672131147541
BORDERLINE2,3.860655737704918
SMOTE_SVM,3.9918032786885247
ORIGINAL,4.040983606557377
DELAUNAY,4.040983606557377
BORDERLINE1,4.450819672131147
