index,0
SMOTE,3.2295081967213113
SMOTE_SVM,3.4344262295081966
BORDERLINE1,3.540983606557377
GEOSMOTE,3.6885245901639343
DELAUNAY,4.090163934426229
BORDERLINE2,4.254098360655738
ORIGINAL,5.762295081967213
