index,0
SMOTE,3.3278688524590163
DELAUNAY,3.4918032786885247
SMOTE_SVM,3.622950819672131
BORDERLINE1,3.6557377049180326
GEOSMOTE,3.9262295081967213
BORDERLINE2,4.131147540983607
ORIGINAL,5.844262295081967
