index,0
SMOTE,2.959016393442623
SMOTE_SVM,3.6721311475409837
ORIGINAL,3.8278688524590163
BORDERLINE1,4.172131147540983
BORDERLINE2,4.254098360655738
GEOSMOTE,4.409836065573771
DELAUNAY,4.704918032786885
