index,0
SMOTE_SVM,3.418032786885246
BORDERLINE2,3.4672131147540983
DELAUNAY,3.5
SMOTE,3.5737704918032787
BORDERLINE1,3.7704918032786887
GEOSMOTE,4.549180327868853
ORIGINAL,5.721311475409836
