index,0
SMOTE,3.3688524590163933
SMOTE_SVM,3.5327868852459017
DELAUNAY,3.598360655737705
BORDERLINE1,3.7459016393442623
GEOSMOTE,3.8114754098360657
BORDERLINE2,4.278688524590164
ORIGINAL,5.663934426229508
