index,0
DELAUNAY,3.69672131147541
SMOTE,3.8360655737704916
GEOSMOTE,3.8852459016393444
SMOTE_SVM,3.9918032786885247
ORIGINAL,4.0
BORDERLINE2,4.0
BORDERLINE1,4.590163934426229
