index,0
BORDERLINE1,3.1639344262295084
SMOTE,3.418032786885246
SMOTE_SVM,3.4754098360655736
BORDERLINE2,3.540983606557377
GEOSMOTE,3.9672131147540983
DELAUNAY,4.475409836065574
ORIGINAL,5.959016393442623
