index,0
SMOTE,3.3114754098360657
SMOTE_SVM,3.5163934426229506
BORDERLINE1,3.6475409836065573
GEOSMOTE,3.7049180327868854
DELAUNAY,3.901639344262295
BORDERLINE2,4.245901639344262
ORIGINAL,5.672131147540983
