index,0
SMOTE_SVM,3.319672131147541
DELAUNAY,3.418032786885246
SMOTE,3.639344262295082
GEOSMOTE,3.69672131147541
BORDERLINE2,4.188524590163935
BORDERLINE1,4.344262295081967
ORIGINAL,5.39344262295082
