index,0
SMOTE,3.7950819672131146
GEOSMOTE,3.8278688524590163
BORDERLINE2,3.8442622950819674
SMOTE_SVM,3.9262295081967213
ORIGINAL,4.049180327868853
DELAUNAY,4.147540983606557
BORDERLINE1,4.409836065573771
