index,0
BORDERLINE2,3.2459016393442623
SMOTE_SVM,3.5
SMOTE,3.639344262295082
GEOSMOTE,3.7868852459016393
DELAUNAY,3.860655737704918
BORDERLINE1,3.8688524590163933
ORIGINAL,6.098360655737705
