index,0
SMOTE,3.2950819672131146
SMOTE_SVM,3.557377049180328
BORDERLINE1,3.639344262295082
DELAUNAY,3.80327868852459
GEOSMOTE,3.8852459016393444
BORDERLINE2,3.9918032786885247
ORIGINAL,5.827868852459017
