index,0
BORDERLINE1,3.401639344262295
SMOTE,3.5327868852459017
GEOSMOTE,3.5655737704918034
SMOTE_SVM,3.639344262295082
DELAUNAY,3.778688524590164
BORDERLINE2,3.8114754098360657
ORIGINAL,6.270491803278689
