index,0
BORDERLINE1,3.262295081967213
SMOTE,3.5081967213114753
GEOSMOTE,3.540983606557377
SMOTE_SVM,3.5491803278688523
BORDERLINE2,3.5655737704918034
DELAUNAY,4.163934426229508
ORIGINAL,6.409836065573771
