index,0
SMOTE_SVM,3.2459016393442623
SMOTE,3.557377049180328
GEOSMOTE,3.5901639344262297
BORDERLINE1,4.139344262295082
BORDERLINE2,4.172131147540983
DELAUNAY,4.237704918032787
ORIGINAL,5.057377049180328
