index,0
DELAUNAY,3.5081967213114753
SMOTE,3.8688524590163933
GEOSMOTE,3.8934426229508197
ORIGINAL,3.9918032786885247
SMOTE_SVM,4.024590163934426
BORDERLINE2,4.032786885245901
BORDERLINE1,4.680327868852459
