index,0
SMOTE_SVM,3.262295081967213
SMOTE,3.5
GEOSMOTE,3.5245901639344264
BORDERLINE2,4.057377049180328
BORDERLINE1,4.188524590163935
DELAUNAY,4.245901639344262
ORIGINAL,5.221311475409836
