index,0
SMOTE,3.3114754098360657
SMOTE_SVM,3.4836065573770494
BORDERLINE1,3.6147540983606556
DELAUNAY,3.6639344262295084
GEOSMOTE,3.8114754098360657
BORDERLINE2,4.344262295081967
ORIGINAL,5.770491803278689
