index,0
BORDERLINE2,3.1147540983606556
SMOTE,3.1639344262295084
BORDERLINE1,3.4262295081967213
GEOSMOTE,3.442622950819672
SMOTE_SVM,3.8114754098360657
DELAUNAY,4.385245901639344
ORIGINAL,6.655737704918033
