index,0
BORDERLINE2,3.1885245901639343
SMOTE_SVM,3.5163934426229506
SMOTE,3.598360655737705
BORDERLINE1,3.7459016393442623
GEOSMOTE,3.7868852459016393
DELAUNAY,4.057377049180328
ORIGINAL,6.10655737704918
