index,0
DELAUNAY,3.2295081967213113
BORDERLINE2,3.2950819672131146
SMOTE_SVM,3.7459016393442623
SMOTE,3.7950819672131146
GEOSMOTE,3.860655737704918
BORDERLINE1,3.942622950819672
ORIGINAL,6.131147540983607
