index,0
DELAUNAY,3.3442622950819674
SMOTE,3.877049180327869
GEOSMOTE,3.9508196721311477
ORIGINAL,4.024590163934426
BORDERLINE2,4.057377049180328
SMOTE_SVM,4.081967213114754
BORDERLINE1,4.663934426229508
