index,0
BORDERLINE1,3.4098360655737703
DELAUNAY,3.4262295081967213
BORDERLINE2,3.4836065573770494
SMOTE,3.5245901639344264
SMOTE_SVM,3.721311475409836
GEOSMOTE,4.221311475409836
ORIGINAL,6.213114754098361
