index,0
DELAUNAY,3.1147540983606556
BORDERLINE2,3.360655737704918
SMOTE_SVM,3.737704918032787
SMOTE,3.819672131147541
GEOSMOTE,3.8524590163934427
BORDERLINE1,4.0
ORIGINAL,6.114754098360656
