index,0
DELAUNAY,3.2540983606557377
BORDERLINE2,3.459016393442623
SMOTE_SVM,3.5081967213114753
SMOTE,3.5163934426229506
BORDERLINE1,3.7868852459016393
GEOSMOTE,4.631147540983607
ORIGINAL,5.844262295081967
