index,0
BORDERLINE2,3.360655737704918
SMOTE_SVM,3.581967213114754
DELAUNAY,3.5901639344262297
SMOTE,3.69672131147541
GEOSMOTE,3.901639344262295
BORDERLINE1,4.049180327868853
ORIGINAL,5.819672131147541
