index,0
DELAUNAY,3.2540983606557377
BORDERLINE2,3.401639344262295
SMOTE_SVM,3.639344262295082
SMOTE,3.819672131147541
GEOSMOTE,3.819672131147541
BORDERLINE1,3.9918032786885247
ORIGINAL,6.073770491803279
