index,0
BORDERLINE1,3.2459016393442623
GEOSMOTE,3.5901639344262297
SMOTE,3.622950819672131
BORDERLINE2,3.622950819672131
SMOTE_SVM,3.721311475409836
DELAUNAY,3.762295081967213
ORIGINAL,6.434426229508197
