index,0
SMOTE_SVM,3.262295081967213
SMOTE,3.3524590163934427
BORDERLINE2,3.4098360655737703
BORDERLINE1,3.4836065573770494
DELAUNAY,4.311475409836065
GEOSMOTE,4.475409836065574
ORIGINAL,5.704918032786885
