index,0
SMOTE_SVM,3.1885245901639343
SMOTE,3.3114754098360657
BORDERLINE2,3.3688524590163933
BORDERLINE1,3.557377049180328
GEOSMOTE,4.442622950819672
DELAUNAY,4.491803278688525
ORIGINAL,5.639344262295082
