index,0
SMOTE,3.3278688524590163
SMOTE_SVM,3.5327868852459017
BORDERLINE1,3.6065573770491803
GEOSMOTE,3.69672131147541
DELAUNAY,3.69672131147541
BORDERLINE2,4.368852459016393
ORIGINAL,5.770491803278689
