index,0
DELAUNAY,3.7131147540983607
SMOTE,3.7868852459016393
GEOSMOTE,3.80327868852459
BORDERLINE2,4.016393442622951
SMOTE_SVM,4.049180327868853
ORIGINAL,4.073770491803279
BORDERLINE1,4.557377049180328
