index,0
SMOTE,3.1475409836065573
SMOTE_SVM,3.680327868852459
ORIGINAL,3.8688524590163933
DELAUNAY,4.057377049180328
GEOSMOTE,4.311475409836065
BORDERLINE1,4.401639344262295
BORDERLINE2,4.532786885245901
