index,0
DELAUNAY,3.6311475409836067
GEOSMOTE,3.8278688524590163
SMOTE,3.8688524590163933
BORDERLINE2,3.9836065573770494
ORIGINAL,4.065573770491803
SMOTE_SVM,4.090163934426229
BORDERLINE1,4.532786885245901
