index,0
DELAUNAY,3.3442622950819674
SMOTE_SVM,3.442622950819672
SMOTE,3.721311475409836
GEOSMOTE,3.762295081967213
BORDERLINE1,4.270491803278689
BORDERLINE2,4.30327868852459
ORIGINAL,5.155737704918033
