index,0
SMOTE,3.3114754098360657
SMOTE_SVM,3.418032786885246
BORDERLINE1,3.6065573770491803
DELAUNAY,3.7704918032786887
GEOSMOTE,3.778688524590164
BORDERLINE2,4.336065573770492
ORIGINAL,5.778688524590164
