index,0
DELAUNAY,3.2049180327868854
BORDERLINE2,3.3114754098360657
SMOTE_SVM,3.69672131147541
SMOTE,3.8278688524590163
GEOSMOTE,3.877049180327869
BORDERLINE1,3.9754098360655736
ORIGINAL,6.10655737704918
