index,0
DELAUNAY,3.3934426229508197
BORDERLINE1,3.401639344262295
BORDERLINE2,3.5081967213114753
SMOTE,3.5737704918032787
SMOTE_SVM,3.7540983606557377
GEOSMOTE,4.172131147540983
ORIGINAL,6.19672131147541
