index,0
BORDERLINE1,3.2049180327868854
SMOTE,3.30327868852459
BORDERLINE2,3.3278688524590163
SMOTE_SVM,3.557377049180328
GEOSMOTE,4.008196721311475
DELAUNAY,4.418032786885246
ORIGINAL,6.180327868852459
