index,0
BORDERLINE2,3.1639344262295084
SMOTE,3.2295081967213113
BORDERLINE1,3.4344262295081966
GEOSMOTE,3.5491803278688523
SMOTE_SVM,3.8524590163934427
DELAUNAY,4.19672131147541
ORIGINAL,6.573770491803279
