index,0
DELAUNAY,3.3524590163934427
BORDERLINE2,3.4262295081967213
SMOTE_SVM,3.4754098360655736
SMOTE,3.4918032786885247
BORDERLINE1,3.7459016393442623
GEOSMOTE,4.680327868852459
ORIGINAL,5.827868852459017
