index,0
DELAUNAY,3.6065573770491803
SMOTE,3.819672131147541
GEOSMOTE,3.8278688524590163
SMOTE_SVM,4.057377049180328
BORDERLINE2,4.057377049180328
ORIGINAL,4.098360655737705
BORDERLINE1,4.532786885245901
