index,0
DELAUNAY,3.278688524590164
BORDERLINE2,3.3688524590163933
SMOTE,3.4262295081967213
BORDERLINE1,3.6065573770491803
GEOSMOTE,3.7131147540983607
SMOTE_SVM,3.9672131147540983
ORIGINAL,6.639344262295082
