index,0
BORDERLINE2,3.418032786885246
SMOTE,3.4344262295081966
SMOTE_SVM,3.459016393442623
DELAUNAY,3.4672131147540983
BORDERLINE1,3.737704918032787
GEOSMOTE,4.655737704918033
ORIGINAL,5.827868852459017
