index,0
BORDERLINE2,3.19672131147541
SMOTE,3.278688524590164
BORDERLINE1,3.5491803278688523
GEOSMOTE,3.6557377049180326
SMOTE_SVM,3.860655737704918
DELAUNAY,3.9098360655737703
ORIGINAL,6.549180327868853
