index,0
SMOTE,3.2459016393442623
BORDERLINE1,3.557377049180328
SMOTE_SVM,3.581967213114754
GEOSMOTE,3.8114754098360657
DELAUNAY,4.008196721311475
BORDERLINE2,4.032786885245901
ORIGINAL,5.762295081967213
