index,0
DELAUNAY,3.081967213114754
SMOTE_SVM,3.5491803278688523
SMOTE,3.5655737704918034
BORDERLINE2,3.581967213114754
BORDERLINE1,3.69672131147541
GEOSMOTE,4.655737704918033
ORIGINAL,5.868852459016393
