index,0
SMOTE_SVM,3.2950819672131146
GEOSMOTE,3.581967213114754
SMOTE,3.5901639344262297
DELAUNAY,4.139344262295082
BORDERLINE1,4.163934426229508
BORDERLINE2,4.188524590163935
ORIGINAL,5.040983606557377
