index,0
SMOTE,3.2540983606557377
BORDERLINE1,3.442622950819672
SMOTE_SVM,3.4918032786885247
GEOSMOTE,3.7950819672131146
BORDERLINE2,3.9508196721311477
DELAUNAY,4.434426229508197
ORIGINAL,5.631147540983607
