index,0
DELAUNAY,3.3278688524590163
BORDERLINE2,3.418032786885246
SMOTE_SVM,3.4836065573770494
SMOTE,3.5245901639344264
BORDERLINE1,3.7704918032786887
GEOSMOTE,4.647540983606557
ORIGINAL,5.827868852459017
