index,0
SMOTE,3.680327868852459
GEOSMOTE,3.7704918032786887
SMOTE_SVM,3.80327868852459
BORDERLINE2,3.877049180327869
ORIGINAL,3.8852459016393444
BORDERLINE1,4.459016393442623
DELAUNAY,4.524590163934426
