index,0
SMOTE,3.30327868852459
SMOTE_SVM,3.5327868852459017
BORDERLINE1,3.6065573770491803
GEOSMOTE,3.6475409836065573
DELAUNAY,3.8278688524590163
BORDERLINE2,4.327868852459017
ORIGINAL,5.754098360655738
