index,0
SMOTE,3.7950819672131146
GEOSMOTE,3.8442622950819674
ORIGINAL,3.8934426229508197
SMOTE_SVM,3.901639344262295
BORDERLINE2,3.942622950819672
DELAUNAY,4.049180327868853
BORDERLINE1,4.573770491803279
