index,0
SMOTE,3.1311475409836067
DELAUNAY,3.4262295081967213
SMOTE_SVM,3.8934426229508197
ORIGINAL,4.016393442622951
BORDERLINE1,4.426229508196721
BORDERLINE2,4.524590163934426
GEOSMOTE,4.581967213114754
