index,0
SMOTE,3.081967213114754
SMOTE_SVM,3.6639344262295084
ORIGINAL,3.8688524590163933
GEOSMOTE,4.254098360655738
BORDERLINE1,4.286885245901639
BORDERLINE2,4.360655737704918
DELAUNAY,4.483606557377049
