index,0
GEOSMOTE,3.80327868852459
SMOTE,3.8114754098360657
DELAUNAY,3.8442622950819674
ORIGINAL,3.9262295081967213
BORDERLINE2,4.0
SMOTE_SVM,4.008196721311475
BORDERLINE1,4.60655737704918
