index,0
SMOTE,3.3524590163934427
BORDERLINE1,3.4754098360655736
SMOTE_SVM,3.622950819672131
DELAUNAY,3.7459016393442623
GEOSMOTE,3.9754098360655736
BORDERLINE2,4.114754098360656
ORIGINAL,5.713114754098361
