index,0
BORDERLINE1,3.19672131147541
GEOSMOTE,3.418032786885246
SMOTE,3.4262295081967213
BORDERLINE2,3.442622950819672
SMOTE_SVM,3.5163934426229506
DELAUNAY,4.557377049180328
ORIGINAL,6.442622950819672
