index,0
BORDERLINE1,3.1885245901639343
BORDERLINE2,3.557377049180328
GEOSMOTE,3.581967213114754
SMOTE,3.5901639344262297
SMOTE_SVM,3.69672131147541
DELAUNAY,3.9508196721311477
ORIGINAL,6.434426229508197
