index,0
SMOTE_SVM,3.2704918032786887
SMOTE,3.3688524590163933
BORDERLINE2,3.418032786885246
BORDERLINE1,3.598360655737705
DELAUNAY,3.959016393442623
GEOSMOTE,4.540983606557377
ORIGINAL,5.844262295081967
