index,0
SMOTE_SVM,3.2704918032786887
GEOSMOTE,3.6065573770491803
SMOTE,3.680327868852459
DELAUNAY,3.9262295081967213
BORDERLINE1,4.229508196721311
BORDERLINE2,4.295081967213115
ORIGINAL,4.991803278688525
