index,0
SMOTE,3.1475409836065573
SMOTE_SVM,3.778688524590164
ORIGINAL,3.8688524590163933
DELAUNAY,4.016393442622951
GEOSMOTE,4.278688524590164
BORDERLINE1,4.368852459016393
BORDERLINE2,4.540983606557377
