index,0
SMOTE,3.3442622950819674
SMOTE_SVM,3.4918032786885247
DELAUNAY,3.5163934426229506
BORDERLINE1,3.6557377049180326
GEOSMOTE,3.8442622950819674
BORDERLINE2,4.368852459016393
ORIGINAL,5.778688524590164
