index,0
SMOTE,3.0901639344262297
SMOTE_SVM,3.6557377049180326
ORIGINAL,3.9344262295081966
BORDERLINE1,4.270491803278689
GEOSMOTE,4.327868852459017
DELAUNAY,4.336065573770492
BORDERLINE2,4.385245901639344
