index,0
SMOTE_SVM,3.3934426229508197
SMOTE,3.4098360655737703
BORDERLINE2,3.5
BORDERLINE1,3.622950819672131
DELAUNAY,3.680327868852459
GEOSMOTE,4.573770491803279
ORIGINAL,5.819672131147541
