index,0
SMOTE,3.401639344262295
DELAUNAY,3.4262295081967213
SMOTE_SVM,3.5327868852459017
BORDERLINE1,3.7704918032786887
GEOSMOTE,3.860655737704918
BORDERLINE2,4.327868852459017
ORIGINAL,5.680327868852459
