index,0
SMOTE_SVM,3.3360655737704916
SMOTE,3.5327868852459017
BORDERLINE2,3.5327868852459017
DELAUNAY,3.5491803278688523
BORDERLINE1,3.737704918032787
GEOSMOTE,4.557377049180328
ORIGINAL,5.754098360655738
