index,0
BORDERLINE2,3.1639344262295084
SMOTE_SVM,3.540983606557377
SMOTE,3.7049180327868854
GEOSMOTE,3.7295081967213113
BORDERLINE1,3.7459016393442623
DELAUNAY,4.049180327868853
ORIGINAL,6.065573770491803
