index,0
BORDERLINE2,3.1721311475409837
SMOTE_SVM,3.540983606557377
SMOTE,3.6147540983606556
BORDERLINE1,3.7950819672131146
GEOSMOTE,3.80327868852459
DELAUNAY,3.9672131147540983
ORIGINAL,6.10655737704918
