index,0
SMOTE,3.139344262295082
DELAUNAY,3.6557377049180326
SMOTE_SVM,3.762295081967213
ORIGINAL,4.065573770491803
GEOSMOTE,4.385245901639344
BORDERLINE1,4.409836065573771
BORDERLINE2,4.581967213114754
