index,0
SMOTE,3.3278688524590163
SMOTE_SVM,3.4754098360655736
BORDERLINE1,3.7295081967213113
GEOSMOTE,3.7459016393442623
DELAUNAY,3.8114754098360657
BORDERLINE2,4.278688524590164
ORIGINAL,5.631147540983607
