index,0
BORDERLINE2,3.221311475409836
SMOTE_SVM,3.5901639344262297
SMOTE,3.69672131147541
DELAUNAY,3.7049180327868854
GEOSMOTE,3.8278688524590163
BORDERLINE1,3.860655737704918
ORIGINAL,6.098360655737705
