index,0
SMOTE_SVM,3.721311475409836
GEOSMOTE,3.762295081967213
ORIGINAL,3.7950819672131146
SMOTE,3.80327868852459
BORDERLINE2,3.9344262295081966
DELAUNAY,4.442622950819672
BORDERLINE1,4.540983606557377
