index,0
SMOTE_SVM,3.442622950819672
BORDERLINE1,3.4672131147540983
SMOTE,3.7704918032786887
BORDERLINE2,3.819672131147541
GEOSMOTE,3.8524590163934427
DELAUNAY,3.860655737704918
ORIGINAL,5.786885245901639
