index,0
SMOTE,3.2131147540983607
BORDERLINE2,3.221311475409836
BORDERLINE1,3.442622950819672
GEOSMOTE,3.5327868852459017
SMOTE_SVM,3.8688524590163933
DELAUNAY,4.090163934426229
ORIGINAL,6.631147540983607
