index,0
DELAUNAY,3.1639344262295084
BORDERLINE2,3.2704918032786887
SMOTE,3.459016393442623
BORDERLINE1,3.69672131147541
GEOSMOTE,3.7868852459016393
SMOTE_SVM,3.9672131147540983
ORIGINAL,6.655737704918033
