index,0
SMOTE,3.3114754098360657
SMOTE_SVM,3.4672131147540983
BORDERLINE1,3.598360655737705
DELAUNAY,3.69672131147541
GEOSMOTE,3.778688524590164
BORDERLINE2,4.336065573770492
ORIGINAL,5.811475409836065
