index,0
BORDERLINE1,3.3360655737704916
DELAUNAY,3.557377049180328
SMOTE,3.6311475409836067
BORDERLINE2,3.6557377049180326
SMOTE_SVM,3.6885245901639343
GEOSMOTE,4.073770491803279
ORIGINAL,6.057377049180328
