index,0
SMOTE,3.278688524590164
BORDERLINE2,3.30327868852459
BORDERLINE1,3.5491803278688523
GEOSMOTE,3.6311475409836067
DELAUNAY,3.778688524590164
SMOTE_SVM,3.80327868852459
ORIGINAL,6.655737704918033
