index,0
SMOTE_SVM,3.2459016393442623
GEOSMOTE,3.6065573770491803
DELAUNAY,3.6147540983606556
SMOTE,3.721311475409836
BORDERLINE1,4.311475409836065
BORDERLINE2,4.467213114754099
ORIGINAL,5.032786885245901
