index,0
SMOTE,3.2459016393442623
SMOTE_SVM,3.540983606557377
BORDERLINE1,3.6065573770491803
GEOSMOTE,3.8524590163934427
DELAUNAY,3.8934426229508197
BORDERLINE2,4.024590163934426
ORIGINAL,5.836065573770492
