index,0
SMOTE,3.278688524590164
DELAUNAY,3.4508196721311477
SMOTE_SVM,3.80327868852459
ORIGINAL,4.024590163934426
GEOSMOTE,4.409836065573771
BORDERLINE1,4.459016393442623
BORDERLINE2,4.573770491803279
