index,0
BORDERLINE2,3.262295081967213
DELAUNAY,3.442622950819672
SMOTE_SVM,3.6557377049180326
SMOTE,3.7868852459016393
GEOSMOTE,3.8278688524590163
BORDERLINE1,3.8934426229508197
ORIGINAL,6.131147540983607
