index,0
BORDERLINE1,3.4672131147540983
SMOTE_SVM,3.5245901639344264
DELAUNAY,3.7131147540983607
GEOSMOTE,3.819672131147541
BORDERLINE2,3.8524590163934427
SMOTE,3.8688524590163933
ORIGINAL,5.754098360655738
