index,0
DELAUNAY,3.598360655737705
SMOTE,3.8114754098360657
GEOSMOTE,3.877049180327869
BORDERLINE2,4.016393442622951
SMOTE_SVM,4.081967213114754
ORIGINAL,4.090163934426229
BORDERLINE1,4.524590163934426
