index,0
SMOTE,3.30327868852459
SMOTE_SVM,3.5081967213114753
BORDERLINE1,3.5737704918032787
GEOSMOTE,3.8114754098360657
DELAUNAY,3.9918032786885247
BORDERLINE2,4.040983606557377
ORIGINAL,5.770491803278689
