index,0
DELAUNAY,3.1475409836065573
BORDERLINE1,3.4344262295081966
BORDERLINE2,3.581967213114754
SMOTE,3.598360655737705
SMOTE_SVM,3.8360655737704916
GEOSMOTE,4.188524590163935
ORIGINAL,6.213114754098361
