index,0
DELAUNAY,3.639344262295082
SMOTE,3.80327868852459
GEOSMOTE,3.8360655737704916
ORIGINAL,4.016393442622951
SMOTE_SVM,4.024590163934426
BORDERLINE2,4.065573770491803
BORDERLINE1,4.614754098360656
