index,0
SMOTE_SVM,3.3524590163934427
DELAUNAY,3.442622950819672
SMOTE,3.680327868852459
GEOSMOTE,3.7459016393442623
BORDERLINE2,4.098360655737705
BORDERLINE1,4.344262295081967
ORIGINAL,5.336065573770492
