index,0
BORDERLINE1,3.3114754098360657
BORDERLINE2,3.4098360655737703
SMOTE,3.4754098360655736
DELAUNAY,3.6311475409836067
SMOTE_SVM,3.7704918032786887
GEOSMOTE,4.163934426229508
ORIGINAL,6.237704918032787
