index,0
SMOTE_SVM,3.3360655737704916
DELAUNAY,3.5081967213114753
GEOSMOTE,3.6721311475409837
SMOTE,3.7459016393442623
BORDERLINE1,4.311475409836065
BORDERLINE2,4.39344262295082
ORIGINAL,5.032786885245901
