index,0
SMOTE,3.081967213114754
DELAUNAY,3.7295081967213113
SMOTE_SVM,3.8688524590163933
ORIGINAL,3.9754098360655736
BORDERLINE1,4.319672131147541
BORDERLINE2,4.5
GEOSMOTE,4.524590163934426
