index,0
SMOTE,3.2868852459016393
SMOTE_SVM,3.4754098360655736
BORDERLINE1,3.5901639344262297
GEOSMOTE,3.737704918032787
DELAUNAY,3.8114754098360657
BORDERLINE2,4.327868852459017
ORIGINAL,5.770491803278689
