index,0
SMOTE,2.9918032786885247
SMOTE_SVM,3.7868852459016393
ORIGINAL,3.877049180327869
DELAUNAY,4.180327868852459
BORDERLINE1,4.254098360655738
BORDERLINE2,4.450819672131147
GEOSMOTE,4.459016393442623
