index,0
BORDERLINE2,3.377049180327869
SMOTE,3.4098360655737703
SMOTE_SVM,3.442622950819672
DELAUNAY,3.6311475409836067
BORDERLINE1,3.680327868852459
GEOSMOTE,4.655737704918033
ORIGINAL,5.80327868852459
