index,0
DELAUNAY,3.319672131147541
BORDERLINE2,3.4672131147540983
SMOTE_SVM,3.6147540983606556
SMOTE,3.80327868852459
GEOSMOTE,3.8852459016393444
BORDERLINE1,4.065573770491803
ORIGINAL,5.844262295081967
