index,0
SMOTE,2.8934426229508197
SMOTE_SVM,3.7131147540983607
ORIGINAL,3.860655737704918
BORDERLINE1,4.155737704918033
BORDERLINE2,4.30327868852459
GEOSMOTE,4.418032786885246
DELAUNAY,4.655737704918033
