index,0
BORDERLINE1,3.2459016393442623
SMOTE,3.4672131147540983
GEOSMOTE,3.5081967213114753
BORDERLINE2,3.5245901639344264
SMOTE_SVM,3.598360655737705
DELAUNAY,4.204918032786885
ORIGINAL,6.450819672131147
