index,0
DELAUNAY,2.8360655737704916
BORDERLINE2,3.5327868852459017
SMOTE_SVM,3.7049180327868854
GEOSMOTE,3.877049180327869
SMOTE,3.901639344262295
BORDERLINE1,4.081967213114754
ORIGINAL,6.065573770491803
