index,0
SMOTE_SVM,3.221311475409836
GEOSMOTE,3.5245901639344264
SMOTE,3.6639344262295084
DELAUNAY,4.057377049180328
BORDERLINE1,4.245901639344262
BORDERLINE2,4.311475409836065
ORIGINAL,4.975409836065574
