index,0
BORDERLINE1,3.3524590163934427
DELAUNAY,3.3852459016393444
SMOTE,3.639344262295082
SMOTE_SVM,3.6639344262295084
BORDERLINE2,3.7540983606557377
GEOSMOTE,4.122950819672131
ORIGINAL,6.081967213114754
