index,0
BORDERLINE1,3.1721311475409837
BORDERLINE2,3.5
GEOSMOTE,3.5081967213114753
SMOTE,3.581967213114754
SMOTE_SVM,3.6557377049180326
DELAUNAY,4.155737704918033
ORIGINAL,6.426229508196721
