index,0
BORDERLINE2,3.122950819672131
SMOTE,3.1557377049180326
BORDERLINE1,3.3442622950819674
GEOSMOTE,3.540983606557377
SMOTE_SVM,3.6721311475409837
DELAUNAY,4.590163934426229
ORIGINAL,6.573770491803279
