index,0
SMOTE_SVM,3.2459016393442623
SMOTE,3.5081967213114753
GEOSMOTE,3.6147540983606556
BORDERLINE2,3.9918032786885247
DELAUNAY,4.049180327868853
BORDERLINE1,4.245901639344262
ORIGINAL,5.344262295081967
