index,0
BORDERLINE2,3.2049180327868854
DELAUNAY,3.5245901639344264
SMOTE_SVM,3.6639344262295084
SMOTE,3.762295081967213
GEOSMOTE,3.8360655737704916
BORDERLINE1,3.8934426229508197
ORIGINAL,6.114754098360656
