index,0
BORDERLINE1,3.2049180327868854
BORDERLINE2,3.540983606557377
GEOSMOTE,3.5655737704918034
SMOTE,3.6065573770491803
SMOTE_SVM,3.7131147540983607
DELAUNAY,3.9344262295081966
ORIGINAL,6.434426229508197
