index,0
DELAUNAY,2.80327868852459
BORDERLINE2,3.5655737704918034
SMOTE_SVM,3.680327868852459
GEOSMOTE,3.8688524590163933
SMOTE,3.8852459016393444
BORDERLINE1,4.090163934426229
ORIGINAL,6.10655737704918
