index,0
BORDERLINE1,3.3852459016393444
SMOTE,3.5737704918032787
GEOSMOTE,3.598360655737705
SMOTE_SVM,3.6475409836065573
DELAUNAY,3.6721311475409837
BORDERLINE2,3.8360655737704916
ORIGINAL,6.286885245901639
