index,0
SMOTE,3.2704918032786887
SMOTE_SVM,3.5
BORDERLINE1,3.721311475409836
GEOSMOTE,3.737704918032787
DELAUNAY,3.8442622950819674
BORDERLINE2,4.286885245901639
ORIGINAL,5.639344262295082
