index,0
SMOTE,3.3688524590163933
BORDERLINE1,3.6065573770491803
DELAUNAY,3.622950819672131
SMOTE_SVM,3.6721311475409837
GEOSMOTE,3.9262295081967213
BORDERLINE2,4.090163934426229
ORIGINAL,5.713114754098361
