index,0
DELAUNAY,3.3442622950819674
SMOTE_SVM,3.4508196721311477
BORDERLINE2,3.5163934426229506
SMOTE,3.5245901639344264
BORDERLINE1,3.69672131147541
GEOSMOTE,4.631147540983607
ORIGINAL,5.836065573770492
