index,0
DELAUNAY,3.5327868852459017
GEOSMOTE,3.819672131147541
SMOTE_SVM,3.860655737704918
ORIGINAL,3.9918032786885247
SMOTE,4.016393442622951
BORDERLINE2,4.090163934426229
BORDERLINE1,4.688524590163935
