index,0
SMOTE_SVM,3.401639344262295
SMOTE,3.5737704918032787
GEOSMOTE,3.6639344262295084
DELAUNAY,3.6639344262295084
BORDERLINE2,4.131147540983607
BORDERLINE1,4.295081967213115
ORIGINAL,5.270491803278689
