index,0
DELAUNAY,3.557377049180328
GEOSMOTE,3.8114754098360657
SMOTE,3.901639344262295
BORDERLINE2,3.9836065573770494
SMOTE_SVM,4.049180327868853
ORIGINAL,4.172131147540983
BORDERLINE1,4.524590163934426
