index,0
SMOTE,3.6885245901639343
GEOSMOTE,3.7540983606557377
BORDERLINE2,3.80327868852459
SMOTE_SVM,3.8852459016393444
ORIGINAL,3.9508196721311477
BORDERLINE1,4.418032786885246
DELAUNAY,4.5
