index,0
SMOTE_SVM,3.1885245901639343
SMOTE,3.278688524590164
BORDERLINE2,3.3852459016393444
BORDERLINE1,3.4836065573770494
DELAUNAY,4.319672131147541
GEOSMOTE,4.524590163934426
ORIGINAL,5.819672131147541
