index,0
BORDERLINE1,3.3524590163934427
SMOTE,3.4672131147540983
GEOSMOTE,3.5655737704918034
SMOTE_SVM,3.5737704918032787
BORDERLINE2,3.69672131147541
DELAUNAY,4.090163934426229
ORIGINAL,6.254098360655738
