index,0
GEOSMOTE,3.7868852459016393
SMOTE,3.8278688524590163
DELAUNAY,3.8360655737704916
BORDERLINE2,3.9672131147540983
ORIGINAL,4.024590163934426
SMOTE_SVM,4.024590163934426
BORDERLINE1,4.532786885245901
