index,0
SMOTE_SVM,3.1885245901639343
GEOSMOTE,3.5245901639344264
SMOTE,3.6147540983606556
DELAUNAY,4.163934426229508
BORDERLINE1,4.19672131147541
BORDERLINE2,4.336065573770492
ORIGINAL,4.975409836065574
