index,0
BORDERLINE1,3.278688524590164
BORDERLINE2,3.4508196721311477
SMOTE,3.5
SMOTE_SVM,3.6721311475409837
DELAUNAY,3.877049180327869
GEOSMOTE,4.090163934426229
ORIGINAL,6.131147540983607
