index,0
SMOTE,3.1147540983606556
BORDERLINE2,3.1639344262295084
BORDERLINE1,3.360655737704918
GEOSMOTE,3.4754098360655736
SMOTE_SVM,3.6557377049180326
DELAUNAY,4.598360655737705
ORIGINAL,6.631147540983607
