index,0
BORDERLINE2,3.401639344262295
SMOTE,3.4098360655737703
SMOTE_SVM,3.4508196721311477
BORDERLINE1,3.639344262295082
DELAUNAY,3.7049180327868854
GEOSMOTE,4.614754098360656
ORIGINAL,5.778688524590164
