index,0
SMOTE_SVM,3.262295081967213
SMOTE,3.5655737704918034
GEOSMOTE,3.5901639344262297
DELAUNAY,3.959016393442623
BORDERLINE2,4.139344262295082
BORDERLINE1,4.237704918032787
ORIGINAL,5.245901639344262
