index,0
SMOTE,3.319672131147541
SMOTE_SVM,3.4918032786885247
BORDERLINE1,3.581967213114754
DELAUNAY,3.7131147540983607
GEOSMOTE,3.778688524590164
BORDERLINE2,4.311475409836065
ORIGINAL,5.80327868852459
