index,0
GEOSMOTE,3.7950819672131146
SMOTE,3.80327868852459
DELAUNAY,3.877049180327869
BORDERLINE2,3.959016393442623
SMOTE_SVM,3.9754098360655736
ORIGINAL,4.057377049180328
BORDERLINE1,4.532786885245901
