index,0
BORDERLINE2,3.2704918032786887
SMOTE_SVM,3.639344262295082
DELAUNAY,3.680327868852459
SMOTE,3.7049180327868854
GEOSMOTE,3.778688524590164
BORDERLINE1,3.8524590163934427
ORIGINAL,6.073770491803279
