index,0
BORDERLINE2,3.30327868852459
SMOTE_SVM,3.3852459016393444
SMOTE,3.5491803278688523
GEOSMOTE,3.819672131147541
BORDERLINE1,3.8524590163934427
DELAUNAY,4.278688524590164
ORIGINAL,5.811475409836065
