index,0
SMOTE_SVM,3.3934426229508197
SMOTE,3.4918032786885247
BORDERLINE2,3.5327868852459017
DELAUNAY,3.540983606557377
BORDERLINE1,3.737704918032787
GEOSMOTE,4.549180327868853
ORIGINAL,5.754098360655738
