index,0
SMOTE,3.2704918032786887
SMOTE_SVM,3.4836065573770494
BORDERLINE1,3.6311475409836067
GEOSMOTE,3.6639344262295084
DELAUNAY,4.065573770491803
BORDERLINE2,4.19672131147541
ORIGINAL,5.688524590163935
