index,0
BORDERLINE2,3.1065573770491803
SMOTE,3.139344262295082
BORDERLINE1,3.3114754098360657
GEOSMOTE,3.5
SMOTE_SVM,3.622950819672131
DELAUNAY,4.704918032786885
ORIGINAL,6.614754098360656
