index,0
SMOTE,3.3442622950819674
SMOTE_SVM,3.5081967213114753
BORDERLINE1,3.7295081967213113
GEOSMOTE,3.7295081967213113
DELAUNAY,3.7540983606557377
BORDERLINE2,4.278688524590164
ORIGINAL,5.655737704918033
