index,0
BORDERLINE1,3.377049180327869
SMOTE,3.5245901639344264
GEOSMOTE,3.5737704918032787
SMOTE_SVM,3.639344262295082
BORDERLINE2,3.7540983606557377
DELAUNAY,3.860655737704918
ORIGINAL,6.270491803278689
