index,0
BORDERLINE1,3.3360655737704916
DELAUNAY,3.540983606557377
SMOTE,3.6311475409836067
SMOTE_SVM,3.639344262295082
BORDERLINE2,3.7049180327868854
GEOSMOTE,4.090163934426229
ORIGINAL,6.057377049180328
