index,0
BORDERLINE2,3.0081967213114753
SMOTE,3.1721311475409837
BORDERLINE1,3.3360655737704916
GEOSMOTE,3.5
SMOTE_SVM,3.680327868852459
DELAUNAY,4.672131147540983
ORIGINAL,6.631147540983607
