index,0
BORDERLINE1,3.2131147540983607
GEOSMOTE,3.4344262295081966
SMOTE,3.442622950819672
BORDERLINE2,3.4754098360655736
SMOTE_SVM,3.5
DELAUNAY,4.5
ORIGINAL,6.434426229508197
