index,0
DELAUNAY,3.7131147540983607
SMOTE_SVM,3.8442622950819674
GEOSMOTE,3.8524590163934427
ORIGINAL,3.9672131147540983
SMOTE,3.9754098360655736
BORDERLINE2,4.057377049180328
BORDERLINE1,4.590163934426229
