index,0
BORDERLINE2,3.1557377049180326
SMOTE_SVM,3.5655737704918034
SMOTE,3.6885245901639343
BORDERLINE1,3.7540983606557377
GEOSMOTE,3.762295081967213
DELAUNAY,3.9672131147540983
ORIGINAL,6.10655737704918
