index,0
BORDERLINE2,3.098360655737705
SMOTE,3.221311475409836
BORDERLINE1,3.30327868852459
GEOSMOTE,3.5655737704918034
SMOTE_SVM,3.737704918032787
DELAUNAY,4.491803278688525
ORIGINAL,6.581967213114754
