index,0
BORDERLINE2,3.2459016393442623
DELAUNAY,3.5163934426229506
SMOTE_SVM,3.639344262295082
SMOTE,3.7540983606557377
BORDERLINE1,3.860655737704918
GEOSMOTE,3.877049180327869
ORIGINAL,6.10655737704918
