index,0
BORDERLINE1,3.3442622950819674
SMOTE,3.4344262295081966
GEOSMOTE,3.5081967213114753
SMOTE_SVM,3.5655737704918034
BORDERLINE2,3.737704918032787
DELAUNAY,4.155737704918033
ORIGINAL,6.254098360655738
