index,0
BORDERLINE2,3.0163934426229506
SMOTE,3.1639344262295084
BORDERLINE1,3.2540983606557377
GEOSMOTE,3.557377049180328
SMOTE_SVM,3.6639344262295084
DELAUNAY,4.844262295081967
ORIGINAL,6.5
