index,0
SMOTE,3.2295081967213113
DELAUNAY,3.3852459016393444
SMOTE_SVM,3.877049180327869
ORIGINAL,4.016393442622951
GEOSMOTE,4.401639344262295
BORDERLINE1,4.483606557377049
BORDERLINE2,4.60655737704918
