index,0
SMOTE_SVM,3.3114754098360657
GEOSMOTE,3.6147540983606556
SMOTE,3.622950819672131
DELAUNAY,3.8360655737704916
BORDERLINE2,4.180327868852459
BORDERLINE1,4.237704918032787
ORIGINAL,5.19672131147541
