index,0
BORDERLINE2,3.3442622950819674
DELAUNAY,3.459016393442623
SMOTE_SVM,3.598360655737705
SMOTE,3.778688524590164
BORDERLINE1,3.860655737704918
GEOSMOTE,3.8688524590163933
ORIGINAL,6.090163934426229
