index,0
SMOTE,3.1065573770491803
SMOTE_SVM,3.6557377049180326
ORIGINAL,3.8934426229508197
BORDERLINE1,4.270491803278689
GEOSMOTE,4.295081967213115
BORDERLINE2,4.327868852459017
DELAUNAY,4.450819672131147
