index,0
DELAUNAY,3.278688524590164
BORDERLINE2,3.4672131147540983
SMOTE_SVM,3.4754098360655736
SMOTE,3.4836065573770494
BORDERLINE1,3.7868852459016393
GEOSMOTE,4.655737704918033
ORIGINAL,5.852459016393443
