index,0
SMOTE_SVM,3.262295081967213
SMOTE,3.3114754098360657
BORDERLINE2,3.360655737704918
BORDERLINE1,3.4754098360655736
DELAUNAY,4.221311475409836
GEOSMOTE,4.549180327868853
ORIGINAL,5.819672131147541
