index,0
SMOTE,3.3360655737704916
BORDERLINE1,3.5737704918032787
SMOTE_SVM,3.680327868852459
DELAUNAY,3.6885245901639343
GEOSMOTE,3.9672131147540983
BORDERLINE2,4.073770491803279
ORIGINAL,5.680327868852459
