index,0
SMOTE,3.3360655737704916
BORDERLINE1,3.5737704918032787
SMOTE_SVM,3.6065573770491803
DELAUNAY,3.8278688524590163
GEOSMOTE,3.8524590163934427
BORDERLINE2,4.081967213114754
ORIGINAL,5.721311475409836
