index,0
BORDERLINE1,3.3360655737704916
BORDERLINE2,3.4754098360655736
DELAUNAY,3.5245901639344264
SMOTE,3.5655737704918034
SMOTE_SVM,3.7540983606557377
GEOSMOTE,4.19672131147541
ORIGINAL,6.147540983606557
