index,0
DELAUNAY,3.19672131147541
BORDERLINE2,3.360655737704918
SMOTE,3.4098360655737703
BORDERLINE1,3.6557377049180326
GEOSMOTE,3.80327868852459
SMOTE_SVM,3.9344262295081966
ORIGINAL,6.639344262295082
