index,0
SMOTE_SVM,3.180327868852459
GEOSMOTE,3.4672131147540983
SMOTE,3.6147540983606556
BORDERLINE1,4.155737704918033
BORDERLINE2,4.30327868852459
DELAUNAY,4.409836065573771
ORIGINAL,4.868852459016393
