index,0
SMOTE,3.3278688524590163
SMOTE_SVM,3.4918032786885247
BORDERLINE1,3.5901639344262297
DELAUNAY,3.6885245901639343
GEOSMOTE,3.778688524590164
BORDERLINE2,4.344262295081967
ORIGINAL,5.778688524590164
