index,0
BORDERLINE1,3.180327868852459
BORDERLINE2,3.360655737704918
SMOTE,3.459016393442623
SMOTE_SVM,3.598360655737705
GEOSMOTE,4.040983606557377
DELAUNAY,4.19672131147541
ORIGINAL,6.163934426229508
