index,0
DELAUNAY,2.9262295081967213
BORDERLINE2,3.639344262295082
SMOTE_SVM,3.7049180327868854
SMOTE,3.819672131147541
GEOSMOTE,3.918032786885246
BORDERLINE1,4.180327868852459
ORIGINAL,5.811475409836065
