index,0
BORDERLINE1,3.3934426229508197
SMOTE_SVM,3.4508196721311477
BORDERLINE2,3.7704918032786887
DELAUNAY,3.8278688524590163
SMOTE,3.8934426229508197
GEOSMOTE,3.901639344262295
ORIGINAL,5.762295081967213
