index,0
BORDERLINE1,3.2540983606557377
SMOTE_SVM,3.4098360655737703
SMOTE,3.7295081967213113
BORDERLINE2,3.7540983606557377
GEOSMOTE,3.7868852459016393
DELAUNAY,4.327868852459017
ORIGINAL,5.737704918032787
