index,0
SMOTE,3.2950819672131146
SMOTE_SVM,3.4508196721311477
BORDERLINE1,3.6475409836065573
DELAUNAY,3.7459016393442623
GEOSMOTE,3.762295081967213
BORDERLINE2,4.327868852459017
ORIGINAL,5.770491803278689
