index,0
SMOTE,3.0491803278688523
SMOTE_SVM,3.5655737704918034
ORIGINAL,3.9672131147540983
BORDERLINE1,4.204918032786885
GEOSMOTE,4.336065573770492
BORDERLINE2,4.426229508196721
DELAUNAY,4.450819672131147
