index,0
DELAUNAY,3.2131147540983607
BORDERLINE2,3.3114754098360657
SMOTE,3.4262295081967213
BORDERLINE1,3.6475409836065573
GEOSMOTE,3.7704918032786887
SMOTE_SVM,3.9836065573770494
ORIGINAL,6.647540983606557
