index,0
DELAUNAY,3.6475409836065573
GEOSMOTE,3.7868852459016393
SMOTE_SVM,3.8852459016393444
ORIGINAL,3.9344262295081966
SMOTE,3.942622950819672
BORDERLINE2,4.10655737704918
BORDERLINE1,4.69672131147541
