index,0
SMOTE_SVM,3.3442622950819674
DELAUNAY,3.4754098360655736
SMOTE,3.6885245901639343
GEOSMOTE,3.69672131147541
BORDERLINE2,4.040983606557377
BORDERLINE1,4.327868852459017
ORIGINAL,5.426229508196721
