index,0
SMOTE,3.2868852459016393
SMOTE_SVM,3.442622950819672
BORDERLINE1,3.598360655737705
GEOSMOTE,3.7459016393442623
DELAUNAY,3.8278688524590163
BORDERLINE2,4.327868852459017
ORIGINAL,5.770491803278689
