index,0
BORDERLINE2,3.098360655737705
SMOTE,3.1475409836065573
BORDERLINE1,3.459016393442623
GEOSMOTE,3.4672131147540983
SMOTE_SVM,3.8278688524590163
DELAUNAY,4.352459016393443
ORIGINAL,6.647540983606557
