index,0
BORDERLINE2,3.139344262295082
SMOTE,3.2868852459016393
BORDERLINE1,3.5163934426229506
GEOSMOTE,3.639344262295082
SMOTE_SVM,3.819672131147541
DELAUNAY,3.959016393442623
ORIGINAL,6.639344262295082
