index,0
DELAUNAY,3.30327868852459
BORDERLINE2,3.360655737704918
SMOTE,3.377049180327869
BORDERLINE1,3.622950819672131
GEOSMOTE,3.721311475409836
SMOTE_SVM,3.9672131147540983
ORIGINAL,6.647540983606557
