index,0
SMOTE,3.30327868852459
BORDERLINE1,3.5737704918032787
SMOTE_SVM,3.6311475409836067
GEOSMOTE,3.8688524590163933
DELAUNAY,3.8852459016393444
BORDERLINE2,4.040983606557377
ORIGINAL,5.69672131147541
