index,0
BORDERLINE1,3.2868852459016393
SMOTE,3.540983606557377
BORDERLINE2,3.5737704918032787
GEOSMOTE,3.5737704918032787
SMOTE_SVM,3.639344262295082
DELAUNAY,3.959016393442623
ORIGINAL,6.426229508196721
