index,0
BORDERLINE2,3.122950819672131
SMOTE_SVM,3.442622950819672
SMOTE,3.598360655737705
GEOSMOTE,3.7540983606557377
BORDERLINE1,3.7868852459016393
DELAUNAY,4.204918032786885
ORIGINAL,6.090163934426229
