index,0
DELAUNAY,3.2049180327868854
BORDERLINE2,3.2868852459016393
SMOTE_SVM,3.7459016393442623
GEOSMOTE,3.8442622950819674
SMOTE,3.8524590163934427
BORDERLINE1,3.9344262295081966
ORIGINAL,6.131147540983607
