index,0
DELAUNAY,3.3278688524590163
BORDERLINE2,3.4918032786885247
SMOTE_SVM,3.598360655737705
SMOTE,3.7459016393442623
GEOSMOTE,3.9508196721311477
BORDERLINE1,4.065573770491803
ORIGINAL,5.819672131147541
