index,0
BORDERLINE2,3.139344262295082
SMOTE,3.19672131147541
BORDERLINE1,3.3688524590163933
GEOSMOTE,3.6311475409836067
SMOTE_SVM,3.737704918032787
DELAUNAY,4.352459016393443
ORIGINAL,6.573770491803279
