index,0
BORDERLINE1,3.2131147540983607
SMOTE,3.3278688524590163
GEOSMOTE,3.3524590163934427
SMOTE_SVM,3.4344262295081966
BORDERLINE2,3.5655737704918034
DELAUNAY,4.89344262295082
ORIGINAL,6.213114754098361
