index,0
DELAUNAY,3.2131147540983607
BORDERLINE2,3.262295081967213
SMOTE,3.418032786885246
BORDERLINE1,3.6721311475409837
GEOSMOTE,3.7459016393442623
SMOTE_SVM,4.008196721311475
ORIGINAL,6.680327868852459
