index,0
DELAUNAY,3.401639344262295
GEOSMOTE,3.8360655737704916
SMOTE,3.918032786885246
BORDERLINE2,4.016393442622951
SMOTE_SVM,4.114754098360656
ORIGINAL,4.131147540983607
BORDERLINE1,4.581967213114754
