index,0
DELAUNAY,3.7950819672131146
GEOSMOTE,3.80327868852459
SMOTE_SVM,3.8442622950819674
SMOTE,3.877049180327869
ORIGINAL,3.9344262295081966
BORDERLINE2,4.114754098360656
BORDERLINE1,4.631147540983607
