index,0
SMOTE,3.3114754098360657
SMOTE_SVM,3.4918032786885247
BORDERLINE1,3.622950819672131
DELAUNAY,3.6557377049180326
GEOSMOTE,3.778688524590164
BORDERLINE2,4.368852459016393
ORIGINAL,5.770491803278689
