index,0
DELAUNAY,3.737704918032787
SMOTE,3.778688524590164
GEOSMOTE,3.918032786885246
SMOTE_SVM,3.9672131147540983
ORIGINAL,3.9754098360655736
BORDERLINE2,4.008196721311475
BORDERLINE1,4.614754098360656
