index,0
DELAUNAY,3.0737704918032787
BORDERLINE2,3.557377049180328
SMOTE_SVM,3.6557377049180326
SMOTE,3.8360655737704916
GEOSMOTE,3.8934426229508197
BORDERLINE1,4.172131147540983
ORIGINAL,5.811475409836065
