index,0
SMOTE,3.1639344262295084
SMOTE_SVM,3.7704918032786887
DELAUNAY,3.778688524590164
ORIGINAL,3.959016393442623
GEOSMOTE,4.385245901639344
BORDERLINE1,4.409836065573771
BORDERLINE2,4.532786885245901
