index,0
SMOTE,3.2131147540983607
SMOTE_SVM,3.3114754098360657
BORDERLINE1,3.4836065573770494
GEOSMOTE,3.581967213114754
BORDERLINE2,4.204918032786885
DELAUNAY,4.442622950819672
ORIGINAL,5.762295081967213
