index,0
DELAUNAY,3.6557377049180326
GEOSMOTE,3.819672131147541
SMOTE,3.8278688524590163
BORDERLINE2,4.016393442622951
SMOTE_SVM,4.049180327868853
ORIGINAL,4.081967213114754
BORDERLINE1,4.549180327868853
