index,0
DELAUNAY,3.1885245901639343
BORDERLINE2,3.4836065573770494
SMOTE,3.5163934426229506
SMOTE_SVM,3.5901639344262297
BORDERLINE1,3.721311475409836
GEOSMOTE,4.672131147540983
ORIGINAL,5.827868852459017
