index,0
BORDERLINE1,3.221311475409836
BORDERLINE2,3.5245901639344264
GEOSMOTE,3.5655737704918034
SMOTE,3.5737704918032787
SMOTE_SVM,3.680327868852459
DELAUNAY,4.0
ORIGINAL,6.434426229508197
