index,0
DELAUNAY,3.1721311475409837
SMOTE,3.3524590163934427
SMOTE_SVM,3.6311475409836067
BORDERLINE1,3.7131147540983607
GEOSMOTE,3.9918032786885247
BORDERLINE2,4.245901639344262
ORIGINAL,5.89344262295082
