index,0
DELAUNAY,3.3688524590163933
SMOTE_SVM,3.3852459016393444
BORDERLINE2,3.5327868852459017
SMOTE,3.639344262295082
BORDERLINE1,3.80327868852459
GEOSMOTE,4.5
ORIGINAL,5.770491803278689
