index,0
SMOTE,3.0737704918032787
SMOTE_SVM,3.5327868852459017
ORIGINAL,3.877049180327869
BORDERLINE1,4.213114754098361
GEOSMOTE,4.278688524590164
BORDERLINE2,4.327868852459017
DELAUNAY,4.69672131147541
