index,0
SMOTE,3.237704918032787
BORDERLINE1,3.4672131147540983
SMOTE_SVM,3.557377049180328
GEOSMOTE,3.877049180327869
BORDERLINE2,3.9836065573770494
DELAUNAY,4.172131147540983
ORIGINAL,5.704918032786885
