index,0
BORDERLINE1,3.0737704918032787
SMOTE,3.4098360655737703
SMOTE_SVM,3.4098360655737703
BORDERLINE2,3.4672131147540983
GEOSMOTE,3.9098360655737703
DELAUNAY,4.786885245901639
ORIGINAL,5.942622950819672
