index,0
BORDERLINE1,3.2540983606557377
SMOTE,3.5
BORDERLINE2,3.5163934426229506
SMOTE_SVM,3.5245901639344264
GEOSMOTE,3.540983606557377
DELAUNAY,4.254098360655738
ORIGINAL,6.409836065573771
