index,0
SMOTE,3.262295081967213
BORDERLINE1,3.418032786885246
SMOTE_SVM,3.5245901639344264
GEOSMOTE,3.8114754098360657
BORDERLINE2,3.9754098360655736
DELAUNAY,4.377049180327869
ORIGINAL,5.631147540983607
