index,0
BORDERLINE2,3.2950819672131146
SMOTE,3.360655737704918
BORDERLINE1,3.4754098360655736
GEOSMOTE,3.6885245901639343
DELAUNAY,3.6885245901639343
SMOTE_SVM,3.8278688524590163
ORIGINAL,6.663934426229508
