index,0
DELAUNAY,3.4262295081967213
BORDERLINE1,3.4672131147540983
SMOTE_SVM,3.557377049180328
BORDERLINE2,3.877049180327869
SMOTE,3.942622950819672
GEOSMOTE,3.9508196721311477
ORIGINAL,5.778688524590164
