index,0
BORDERLINE1,3.3114754098360657
SMOTE,3.459016393442623
GEOSMOTE,3.4754098360655736
SMOTE_SVM,3.5245901639344264
BORDERLINE2,3.721311475409836
DELAUNAY,4.254098360655738
ORIGINAL,6.254098360655738
