index,0
SMOTE_SVM,3.3688524590163933
SMOTE,3.418032786885246
BORDERLINE2,3.4262295081967213
BORDERLINE1,3.5491803278688523
DELAUNAY,3.8442622950819674
GEOSMOTE,4.598360655737705
ORIGINAL,5.795081967213115
