index,0
SMOTE,3.180327868852459
BORDERLINE1,3.5245901639344264
SMOTE_SVM,3.6065573770491803
GEOSMOTE,3.8524590163934427
BORDERLINE2,4.049180327868853
DELAUNAY,4.065573770491803
ORIGINAL,5.721311475409836
