index,0
SMOTE,3.2704918032786887
SMOTE_SVM,3.5655737704918034
BORDERLINE1,3.6475409836065573
DELAUNAY,3.7295081967213113
GEOSMOTE,3.860655737704918
BORDERLINE2,4.081967213114754
ORIGINAL,5.844262295081967
