index,0
BORDERLINE2,3.221311475409836
SMOTE,3.3442622950819674
BORDERLINE1,3.5491803278688523
DELAUNAY,3.6311475409836067
GEOSMOTE,3.762295081967213
SMOTE_SVM,3.9262295081967213
ORIGINAL,6.565573770491803
