index,0
BORDERLINE1,3.3278688524590163
SMOTE,3.5655737704918034
SMOTE_SVM,3.622950819672131
GEOSMOTE,3.6475409836065573
BORDERLINE2,3.762295081967213
DELAUNAY,3.80327868852459
ORIGINAL,6.270491803278689
