index,0
SMOTE_SVM,3.19672131147541
GEOSMOTE,3.4098360655737703
SMOTE,3.581967213114754
BORDERLINE1,4.147540983606557
BORDERLINE2,4.245901639344262
DELAUNAY,4.540983606557377
ORIGINAL,4.877049180327869
