index,0
SMOTE,2.918032786885246
SMOTE_SVM,3.7131147540983607
ORIGINAL,3.8442622950819674
BORDERLINE1,4.204918032786885
BORDERLINE2,4.319672131147541
GEOSMOTE,4.418032786885246
DELAUNAY,4.581967213114754
