index,0
DELAUNAY,3.2868852459016393
SMOTE,3.3278688524590163
BORDERLINE2,3.4262295081967213
BORDERLINE1,3.6311475409836067
GEOSMOTE,3.680327868852459
SMOTE_SVM,3.9836065573770494
ORIGINAL,6.663934426229508
