index,0
SMOTE_SVM,3.3360655737704916
SMOTE,3.5
BORDERLINE2,3.557377049180328
DELAUNAY,3.69672131147541
BORDERLINE1,3.737704918032787
GEOSMOTE,4.508196721311475
ORIGINAL,5.663934426229508
