index,0
SMOTE,3.3442622950819674
SMOTE_SVM,3.5327868852459017
BORDERLINE1,3.6065573770491803
DELAUNAY,3.6885245901639343
GEOSMOTE,3.7049180327868854
BORDERLINE2,4.344262295081967
ORIGINAL,5.778688524590164
