index,0
SMOTE,3.262295081967213
BORDERLINE2,3.262295081967213
BORDERLINE1,3.4508196721311477
GEOSMOTE,3.6557377049180326
SMOTE_SVM,3.7868852459016393
DELAUNAY,3.9672131147540983
ORIGINAL,6.614754098360656
