index,0
SMOTE,3.319672131147541
BORDERLINE1,3.442622950819672
SMOTE_SVM,3.5901639344262297
GEOSMOTE,3.9344262295081966
DELAUNAY,3.9918032786885247
BORDERLINE2,4.032786885245901
ORIGINAL,5.688524590163935
