index,0
DELAUNAY,3.4836065573770494
GEOSMOTE,3.8360655737704916
SMOTE,3.9098360655737703
BORDERLINE2,4.032786885245901
SMOTE_SVM,4.040983606557377
ORIGINAL,4.057377049180328
BORDERLINE1,4.639344262295082
