index,0
BORDERLINE1,3.1557377049180326
GEOSMOTE,3.4672131147540983
BORDERLINE2,3.5081967213114753
SMOTE,3.557377049180328
SMOTE_SVM,3.6885245901639343
DELAUNAY,4.188524590163935
ORIGINAL,6.434426229508197
