index,0
SMOTE,3.319672131147541
SMOTE_SVM,3.3278688524590163
BORDERLINE2,3.4344262295081966
BORDERLINE1,3.581967213114754
DELAUNAY,3.9918032786885247
GEOSMOTE,4.549180327868853
ORIGINAL,5.795081967213115
