index,0
SMOTE_SVM,3.262295081967213
GEOSMOTE,3.5081967213114753
SMOTE,3.5901639344262297
BORDERLINE1,4.122950819672131
BORDERLINE2,4.188524590163935
DELAUNAY,4.286885245901639
ORIGINAL,5.040983606557377
