index,0
BORDERLINE1,3.4098360655737703
SMOTE,3.557377049180328
GEOSMOTE,3.598360655737705
DELAUNAY,3.6557377049180326
SMOTE_SVM,3.69672131147541
BORDERLINE2,3.8114754098360657
ORIGINAL,6.270491803278689
