index,0
SMOTE,3.278688524590164
SMOTE_SVM,3.4836065573770494
BORDERLINE1,3.69672131147541
GEOSMOTE,3.7049180327868854
DELAUNAY,3.9754098360655736
BORDERLINE2,4.254098360655738
ORIGINAL,5.60655737704918
