index,0
SMOTE_SVM,3.7295081967213113
GEOSMOTE,3.7950819672131146
ORIGINAL,3.8688524590163933
SMOTE,3.8852459016393444
BORDERLINE2,3.9344262295081966
DELAUNAY,4.295081967213115
BORDERLINE1,4.491803278688525
