index,0
SMOTE,2.9262295081967213
SMOTE_SVM,3.5491803278688523
ORIGINAL,3.877049180327869
GEOSMOTE,4.30327868852459
BORDERLINE1,4.319672131147541
BORDERLINE2,4.418032786885246
DELAUNAY,4.60655737704918
