index,0
SMOTE,3.3360655737704916
BORDERLINE1,3.4754098360655736
SMOTE_SVM,3.6557377049180326
DELAUNAY,3.819672131147541
GEOSMOTE,3.9508196721311477
BORDERLINE2,4.081967213114754
ORIGINAL,5.680327868852459
