index,0
BORDERLINE1,3.3852459016393444
SMOTE,3.557377049180328
GEOSMOTE,3.598360655737705
SMOTE_SVM,3.6475409836065573
DELAUNAY,3.721311475409836
BORDERLINE2,3.819672131147541
ORIGINAL,6.270491803278689
