index,0
SMOTE,3.3114754098360657
BORDERLINE1,3.5491803278688523
SMOTE_SVM,3.6065573770491803
DELAUNAY,3.8688524590163933
GEOSMOTE,3.9508196721311477
BORDERLINE2,4.049180327868853
ORIGINAL,5.663934426229508
