index,0
SMOTE_SVM,3.2868852459016393
SMOTE,3.622950819672131
GEOSMOTE,3.622950819672131
DELAUNAY,3.819672131147541
BORDERLINE2,4.040983606557377
BORDERLINE1,4.30327868852459
ORIGINAL,5.30327868852459
