index,0
SMOTE,3.0081967213114753
SMOTE_SVM,3.9098360655737703
ORIGINAL,3.918032786885246
DELAUNAY,3.942622950819672
BORDERLINE1,4.286885245901639
BORDERLINE2,4.467213114754099
GEOSMOTE,4.467213114754099
