index,0
SMOTE,3.3278688524590163
BORDERLINE1,3.442622950819672
SMOTE_SVM,3.5327868852459017
GEOSMOTE,3.918032786885246
BORDERLINE2,4.057377049180328
DELAUNAY,4.065573770491803
ORIGINAL,5.655737704918033
