index,0
SMOTE_SVM,3.3852459016393444
SMOTE,3.4262295081967213
BORDERLINE2,3.4262295081967213
BORDERLINE1,3.6557377049180326
DELAUNAY,3.7950819672131146
GEOSMOTE,4.573770491803279
ORIGINAL,5.737704918032787
