index,0
SMOTE,3.4098360655737703
SMOTE_SVM,3.418032786885246
BORDERLINE2,3.4918032786885247
BORDERLINE1,3.6065573770491803
DELAUNAY,3.6475409836065573
GEOSMOTE,4.60655737704918
ORIGINAL,5.819672131147541
