index,0
BORDERLINE1,3.3524590163934427
DELAUNAY,3.5245901639344264
SMOTE,3.581967213114754
SMOTE_SVM,3.5901639344262297
BORDERLINE2,3.721311475409836
GEOSMOTE,4.131147540983607
ORIGINAL,6.098360655737705
