index,0
SMOTE,3.3278688524590163
SMOTE_SVM,3.5163934426229506
BORDERLINE1,3.5901639344262297
GEOSMOTE,3.7049180327868854
DELAUNAY,3.7049180327868854
BORDERLINE2,4.344262295081967
ORIGINAL,5.811475409836065
