index,0
BORDERLINE1,3.221311475409836
BORDERLINE2,3.581967213114754
GEOSMOTE,3.6147540983606556
SMOTE,3.639344262295082
SMOTE_SVM,3.737704918032787
DELAUNAY,3.7704918032786887
ORIGINAL,6.434426229508197
