index,0
GEOSMOTE,3.7704918032786887
SMOTE,3.778688524590164
SMOTE_SVM,3.9098360655737703
ORIGINAL,3.9262295081967213
BORDERLINE2,3.9344262295081966
DELAUNAY,4.213114754098361
BORDERLINE1,4.467213114754099
