index,0
DELAUNAY,3.180327868852459
BORDERLINE1,3.418032786885246
SMOTE_SVM,3.680327868852459
SMOTE,3.7295081967213113
BORDERLINE2,3.7868852459016393
GEOSMOTE,4.19672131147541
ORIGINAL,6.008196721311475
