index,0
SMOTE,3.2459016393442623
BORDERLINE1,3.5081967213114753
SMOTE_SVM,3.557377049180328
GEOSMOTE,3.8688524590163933
BORDERLINE2,4.065573770491803
DELAUNAY,4.081967213114754
ORIGINAL,5.672131147540983
