index,0
DELAUNAY,3.581967213114754
GEOSMOTE,3.8442622950819674
SMOTE,3.860655737704918
ORIGINAL,3.959016393442623
BORDERLINE2,4.057377049180328
SMOTE_SVM,4.065573770491803
BORDERLINE1,4.631147540983607
