index,0
DELAUNAY,3.221311475409836
BORDERLINE1,3.3442622950819674
SMOTE,3.680327868852459
SMOTE_SVM,3.7295081967213113
BORDERLINE2,3.7295081967213113
GEOSMOTE,4.204918032786885
ORIGINAL,6.090163934426229
