index,0
SMOTE_SVM,3.762295081967213
GEOSMOTE,3.762295081967213
SMOTE,3.8934426229508197
ORIGINAL,3.918032786885246
DELAUNAY,3.9754098360655736
BORDERLINE2,4.032786885245901
BORDERLINE1,4.655737704918033
