index,0
SMOTE,2.9918032786885247
SMOTE_SVM,3.7295081967213113
ORIGINAL,3.860655737704918
BORDERLINE1,4.188524590163935
DELAUNAY,4.352459016393443
BORDERLINE2,4.418032786885246
GEOSMOTE,4.459016393442623
