index,0
SMOTE,3.3278688524590163
SMOTE_SVM,3.5081967213114753
DELAUNAY,3.7131147540983607
BORDERLINE1,3.7540983606557377
GEOSMOTE,3.7540983606557377
BORDERLINE2,4.295081967213115
ORIGINAL,5.647540983606557
