index,0
SMOTE_SVM,3.139344262295082
GEOSMOTE,3.459016393442623
SMOTE,3.581967213114754
BORDERLINE1,4.213114754098361
DELAUNAY,4.352459016393443
BORDERLINE2,4.377049180327869
ORIGINAL,4.877049180327869
