index,0
SMOTE,3.221311475409836
DELAUNAY,3.5737704918032787
SMOTE_SVM,3.778688524590164
ORIGINAL,4.073770491803279
GEOSMOTE,4.360655737704918
BORDERLINE1,4.442622950819672
BORDERLINE2,4.549180327868853
