index,0
DELAUNAY,3.3114754098360657
BORDERLINE2,3.4262295081967213
SMOTE_SVM,3.4918032786885247
SMOTE,3.5081967213114753
BORDERLINE1,3.7868852459016393
GEOSMOTE,4.672131147540983
ORIGINAL,5.80327868852459
