index,0
DELAUNAY,3.2868852459016393
BORDERLINE2,3.3524590163934427
SMOTE_SVM,3.6065573770491803
SMOTE,3.778688524590164
GEOSMOTE,3.877049180327869
BORDERLINE1,4.0
ORIGINAL,6.098360655737705
