index,0
DELAUNAY,3.2131147540983607
BORDERLINE2,3.2868852459016393
SMOTE,3.401639344262295
BORDERLINE1,3.6885245901639343
GEOSMOTE,3.7459016393442623
SMOTE_SVM,3.9918032786885247
ORIGINAL,6.672131147540983
