index,0
BORDERLINE2,3.1311475409836067
SMOTE,3.237704918032787
BORDERLINE1,3.4508196721311477
GEOSMOTE,3.5081967213114753
SMOTE_SVM,3.8688524590163933
DELAUNAY,4.163934426229508
ORIGINAL,6.639344262295082
