index,0
SMOTE,3.221311475409836
DELAUNAY,3.6147540983606556
SMOTE_SVM,3.8114754098360657
ORIGINAL,4.008196721311475
GEOSMOTE,4.344262295081967
BORDERLINE1,4.450819672131147
BORDERLINE2,4.549180327868853
