index,0
SMOTE_SVM,3.1721311475409837
SMOTE,3.3278688524590163
BORDERLINE2,3.377049180327869
BORDERLINE1,3.5737704918032787
GEOSMOTE,4.39344262295082
DELAUNAY,4.475409836065574
ORIGINAL,5.680327868852459
