index,0
DELAUNAY,3.377049180327869
SMOTE,3.4098360655737703
SMOTE_SVM,3.5737704918032787
BORDERLINE1,3.6557377049180326
GEOSMOTE,3.7950819672131146
BORDERLINE2,4.39344262295082
ORIGINAL,5.795081967213115
