index,0
SMOTE,3.139344262295082
BORDERLINE2,3.1557377049180326
BORDERLINE1,3.3688524590163933
GEOSMOTE,3.540983606557377
SMOTE_SVM,3.7540983606557377
DELAUNAY,4.5
ORIGINAL,6.540983606557377
