index,0
BORDERLINE1,3.221311475409836
SMOTE_SVM,3.3114754098360657
BORDERLINE2,3.622950819672131
SMOTE,3.7049180327868854
GEOSMOTE,3.7459016393442623
DELAUNAY,4.737704918032787
ORIGINAL,5.655737704918033
