index,0
SMOTE,3.237704918032787
DELAUNAY,3.3114754098360657
SMOTE_SVM,3.778688524590164
ORIGINAL,4.065573770491803
GEOSMOTE,4.459016393442623
BORDERLINE1,4.524590163934426
BORDERLINE2,4.622950819672131
