index,0
BORDERLINE2,3.3360655737704916
SMOTE_SVM,3.557377049180328
DELAUNAY,3.6639344262295084
SMOTE,3.69672131147541
GEOSMOTE,3.8114754098360657
BORDERLINE1,3.8852459016393444
ORIGINAL,6.049180327868853
