index,0
DELAUNAY,3.1475409836065573
BORDERLINE2,3.360655737704918
SMOTE,3.4754098360655736
BORDERLINE1,3.622950819672131
GEOSMOTE,3.8360655737704916
SMOTE_SVM,3.9344262295081966
ORIGINAL,6.622950819672131
