index,0
BORDERLINE1,3.3442622950819674
DELAUNAY,3.459016393442623
SMOTE_SVM,3.6065573770491803
SMOTE,3.6147540983606556
BORDERLINE2,3.721311475409836
GEOSMOTE,4.172131147540983
ORIGINAL,6.081967213114754
