index,0
BORDERLINE2,3.237704918032787
DELAUNAY,3.3852459016393444
SMOTE,3.4344262295081966
BORDERLINE1,3.6065573770491803
GEOSMOTE,3.69672131147541
SMOTE_SVM,3.9754098360655736
ORIGINAL,6.663934426229508
