index,0
SMOTE_SVM,3.401639344262295
SMOTE,3.4672131147540983
DELAUNAY,3.4754098360655736
BORDERLINE2,3.5
BORDERLINE1,3.6721311475409837
GEOSMOTE,4.647540983606557
ORIGINAL,5.836065573770492
