index,0
DELAUNAY,3.237704918032787
SMOTE,3.3360655737704916
BORDERLINE2,3.3360655737704916
BORDERLINE1,3.680327868852459
GEOSMOTE,3.7950819672131146
SMOTE_SVM,3.9508196721311477
ORIGINAL,6.663934426229508
