index,0
SMOTE,3.2459016393442623
SMOTE_SVM,3.5081967213114753
BORDERLINE1,3.581967213114754
BORDERLINE2,3.9262295081967213
GEOSMOTE,3.9262295081967213
DELAUNAY,4.032786885245901
ORIGINAL,5.778688524590164
