index,0
BORDERLINE2,3.1147540983606556
SMOTE_SVM,3.401639344262295
SMOTE,3.459016393442623
BORDERLINE1,3.639344262295082
GEOSMOTE,3.7049180327868854
DELAUNAY,4.598360655737705
ORIGINAL,6.081967213114754
