index,0
BORDERLINE2,3.2459016393442623
SMOTE,3.3442622950819674
BORDERLINE1,3.4754098360655736
DELAUNAY,3.6885245901639343
GEOSMOTE,3.7950819672131146
SMOTE_SVM,3.8524590163934427
ORIGINAL,6.598360655737705
