index,0
SMOTE,3.2295081967213113
BORDERLINE1,3.459016393442623
SMOTE_SVM,3.5491803278688523
GEOSMOTE,3.762295081967213
BORDERLINE2,3.9508196721311477
DELAUNAY,4.360655737704918
ORIGINAL,5.688524590163935
