index,0
BORDERLINE1,3.262295081967213
SMOTE,3.5655737704918034
BORDERLINE2,3.5737704918032787
GEOSMOTE,3.6557377049180326
SMOTE_SVM,3.680327868852459
DELAUNAY,3.8278688524590163
ORIGINAL,6.434426229508197
