index,0
BORDERLINE2,3.2131147540983607
SMOTE_SVM,3.4836065573770494
SMOTE,3.680327868852459
GEOSMOTE,3.7459016393442623
BORDERLINE1,3.819672131147541
DELAUNAY,3.959016393442623
ORIGINAL,6.098360655737705
