index,0
SMOTE,2.9754098360655736
SMOTE_SVM,3.5901639344262297
ORIGINAL,3.8360655737704916
GEOSMOTE,4.295081967213115
BORDERLINE1,4.327868852459017
BORDERLINE2,4.401639344262295
DELAUNAY,4.573770491803279
