index,0
SMOTE,3.2049180327868854
DELAUNAY,3.7295081967213113
SMOTE_SVM,3.762295081967213
ORIGINAL,3.959016393442623
GEOSMOTE,4.360655737704918
BORDERLINE1,4.426229508196721
BORDERLINE2,4.557377049180328
