index,0
BORDERLINE1,3.3114754098360657
SMOTE,3.5163934426229506
SMOTE_SVM,3.5655737704918034
BORDERLINE2,3.581967213114754
GEOSMOTE,3.581967213114754
DELAUNAY,4.032786885245901
ORIGINAL,6.409836065573771
