index,0
BORDERLINE1,3.19672131147541
BORDERLINE2,3.540983606557377
GEOSMOTE,3.6475409836065573
SMOTE,3.6557377049180326
SMOTE_SVM,3.737704918032787
DELAUNAY,3.7868852459016393
ORIGINAL,6.434426229508197
