index,0
BORDERLINE1,3.3442622950819674
SMOTE,3.5327868852459017
GEOSMOTE,3.5327868852459017
SMOTE_SVM,3.622950819672131
BORDERLINE2,3.7868852459016393
DELAUNAY,3.918032786885246
ORIGINAL,6.262295081967213
