index,0
BORDERLINE1,3.221311475409836
BORDERLINE2,3.4754098360655736
GEOSMOTE,3.4754098360655736
SMOTE,3.4836065573770494
SMOTE_SVM,3.5655737704918034
DELAUNAY,4.336065573770492
ORIGINAL,6.442622950819672
