index,0
SMOTE,3.2459016393442623
SMOTE_SVM,3.4344262295081966
BORDERLINE1,3.6639344262295084
GEOSMOTE,3.6721311475409837
DELAUNAY,4.131147540983607
BORDERLINE2,4.213114754098361
ORIGINAL,5.639344262295082
