index,0
SMOTE,3.262295081967213
SMOTE_SVM,3.4672131147540983
BORDERLINE1,3.5901639344262297
GEOSMOTE,3.7459016393442623
DELAUNAY,3.8278688524590163
BORDERLINE2,4.344262295081967
ORIGINAL,5.762295081967213
