index,0
BORDERLINE2,3.081967213114754
SMOTE,3.180327868852459
BORDERLINE1,3.418032786885246
GEOSMOTE,3.5655737704918034
SMOTE_SVM,3.7295081967213113
DELAUNAY,4.360655737704918
ORIGINAL,6.663934426229508
