index,0
DELAUNAY,3.0901639344262297
BORDERLINE2,3.3524590163934427
SMOTE_SVM,3.6721311475409837
SMOTE,3.877049180327869
GEOSMOTE,3.9098360655737703
BORDERLINE1,3.9836065573770494
ORIGINAL,6.114754098360656
