index,0
DELAUNAY,3.262295081967213
SMOTE,3.4344262295081966
BORDERLINE1,3.557377049180328
SMOTE_SVM,3.7049180327868854
GEOSMOTE,4.049180327868853
BORDERLINE2,4.245901639344262
ORIGINAL,5.745901639344262
