index,0
SMOTE,3.0901639344262297
SMOTE_SVM,3.7295081967213113
ORIGINAL,3.8688524590163933
DELAUNAY,4.081967213114754
GEOSMOTE,4.327868852459017
BORDERLINE1,4.418032786885246
BORDERLINE2,4.483606557377049
