index,0
SMOTE,3.3114754098360657
SMOTE_SVM,3.5081967213114753
BORDERLINE1,3.598360655737705
GEOSMOTE,3.6721311475409837
DELAUNAY,3.7868852459016393
BORDERLINE2,4.352459016393443
ORIGINAL,5.770491803278689
