index,0
SMOTE_SVM,3.30327868852459
SMOTE,3.6147540983606556
GEOSMOTE,3.6557377049180326
DELAUNAY,4.016393442622951
BORDERLINE1,4.147540983606557
BORDERLINE2,4.155737704918033
ORIGINAL,5.10655737704918
