index,0
BORDERLINE2,3.3852459016393444
SMOTE_SVM,3.4672131147540983
SMOTE,3.4836065573770494
DELAUNAY,3.5081967213114753
BORDERLINE1,3.7049180327868854
GEOSMOTE,4.663934426229508
ORIGINAL,5.786885245901639
