index,0
SMOTE,3.3688524590163933
SMOTE_SVM,3.5163934426229506
DELAUNAY,3.6639344262295084
BORDERLINE1,3.737704918032787
GEOSMOTE,3.778688524590164
BORDERLINE2,4.286885245901639
ORIGINAL,5.647540983606557
