index,0
SMOTE_SVM,3.3852459016393444
DELAUNAY,3.442622950819672
GEOSMOTE,3.6721311475409837
SMOTE,3.7459016393442623
BORDERLINE1,4.319672131147541
BORDERLINE2,4.426229508196721
ORIGINAL,5.008196721311475
