index,0
BORDERLINE1,3.377049180327869
DELAUNAY,3.401639344262295
BORDERLINE2,3.4754098360655736
SMOTE,3.557377049180328
SMOTE_SVM,3.7540983606557377
GEOSMOTE,4.213114754098361
ORIGINAL,6.221311475409836
