index,0
BORDERLINE2,3.2868852459016393
DELAUNAY,3.3442622950819674
SMOTE,3.3934426229508197
BORDERLINE1,3.6065573770491803
GEOSMOTE,3.7950819672131146
SMOTE_SVM,3.9836065573770494
ORIGINAL,6.590163934426229
