index,0
DELAUNAY,3.3852459016393444
SMOTE,3.8852459016393444
GEOSMOTE,3.9262295081967213
BORDERLINE2,4.024590163934426
ORIGINAL,4.040983606557377
SMOTE_SVM,4.073770491803279
BORDERLINE1,4.663934426229508
