index,0
BORDERLINE1,2.2142857142857144
DELAUNAY,3.2142857142857144
SMOTE_SVM,3.2857142857142856
SMOTE,4.142857142857143
GEOSMOTE,4.142857142857143
BORDERLINE2,4.928571428571429
ORIGINAL,6.071428571428571
