index,0
GEOSMOTE,2.2857142857142856
DELAUNAY,2.7857142857142856
ORIGINAL,3.357142857142857
SMOTE_SVM,4.714285714285714
SMOTE,4.857142857142857
BORDERLINE2,4.857142857142857
BORDERLINE1,5.142857142857143
