index,0
DELAUNAY,2.4285714285714284
BORDERLINE2,3.357142857142857
SMOTE_SVM,3.857142857142857
BORDERLINE1,4.071428571428571
SMOTE,4.214285714285714
GEOSMOTE,4.571428571428571
ORIGINAL,5.5
