index,0
BORDERLINE1,3.2857142857142856
SMOTE,3.642857142857143
GEOSMOTE,3.857142857142857
ORIGINAL,4.0
BORDERLINE2,4.071428571428571
DELAUNAY,4.142857142857143
SMOTE_SVM,5.0
