index,0
BORDERLINE1,3.2857142857142856
BORDERLINE2,3.7142857142857144
SMOTE,3.7857142857142856
DELAUNAY,3.857142857142857
GEOSMOTE,4.142857142857143
SMOTE_SVM,4.214285714285714
ORIGINAL,5.0
