index,0
SMOTE,2.9285714285714284
BORDERLINE1,3.0714285714285716
BORDERLINE2,3.2142857142857144
GEOSMOTE,3.4285714285714284
SMOTE_SVM,4.0
DELAUNAY,4.785714285714286
ORIGINAL,6.571428571428571
