index,0
SMOTE,2.7857142857142856
BORDERLINE2,2.857142857142857
GEOSMOTE,3.642857142857143
BORDERLINE1,3.7857142857142856
ORIGINAL,4.285714285714286
DELAUNAY,5.071428571428571
SMOTE_SVM,5.571428571428571
