index,0
BORDERLINE1,3.0714285714285716
SMOTE,3.857142857142857
SMOTE_SVM,3.857142857142857
DELAUNAY,3.9285714285714284
BORDERLINE2,4.0
GEOSMOTE,4.5
ORIGINAL,4.785714285714286
