index,0
SMOTE,3.0714285714285716
BORDERLINE1,3.142857142857143
BORDERLINE2,3.2142857142857144
GEOSMOTE,3.5714285714285716
SMOTE_SVM,4.071428571428571
DELAUNAY,4.357142857142857
ORIGINAL,6.571428571428571
