index,0
GEOSMOTE,1.4285714285714286
ORIGINAL,3.2142857142857144
DELAUNAY,3.2142857142857144
BORDERLINE2,4.5
SMOTE,4.714285714285714
SMOTE_SVM,5.285714285714286
BORDERLINE1,5.642857142857143
