index,0
SMOTE,3.4285714285714284
BORDERLINE1,3.5
GEOSMOTE,3.857142857142857
ORIGINAL,3.9285714285714284
BORDERLINE2,4.142857142857143
DELAUNAY,4.214285714285714
SMOTE_SVM,4.928571428571429
