index,0
DELAUNAY,3.0
SMOTE,3.2857142857142856
ORIGINAL,4.071428571428571
BORDERLINE2,4.071428571428571
BORDERLINE1,4.357142857142857
GEOSMOTE,4.571428571428571
SMOTE_SVM,4.642857142857143
