index,0
SMOTE,2.857142857142857
BORDERLINE2,3.857142857142857
ORIGINAL,4.0
BORDERLINE1,4.071428571428571
GEOSMOTE,4.214285714285714
SMOTE_SVM,4.285714285714286
DELAUNAY,4.714285714285714
