index,0
BORDERLINE1,3.5
SMOTE,3.5714285714285716
GEOSMOTE,3.7857142857142856
DELAUNAY,4.0
ORIGINAL,4.071428571428571
BORDERLINE2,4.142857142857143
SMOTE_SVM,4.928571428571429
