index,0
BORDERLINE1,3.0
SMOTE,3.5714285714285716
BORDERLINE2,3.642857142857143
SMOTE_SVM,4.071428571428571
GEOSMOTE,4.357142857142857
DELAUNAY,4.428571428571429
ORIGINAL,4.928571428571429
