index,0
BORDERLINE1,2.857142857142857
SMOTE,3.5
BORDERLINE2,3.5
SMOTE_SVM,4.142857142857143
GEOSMOTE,4.285714285714286
DELAUNAY,4.714285714285714
ORIGINAL,5.0
