index,0
BORDERLINE2,3.142857142857143
SMOTE_SVM,3.4285714285714284
SMOTE,3.857142857142857
BORDERLINE1,3.9285714285714284
DELAUNAY,3.9285714285714284
GEOSMOTE,4.357142857142857
ORIGINAL,5.357142857142857
