index,0
DELAUNAY,3.0
SMOTE,3.142857142857143
BORDERLINE2,3.5
ORIGINAL,3.857142857142857
GEOSMOTE,4.285714285714286
BORDERLINE1,4.571428571428571
SMOTE_SVM,5.642857142857143
