index,0
BORDERLINE1,2.0714285714285716
SMOTE_SVM,3.4285714285714284
DELAUNAY,3.7857142857142856
GEOSMOTE,3.857142857142857
SMOTE,4.071428571428571
BORDERLINE2,4.785714285714286
ORIGINAL,6.0
