index,0
BORDERLINE2,3.0
BORDERLINE1,3.0714285714285716
SMOTE,3.5714285714285716
GEOSMOTE,3.5714285714285716
DELAUNAY,3.7857142857142856
SMOTE_SVM,4.428571428571429
ORIGINAL,6.571428571428571
