index,0
BORDERLINE1,1.9285714285714286
SMOTE_SVM,3.142857142857143
SMOTE,3.857142857142857
GEOSMOTE,3.857142857142857
BORDERLINE2,4.5
DELAUNAY,4.571428571428571
ORIGINAL,6.142857142857143
