index,0
SMOTE_SVM,3.142857142857143
SMOTE,3.4285714285714284
BORDERLINE1,3.5714285714285716
GEOSMOTE,3.642857142857143
DELAUNAY,3.9285714285714284
BORDERLINE2,4.142857142857143
ORIGINAL,6.142857142857143
