index,0
DELAUNAY,2.642857142857143
BORDERLINE2,3.5714285714285716
SMOTE,3.7142857142857144
SMOTE_SVM,3.857142857142857
BORDERLINE1,3.9285714285714284
GEOSMOTE,4.928571428571429
ORIGINAL,5.357142857142857
