index,0
SMOTE,3.142857142857143
BORDERLINE2,3.2857142857142856
GEOSMOTE,3.5
BORDERLINE1,3.857142857142857
DELAUNAY,4.214285714285714
SMOTE_SVM,4.5
ORIGINAL,5.5
