index,0
BORDERLINE1,2.0714285714285716
DELAUNAY,3.2142857142857144
SMOTE_SVM,3.4285714285714284
GEOSMOTE,3.9285714285714284
SMOTE,4.142857142857143
BORDERLINE2,5.071428571428571
ORIGINAL,6.142857142857143
