index,0
GEOSMOTE,3.5714285714285716
ORIGINAL,3.7857142857142856
SMOTE_SVM,3.7857142857142856
BORDERLINE1,4.0
DELAUNAY,4.214285714285714
SMOTE,4.285714285714286
BORDERLINE2,4.357142857142857
