index,0
BORDERLINE2,2.857142857142857
SMOTE,3.0
GEOSMOTE,3.7142857142857144
BORDERLINE1,3.9285714285714284
DELAUNAY,4.285714285714286
ORIGINAL,4.428571428571429
SMOTE_SVM,5.785714285714286
