index,0
SMOTE,3.0714285714285716
BORDERLINE2,3.7142857142857144
ORIGINAL,3.857142857142857
BORDERLINE1,4.0
GEOSMOTE,4.214285714285714
SMOTE_SVM,4.428571428571429
DELAUNAY,4.714285714285714
