index,0
BORDERLINE1,2.5714285714285716
SMOTE_SVM,3.642857142857143
DELAUNAY,3.7142857142857144
GEOSMOTE,3.9285714285714284
BORDERLINE2,4.0
SMOTE,4.142857142857143
ORIGINAL,6.0
