index,0
BORDERLINE1,2.0714285714285716
SMOTE_SVM,3.357142857142857
DELAUNAY,3.5
GEOSMOTE,3.857142857142857
SMOTE,4.142857142857143
BORDERLINE2,4.928571428571429
ORIGINAL,6.142857142857143
