index,0
BORDERLINE2,3.0714285714285716
SMOTE_SVM,3.2857142857142856
SMOTE,3.7142857142857144
BORDERLINE1,3.9285714285714284
GEOSMOTE,4.285714285714286
DELAUNAY,4.5
ORIGINAL,5.214285714285714
