index,0
SMOTE,2.9285714285714284
BORDERLINE2,3.9285714285714284
ORIGINAL,4.0
DELAUNAY,4.142857142857143
BORDERLINE1,4.214285714285714
GEOSMOTE,4.357142857142857
SMOTE_SVM,4.428571428571429
