index,0
BORDERLINE2,3.2142857142857144
DELAUNAY,3.357142857142857
SMOTE_SVM,3.5714285714285716
SMOTE,3.642857142857143
BORDERLINE1,3.857142857142857
GEOSMOTE,4.857142857142857
ORIGINAL,5.5
