index,0
SMOTE,2.7142857142857144
BORDERLINE2,2.7142857142857144
GEOSMOTE,3.5
BORDERLINE1,3.9285714285714284
ORIGINAL,4.285714285714286
SMOTE_SVM,5.357142857142857
DELAUNAY,5.5
