index,0
GEOSMOTE,3.357142857142857
DELAUNAY,3.357142857142857
SMOTE,3.5
BORDERLINE1,3.5
SMOTE_SVM,4.214285714285714
BORDERLINE2,4.214285714285714
ORIGINAL,5.857142857142857
