index,0
BORDERLINE1,2.9285714285714284
BORDERLINE2,2.9285714285714284
SMOTE,3.2857142857142856
GEOSMOTE,3.5714285714285716
SMOTE_SVM,4.357142857142857
DELAUNAY,4.357142857142857
ORIGINAL,6.571428571428571
