index,0
BORDERLINE1,2.5
SMOTE_SVM,3.5714285714285716
DELAUNAY,3.5714285714285716
GEOSMOTE,3.9285714285714284
BORDERLINE2,4.0
SMOTE,4.428571428571429
ORIGINAL,6.0
