index,0
SMOTE,3.142857142857143
DELAUNAY,3.7142857142857144
BORDERLINE2,4.0
ORIGINAL,4.071428571428571
BORDERLINE1,4.214285714285714
GEOSMOTE,4.285714285714286
SMOTE_SVM,4.571428571428571
