index,0
SMOTE,2.7142857142857144
BORDERLINE2,3.5
BORDERLINE1,3.5714285714285716
GEOSMOTE,3.857142857142857
DELAUNAY,4.642857142857143
ORIGINAL,4.785714285714286
SMOTE_SVM,4.928571428571429
