index,0
SMOTE,2.857142857142857
BORDERLINE2,3.5714285714285716
BORDERLINE1,3.7142857142857144
GEOSMOTE,3.7857142857142856
DELAUNAY,4.5
ORIGINAL,4.642857142857143
SMOTE_SVM,4.928571428571429
