index,0
BORDERLINE2,2.642857142857143
SMOTE,2.9285714285714284
GEOSMOTE,3.4285714285714284
BORDERLINE1,3.9285714285714284
ORIGINAL,4.5
DELAUNAY,5.071428571428571
SMOTE_SVM,5.5
