index,0
DELAUNAY,3.357142857142857
SMOTE,3.5714285714285716
BORDERLINE1,3.642857142857143
GEOSMOTE,4.0
ORIGINAL,4.071428571428571
BORDERLINE2,4.214285714285714
SMOTE_SVM,5.142857142857143
