index,0
BORDERLINE2,3.0714285714285716
BORDERLINE1,3.142857142857143
DELAUNAY,3.2857142857142856
SMOTE,3.642857142857143
GEOSMOTE,3.7857142857142856
SMOTE_SVM,4.5
ORIGINAL,6.571428571428571
