index,0
SMOTE,3.0
BORDERLINE2,3.2857142857142856
ORIGINAL,3.9285714285714284
GEOSMOTE,4.071428571428571
DELAUNAY,4.214285714285714
BORDERLINE1,4.285714285714286
SMOTE_SVM,5.214285714285714
