index,0
DELAUNAY,2.5
BORDERLINE2,3.142857142857143
SMOTE,3.357142857142857
GEOSMOTE,4.0
BORDERLINE1,4.357142857142857
ORIGINAL,4.714285714285714
SMOTE_SVM,5.928571428571429
