index,0
DELAUNAY,3.357142857142857
BORDERLINE1,3.4285714285714284
BORDERLINE2,3.857142857142857
SMOTE,3.9285714285714284
SMOTE_SVM,4.214285714285714
GEOSMOTE,4.214285714285714
ORIGINAL,5.0
