index,0
DELAUNAY,3.0714285714285716
BORDERLINE1,3.5
SMOTE,3.857142857142857
GEOSMOTE,3.9285714285714284
BORDERLINE2,4.071428571428571
ORIGINAL,4.214285714285714
SMOTE_SVM,5.357142857142857
