index,0
GEOSMOTE,2.142857142857143
ORIGINAL,3.2142857142857144
DELAUNAY,3.857142857142857
BORDERLINE2,4.571428571428571
SMOTE,4.642857142857143
SMOTE_SVM,4.642857142857143
BORDERLINE1,4.928571428571429
