index,0
BORDERLINE2,2.9285714285714284
SMOTE,3.0
BORDERLINE1,3.7142857142857144
GEOSMOTE,3.7857142857142856
DELAUNAY,4.214285714285714
ORIGINAL,4.571428571428571
SMOTE_SVM,5.785714285714286
