index,0
BORDERLINE1,3.2857142857142856
BORDERLINE2,3.642857142857143
SMOTE,3.7142857142857144
SMOTE_SVM,4.071428571428571
DELAUNAY,4.142857142857143
GEOSMOTE,4.214285714285714
ORIGINAL,4.928571428571429
