index,0
GEOSMOTE,3.4285714285714284
ORIGINAL,3.5714285714285716
SMOTE,3.642857142857143
BORDERLINE1,3.7142857142857144
SMOTE_SVM,3.857142857142857
DELAUNAY,4.857142857142857
BORDERLINE2,4.928571428571429
