index,0
BORDERLINE2,3.0
SMOTE,3.142857142857143
DELAUNAY,3.642857142857143
BORDERLINE1,4.0
GEOSMOTE,4.0
ORIGINAL,4.571428571428571
SMOTE_SVM,5.642857142857143
