index,0
BORDERLINE1,3.2142857142857144
SMOTE,3.7857142857142856
SMOTE_SVM,3.7857142857142856
DELAUNAY,4.0
BORDERLINE2,4.071428571428571
GEOSMOTE,4.5
ORIGINAL,4.642857142857143
