index,0
SMOTE,2.9285714285714284
DELAUNAY,3.357142857142857
BORDERLINE2,3.5
ORIGINAL,4.0
GEOSMOTE,4.071428571428571
BORDERLINE1,4.571428571428571
SMOTE_SVM,5.571428571428571
