index,0
DELAUNAY,3.0714285714285716
GEOSMOTE,3.7142857142857144
ORIGINAL,4.071428571428571
SMOTE_SVM,4.071428571428571
BORDERLINE1,4.142857142857143
SMOTE,4.214285714285714
BORDERLINE2,4.714285714285714
