index,0
BORDERLINE2,3.0714285714285716
SMOTE_SVM,3.4285714285714284
BORDERLINE1,3.4285714285714284
SMOTE,3.5714285714285716
GEOSMOTE,4.642857142857143
DELAUNAY,4.642857142857143
ORIGINAL,5.214285714285714
