index,0
SMOTE,2.7142857142857144
BORDERLINE2,2.9285714285714284
ORIGINAL,3.7142857142857144
GEOSMOTE,3.7857142857142856
BORDERLINE1,4.285714285714286
SMOTE_SVM,5.285714285714286
DELAUNAY,5.285714285714286
