index,0
DELAUNAY,2.5
SMOTE,3.642857142857143
BORDERLINE1,3.642857142857143
GEOSMOTE,3.642857142857143
SMOTE_SVM,4.357142857142857
BORDERLINE2,4.357142857142857
ORIGINAL,5.857142857142857
