index,0
BORDERLINE1,2.7142857142857144
DELAUNAY,3.0714285714285716
SMOTE_SVM,3.857142857142857
GEOSMOTE,3.9285714285714284
BORDERLINE2,4.142857142857143
SMOTE,4.285714285714286
ORIGINAL,6.0
