index,0
BORDERLINE1,3.2142857142857144
SMOTE_SVM,3.7142857142857144
SMOTE,3.857142857142857
BORDERLINE2,4.0
DELAUNAY,4.142857142857143
GEOSMOTE,4.357142857142857
ORIGINAL,4.714285714285714
