index,0
BORDERLINE2,3.2857142857142856
SMOTE,3.4285714285714284
DELAUNAY,3.4285714285714284
GEOSMOTE,3.642857142857143
BORDERLINE1,3.857142857142857
SMOTE_SVM,4.714285714285714
ORIGINAL,5.642857142857143
