index,0
SMOTE,3.0
BORDERLINE2,3.357142857142857
ORIGINAL,3.857142857142857
DELAUNAY,3.857142857142857
GEOSMOTE,3.9285714285714284
BORDERLINE1,4.5
SMOTE_SVM,5.5
