index,0
BORDERLINE1,2.142857142857143
DELAUNAY,3.0714285714285716
SMOTE_SVM,3.4285714285714284
GEOSMOTE,4.0
SMOTE,4.285714285714286
BORDERLINE2,4.928571428571429
ORIGINAL,6.142857142857143
