index,0
BORDERLINE1,3.0714285714285716
SMOTE,3.5714285714285716
BORDERLINE2,3.642857142857143
SMOTE_SVM,4.0
GEOSMOTE,4.357142857142857
DELAUNAY,4.357142857142857
ORIGINAL,5.0
