index,0
SMOTE,3.5714285714285716
GEOSMOTE,3.5714285714285716
ORIGINAL,3.642857142857143
SMOTE_SVM,3.9285714285714284
BORDERLINE1,4.071428571428571
DELAUNAY,4.142857142857143
BORDERLINE2,5.071428571428571
