index,0
SMOTE_SVM,3.0714285714285716
DELAUNAY,3.5714285714285716
SMOTE,3.642857142857143
BORDERLINE1,3.642857142857143
GEOSMOTE,3.7142857142857144
BORDERLINE2,4.214285714285714
ORIGINAL,6.142857142857143
