index,0
SMOTE,3.2142857142857144
GEOSMOTE,3.2857142857142856
BORDERLINE1,3.5
DELAUNAY,3.9285714285714284
SMOTE_SVM,4.0
BORDERLINE2,4.214285714285714
ORIGINAL,5.857142857142857
