index,0
BORDERLINE1,2.5714285714285716
SMOTE_SVM,3.4285714285714284
GEOSMOTE,3.7857142857142856
SMOTE,4.0
BORDERLINE2,4.0
DELAUNAY,4.357142857142857
ORIGINAL,5.857142857142857
