index,0
BORDERLINE1,2.7857142857142856
DELAUNAY,2.9285714285714284
SMOTE_SVM,3.9285714285714284
GEOSMOTE,3.9285714285714284
BORDERLINE2,4.142857142857143
SMOTE,4.285714285714286
ORIGINAL,6.0
