index,0
DELAUNAY,2.9285714285714284
SMOTE,3.2857142857142856
ORIGINAL,4.071428571428571
BORDERLINE2,4.142857142857143
BORDERLINE1,4.285714285714286
GEOSMOTE,4.5
SMOTE_SVM,4.785714285714286
