index,0
DELAUNAY,3.357142857142857
GEOSMOTE,3.7142857142857144
SMOTE_SVM,3.9285714285714284
ORIGINAL,4.0
BORDERLINE1,4.142857142857143
SMOTE,4.357142857142857
BORDERLINE2,4.5
