index,0
SMOTE,2.642857142857143
BORDERLINE2,3.2142857142857144
ORIGINAL,3.7142857142857144
GEOSMOTE,3.7857142857142856
BORDERLINE1,4.142857142857143
SMOTE_SVM,5.142857142857143
DELAUNAY,5.357142857142857
