index,0
SMOTE,3.0714285714285716
BORDERLINE1,3.642857142857143
BORDERLINE2,3.642857142857143
DELAUNAY,3.7142857142857144
GEOSMOTE,4.0
ORIGINAL,4.857142857142857
SMOTE_SVM,5.071428571428571
