index,0
DELAUNAY,3.142857142857143
BORDERLINE2,3.357142857142857
SMOTE,3.642857142857143
BORDERLINE1,3.7142857142857144
SMOTE_SVM,3.7857142857142856
GEOSMOTE,5.0
ORIGINAL,5.357142857142857
