index,0
SMOTE_SVM,3.2857142857142856
BORDERLINE2,3.357142857142857
SMOTE,3.7857142857142856
BORDERLINE1,3.9285714285714284
DELAUNAY,4.071428571428571
GEOSMOTE,4.357142857142857
ORIGINAL,5.214285714285714
