index,0
BORDERLINE2,3.2142857142857144
DELAUNAY,3.5
SMOTE,3.5714285714285716
BORDERLINE1,3.7142857142857144
SMOTE_SVM,3.7857142857142856
GEOSMOTE,4.785714285714286
ORIGINAL,5.428571428571429
