index,0
SMOTE,3.2857142857142856
BORDERLINE2,3.4285714285714284
GEOSMOTE,3.5
DELAUNAY,3.7857142857142856
BORDERLINE1,3.857142857142857
SMOTE_SVM,4.5
ORIGINAL,5.642857142857143
