index,0
BORDERLINE1,3.2857142857142856
BORDERLINE2,3.5714285714285716
SMOTE,3.7857142857142856
SMOTE_SVM,4.071428571428571
DELAUNAY,4.071428571428571
GEOSMOTE,4.214285714285714
ORIGINAL,5.0
