index,0
SMOTE_SVM,2.9285714285714284
SMOTE,3.5
BORDERLINE1,3.5714285714285716
GEOSMOTE,3.5714285714285716
BORDERLINE2,4.142857142857143
DELAUNAY,4.142857142857143
ORIGINAL,6.142857142857143
