index,0
DELAUNAY,3.0714285714285716
SMOTE_SVM,3.2142857142857144
BORDERLINE1,3.7142857142857144
GEOSMOTE,3.7857142857142856
SMOTE,3.9285714285714284
BORDERLINE2,4.142857142857143
ORIGINAL,6.142857142857143
