index,0
BORDERLINE1,3.0714285714285716
SMOTE_SVM,3.5714285714285716
SMOTE,3.7142857142857144
BORDERLINE2,3.857142857142857
GEOSMOTE,4.5
ORIGINAL,4.642857142857143
DELAUNAY,4.642857142857143
