index,0
BORDERLINE2,3.2857142857142856
DELAUNAY,3.5
SMOTE,3.5714285714285716
SMOTE_SVM,3.642857142857143
BORDERLINE1,3.7857142857142856
GEOSMOTE,4.857142857142857
ORIGINAL,5.357142857142857
