index,0
SMOTE,2.9285714285714284
BORDERLINE2,3.2142857142857144
GEOSMOTE,4.071428571428571
DELAUNAY,4.071428571428571
ORIGINAL,4.142857142857143
BORDERLINE1,4.285714285714286
SMOTE_SVM,5.285714285714286
