index,0
BORDERLINE1,3.0714285714285716
BORDERLINE2,3.0714285714285716
SMOTE,3.5
DELAUNAY,3.5
GEOSMOTE,3.7857142857142856
SMOTE_SVM,4.5
ORIGINAL,6.571428571428571
