index,0
SMOTE_SVM,3.0714285714285716
SMOTE,3.5714285714285716
BORDERLINE1,3.5714285714285716
GEOSMOTE,3.7142857142857144
DELAUNAY,3.7857142857142856
BORDERLINE2,4.142857142857143
ORIGINAL,6.142857142857143
