index,0
BORDERLINE2,3.142857142857143
SMOTE,3.4285714285714284
SMOTE_SVM,3.642857142857143
BORDERLINE1,3.642857142857143
DELAUNAY,3.9285714285714284
GEOSMOTE,4.785714285714286
ORIGINAL,5.428571428571429
