index,0
SMOTE,3.2142857142857144
DELAUNAY,3.4285714285714284
BORDERLINE2,4.0
ORIGINAL,4.142857142857143
BORDERLINE1,4.214285714285714
GEOSMOTE,4.357142857142857
SMOTE_SVM,4.642857142857143
