index,0
SMOTE,3.0
BORDERLINE2,3.0
GEOSMOTE,3.857142857142857
DELAUNAY,3.9285714285714284
BORDERLINE1,4.071428571428571
ORIGINAL,4.5
SMOTE_SVM,5.642857142857143
