index,0
GEOSMOTE,3.5714285714285716
ORIGINAL,3.7857142857142856
SMOTE,3.7857142857142856
DELAUNAY,3.7857142857142856
SMOTE_SVM,3.9285714285714284
BORDERLINE1,3.9285714285714284
BORDERLINE2,5.214285714285714
