index,0
SMOTE,2.9285714285714284
BORDERLINE2,3.2142857142857144
GEOSMOTE,3.7857142857142856
ORIGINAL,3.857142857142857
BORDERLINE1,4.285714285714286
DELAUNAY,4.571428571428571
SMOTE_SVM,5.357142857142857
