index,0
SMOTE,3.0
BORDERLINE1,3.142857142857143
BORDERLINE2,3.2857142857142856
GEOSMOTE,3.5
SMOTE_SVM,4.071428571428571
DELAUNAY,4.428571428571429
ORIGINAL,6.571428571428571
