index,0
BORDERLINE1,3.0
BORDERLINE2,3.0
SMOTE,3.5
GEOSMOTE,3.7142857142857144
DELAUNAY,3.7857142857142856
SMOTE_SVM,4.428571428571429
ORIGINAL,6.571428571428571
