index,0
BORDERLINE1,3.2857142857142856
DELAUNAY,3.5714285714285716
SMOTE,3.9285714285714284
SMOTE_SVM,3.9285714285714284
BORDERLINE2,4.214285714285714
GEOSMOTE,4.357142857142857
ORIGINAL,4.714285714285714
