index,0
BORDERLINE1,2.5714285714285716
SMOTE_SVM,3.5
GEOSMOTE,3.7857142857142856
SMOTE,4.0
BORDERLINE2,4.0
DELAUNAY,4.142857142857143
ORIGINAL,6.0
