index,0
BORDERLINE1,3.2142857142857144
DELAUNAY,3.7142857142857144
SMOTE,3.857142857142857
SMOTE_SVM,3.9285714285714284
BORDERLINE2,4.142857142857143
GEOSMOTE,4.428571428571429
ORIGINAL,4.714285714285714
