index,0
BORDERLINE2,3.2142857142857144
SMOTE_SVM,3.5714285714285716
DELAUNAY,3.642857142857143
SMOTE,4.0
BORDERLINE1,4.0
GEOSMOTE,4.285714285714286
ORIGINAL,5.285714285714286
