index,0
SMOTE,2.9285714285714284
BORDERLINE2,4.0
ORIGINAL,4.071428571428571
BORDERLINE1,4.142857142857143
GEOSMOTE,4.214285714285714
DELAUNAY,4.214285714285714
SMOTE_SVM,4.428571428571429
