index,0
BORDERLINE1,3.2857142857142856
SMOTE_SVM,3.7857142857142856
SMOTE,3.857142857142857
DELAUNAY,4.0
BORDERLINE2,4.142857142857143
GEOSMOTE,4.214285714285714
ORIGINAL,4.714285714285714
