index,0
BORDERLINE1,3.0
BORDERLINE2,3.0
SMOTE,3.5
GEOSMOTE,3.5714285714285716
DELAUNAY,4.0
SMOTE_SVM,4.357142857142857
ORIGINAL,6.571428571428571
