index,0
BORDERLINE1,2.857142857142857
SMOTE,3.4285714285714284
BORDERLINE2,3.5
SMOTE_SVM,3.7857142857142856
GEOSMOTE,4.214285714285714
ORIGINAL,4.928571428571429
DELAUNAY,5.285714285714286
