index,0
SMOTE,2.642857142857143
BORDERLINE2,3.0714285714285716
ORIGINAL,3.5
GEOSMOTE,3.642857142857143
BORDERLINE1,4.142857142857143
SMOTE_SVM,5.071428571428571
DELAUNAY,5.928571428571429
