index,0
DELAUNAY,2.857142857142857
GEOSMOTE,3.857142857142857
ORIGINAL,4.071428571428571
SMOTE_SVM,4.071428571428571
BORDERLINE1,4.071428571428571
SMOTE,4.285714285714286
BORDERLINE2,4.785714285714286
