index,0
DELAUNAY,2.9285714285714284
SMOTE,3.2142857142857144
BORDERLINE1,3.4285714285714284
BORDERLINE2,3.642857142857143
GEOSMOTE,4.0
SMOTE_SVM,4.214285714285714
ORIGINAL,6.571428571428571
