index,0
SMOTE,3.5714285714285716
BORDERLINE1,3.5714285714285716
DELAUNAY,3.642857142857143
ORIGINAL,4.0
GEOSMOTE,4.0
BORDERLINE2,4.142857142857143
SMOTE_SVM,5.071428571428571
