index,0
BORDERLINE1,2.857142857142857
SMOTE,3.642857142857143
SMOTE_SVM,3.7142857142857144
BORDERLINE2,3.9285714285714284
ORIGINAL,4.428571428571429
GEOSMOTE,4.5
DELAUNAY,4.928571428571429
