index,0
SMOTE,3.142857142857143
GEOSMOTE,3.2142857142857144
BORDERLINE1,3.4285714285714284
SMOTE_SVM,3.9285714285714284
BORDERLINE2,4.142857142857143
DELAUNAY,4.357142857142857
ORIGINAL,5.785714285714286
