index,0
BORDERLINE1,2.9285714285714284
SMOTE,3.5
BORDERLINE2,3.5
SMOTE_SVM,4.142857142857143
GEOSMOTE,4.142857142857143
DELAUNAY,4.857142857142857
ORIGINAL,4.928571428571429
