index,0
SMOTE,3.0714285714285716
BORDERLINE2,3.2142857142857144
GEOSMOTE,3.357142857142857
BORDERLINE1,3.642857142857143
SMOTE_SVM,4.5
DELAUNAY,4.571428571428571
ORIGINAL,5.642857142857143
