index,0
DELAUNAY,3.2142857142857144
GEOSMOTE,3.7142857142857144
SMOTE_SVM,3.9285714285714284
BORDERLINE1,4.0
ORIGINAL,4.214285714285714
SMOTE,4.214285714285714
BORDERLINE2,4.714285714285714
