index,0
BORDERLINE1,3.4285714285714284
SMOTE,3.642857142857143
ORIGINAL,3.9285714285714284
BORDERLINE2,4.0
GEOSMOTE,4.0
DELAUNAY,4.071428571428571
SMOTE_SVM,4.928571428571429
