index,0
GEOSMOTE,1.4285714285714286
DELAUNAY,2.857142857142857
ORIGINAL,3.2857142857142856
BORDERLINE2,4.571428571428571
SMOTE,4.857142857142857
SMOTE_SVM,5.285714285714286
BORDERLINE1,5.714285714285714
