index,0
GEOSMOTE,2.142857142857143
ORIGINAL,3.2857142857142856
DELAUNAY,3.7142857142857144
SMOTE_SVM,4.571428571428571
SMOTE,4.642857142857143
BORDERLINE2,4.714285714285714
BORDERLINE1,4.928571428571429
