index,0
BORDERLINE2,3.0
SMOTE_SVM,3.2857142857142856
SMOTE,3.642857142857143
BORDERLINE1,3.857142857142857
GEOSMOTE,4.285714285714286
DELAUNAY,4.714285714285714
ORIGINAL,5.214285714285714
