index,0
DELAUNAY,2.9285714285714284
SMOTE_SVM,3.2857142857142856
BORDERLINE1,3.7142857142857144
GEOSMOTE,3.857142857142857
SMOTE,3.9285714285714284
BORDERLINE2,4.142857142857143
ORIGINAL,6.142857142857143
