index,0
SMOTE,3.357142857142857
BORDERLINE2,3.4285714285714284
DELAUNAY,3.4285714285714284
GEOSMOTE,3.7142857142857144
BORDERLINE1,3.857142857142857
SMOTE_SVM,4.642857142857143
ORIGINAL,5.571428571428571
