index,0
BORDERLINE1,3.2142857142857144
DELAUNAY,3.4285714285714284
BORDERLINE2,3.642857142857143
SMOTE,3.857142857142857
GEOSMOTE,4.357142857142857
SMOTE_SVM,4.428571428571429
ORIGINAL,5.071428571428571
