index,0
BORDERLINE1,2.9285714285714284
BORDERLINE2,3.357142857142857
SMOTE,3.5714285714285716
SMOTE_SVM,3.857142857142857
GEOSMOTE,4.142857142857143
ORIGINAL,4.928571428571429
DELAUNAY,5.214285714285714
