index,0
GEOSMOTE,3.2857142857142856
DELAUNAY,3.357142857142857
SMOTE,3.4285714285714284
BORDERLINE1,3.642857142857143
SMOTE_SVM,4.214285714285714
BORDERLINE2,4.214285714285714
ORIGINAL,5.857142857142857
