index,0
BORDERLINE2,2.857142857142857
SMOTE,3.142857142857143
GEOSMOTE,3.857142857142857
BORDERLINE1,3.9285714285714284
DELAUNAY,4.142857142857143
ORIGINAL,4.428571428571429
SMOTE_SVM,5.642857142857143
