index,0
BORDERLINE2,2.9285714285714284
BORDERLINE1,3.0
SMOTE,3.357142857142857
GEOSMOTE,3.4285714285714284
SMOTE_SVM,4.285714285714286
DELAUNAY,4.428571428571429
ORIGINAL,6.571428571428571
