index,0
SMOTE,3.0
BORDERLINE2,3.2857142857142856
ORIGINAL,3.857142857142857
GEOSMOTE,4.0
DELAUNAY,4.142857142857143
BORDERLINE1,4.357142857142857
SMOTE_SVM,5.357142857142857
