index,0
SMOTE,3.0
BORDERLINE2,3.357142857142857
ORIGINAL,3.857142857142857
GEOSMOTE,4.0
BORDERLINE1,4.285714285714286
DELAUNAY,4.357142857142857
SMOTE_SVM,5.142857142857143
