index,0
BORDERLINE1,3.2142857142857144
SMOTE,3.7857142857142856
SMOTE_SVM,3.857142857142857
BORDERLINE2,4.071428571428571
DELAUNAY,4.142857142857143
GEOSMOTE,4.357142857142857
ORIGINAL,4.571428571428571
