index,0
BORDERLINE1,2.2857142857142856
SMOTE_SVM,3.5
GEOSMOTE,3.7857142857142856
BORDERLINE2,4.0
SMOTE,4.071428571428571
DELAUNAY,4.357142857142857
ORIGINAL,6.0
