index,0
BORDERLINE2,2.9285714285714284
BORDERLINE1,3.0
SMOTE,3.5
GEOSMOTE,3.5
DELAUNAY,4.071428571428571
SMOTE_SVM,4.428571428571429
ORIGINAL,6.571428571428571
