index,0
DELAUNAY,2.7142857142857144
SMOTE,3.142857142857143
BORDERLINE2,3.5714285714285716
ORIGINAL,4.071428571428571
GEOSMOTE,4.357142857142857
BORDERLINE1,4.571428571428571
SMOTE_SVM,5.571428571428571
