index,0
BORDERLINE1,2.5714285714285716
DELAUNAY,3.2142857142857144
SMOTE_SVM,3.7857142857142856
GEOSMOTE,3.9285714285714284
BORDERLINE2,4.142857142857143
SMOTE,4.357142857142857
ORIGINAL,6.0
