index,0
SMOTE_SVM,3.142857142857143
SMOTE,3.4285714285714284
BORDERLINE1,3.5
GEOSMOTE,3.5714285714285716
BORDERLINE2,4.071428571428571
DELAUNAY,4.142857142857143
ORIGINAL,6.142857142857143
