index,0
GEOSMOTE,1.5
DELAUNAY,2.857142857142857
ORIGINAL,3.4285714285714284
BORDERLINE2,4.5
SMOTE,4.714285714285714
SMOTE_SVM,5.357142857142857
BORDERLINE1,5.642857142857143
