index,0
DELAUNAY,3.0714285714285716
BORDERLINE2,3.357142857142857
SMOTE_SVM,3.7142857142857144
SMOTE,4.0
BORDERLINE1,4.142857142857143
GEOSMOTE,4.428571428571429
ORIGINAL,5.285714285714286
