index,0
BORDERLINE2,3.2142857142857144
SMOTE_SVM,3.5
DELAUNAY,3.7142857142857144
SMOTE,3.857142857142857
BORDERLINE1,3.9285714285714284
GEOSMOTE,4.428571428571429
ORIGINAL,5.357142857142857
