index,0
BORDERLINE1,3.0714285714285716
SMOTE,3.642857142857143
BORDERLINE2,3.7142857142857144
SMOTE_SVM,4.0
DELAUNAY,4.071428571428571
GEOSMOTE,4.5
ORIGINAL,5.0
