index,0
SMOTE,3.0714285714285716
DELAUNAY,3.2857142857142856
BORDERLINE2,3.5
ORIGINAL,3.9285714285714284
GEOSMOTE,4.285714285714286
BORDERLINE1,4.428571428571429
SMOTE_SVM,5.5
