index,0
BORDERLINE2,2.9285714285714284
SMOTE,3.142857142857143
DELAUNAY,3.5714285714285716
GEOSMOTE,3.9285714285714284
BORDERLINE1,4.071428571428571
ORIGINAL,4.571428571428571
SMOTE_SVM,5.785714285714286
