index,0
ORIGINAL,3.5
GEOSMOTE,3.5714285714285716
SMOTE,3.7142857142857144
SMOTE_SVM,3.9285714285714284
DELAUNAY,3.9285714285714284
BORDERLINE1,4.0
BORDERLINE2,5.357142857142857
