index,0
BORDERLINE1,2.4285714285714284
DELAUNAY,3.0
SMOTE_SVM,3.7857142857142856
GEOSMOTE,4.071428571428571
SMOTE,4.285714285714286
BORDERLINE2,4.428571428571429
ORIGINAL,6.0
