index,0
BORDERLINE2,2.857142857142857
SMOTE,3.0
GEOSMOTE,3.7857142857142856
BORDERLINE1,4.071428571428571
DELAUNAY,4.071428571428571
ORIGINAL,4.428571428571429
SMOTE_SVM,5.785714285714286
