index,0
DELAUNAY,3.5
ORIGINAL,3.7142857142857144
SMOTE,3.9285714285714284
SMOTE_SVM,4.071428571428571
GEOSMOTE,4.142857142857143
BORDERLINE2,4.285714285714286
BORDERLINE1,4.357142857142857
