index,0
ORIGINAL,3.0714285714285716
SMOTE,3.2857142857142856
BORDERLINE1,3.4285714285714284
BORDERLINE2,3.5
GEOSMOTE,4.285714285714286
DELAUNAY,4.928571428571429
SMOTE_SVM,5.5
