index,0
DELAUNAY,2.7857142857142856
ORIGINAL,3.0714285714285716
BORDERLINE1,3.357142857142857
SMOTE,3.7857142857142856
SMOTE_SVM,4.142857142857143
BORDERLINE2,4.642857142857143
GEOSMOTE,6.214285714285714
