index,0
DELAUNAY,2.857142857142857
ORIGINAL,3.4285714285714284
SMOTE,3.4285714285714284
BORDERLINE1,3.7142857142857144
BORDERLINE2,3.7857142857142856
GEOSMOTE,4.928571428571429
SMOTE_SVM,5.857142857142857
