index,0
DELAUNAY,3.357142857142857
SMOTE,3.642857142857143
BORDERLINE1,3.9285714285714284
BORDERLINE2,4.0
GEOSMOTE,4.071428571428571
SMOTE_SVM,4.142857142857143
ORIGINAL,4.857142857142857
