index,0
DELAUNAY,3.357142857142857
GEOSMOTE,3.4285714285714284
BORDERLINE1,3.5714285714285716
SMOTE_SVM,3.9285714285714284
ORIGINAL,4.428571428571429
BORDERLINE2,4.5
SMOTE,4.785714285714286
