index,0
ORIGINAL,3.0714285714285716
SMOTE,3.142857142857143
BORDERLINE1,3.357142857142857
BORDERLINE2,3.642857142857143
GEOSMOTE,4.214285714285714
DELAUNAY,5.0
SMOTE_SVM,5.571428571428571
