DATASET,ALGORITHM,ORIGINAL,RANK_ORIGINAL,SMOTE,RANK_SMOTE,SMOTE_SVM,RANK_SMOTE_SVM,BORDERLINE1,RANK_BORDERLINE1,BORDERLINE2,RANK_BORDERLINE2,GEOSMOTE,RANK_GEOSMOTE,DELAUNAY,RANK_DELAUNAY,DELAUNAY_TYPE,ALPHA,unit
contraceptive,ABC,0.23199999999999998,2.0,0.222,5.5,0.2240000000000001,4.0,0.222,5.5,0.218,7.0,0.252,1.0,0.2280000000000001,3.0,min_solid_angle,9,REC
dermatology,ABC,0.354,2.5,0.354,2.5,0.29400000000000004,5.0,0.28600000000000003,6.0,0.30599999999999994,4.0,0.388,1.0,0.20800000000000002,7.0,min_solid_angle,9,REC
glass,ABC,0.28200000000000003,7.0,0.388,3.0,0.398,2.0,0.314,6.0,0.362,4.0,0.326,5.0,0.418,1.0,min_solid_angle,9,REC
new-thyroid,ABC,0.122,3.5,0.126,2.0,0.23800000000000004,1.0,0.11,5.0,0.098,6.5,0.098,6.5,0.122,3.5,min_solid_angle,9,REC
penbased,ABC,0.244,7.0,0.25,4.5,0.25,4.5,0.25,4.5,0.25,4.5,0.254,1.0,0.252,2.0,min_solid_angle,9,REC
thyroid,ABC,0.898,1.0,0.706,7.0,0.75,6.0,0.8539999999999999,4.0,0.768,5.0,0.858,3.0,0.8759999999999999,2.0,min_solid_angle,9,REC
wine,ABC,0.26,4.0,0.226,7.0,0.242,5.0,0.27,2.0,0.266,3.0,0.28,1.0,0.238,6.0,min_solid_angle,9,REC
