index,0
DELAUNAY,3.0
SMOTE,3.5
BORDERLINE1,3.857142857142857
GEOSMOTE,3.857142857142857
BORDERLINE2,4.0
SMOTE_SVM,4.071428571428571
ORIGINAL,5.714285714285714
