index,0
SMOTE,3.642857142857143
BORDERLINE2,3.642857142857143
DELAUNAY,3.642857142857143
GEOSMOTE,3.857142857142857
SMOTE_SVM,4.071428571428571
BORDERLINE1,4.357142857142857
ORIGINAL,4.785714285714286
