index,0
SMOTE,3.0714285714285716
BORDERLINE2,3.2142857142857144
BORDERLINE1,3.5714285714285716
SMOTE_SVM,4.142857142857143
DELAUNAY,4.357142857142857
GEOSMOTE,4.428571428571429
ORIGINAL,5.214285714285714
