index,0
ORIGINAL,2.5714285714285716
SMOTE,3.0
BORDERLINE1,3.5
BORDERLINE2,4.071428571428571
GEOSMOTE,4.142857142857143
DELAUNAY,5.071428571428571
SMOTE_SVM,5.642857142857143
