index,0
SMOTE,3.4285714285714284
ORIGINAL,3.5714285714285716
SMOTE_SVM,4.0
GEOSMOTE,4.0
BORDERLINE2,4.142857142857143
BORDERLINE1,4.428571428571429
DELAUNAY,4.428571428571429
