index,0
BORDERLINE2,3.2857142857142856
BORDERLINE1,3.357142857142857
SMOTE,3.642857142857143
GEOSMOTE,3.7142857142857144
DELAUNAY,4.071428571428571
ORIGINAL,4.428571428571429
SMOTE_SVM,5.5
