index,0
DELAUNAY,3.2857142857142856
BORDERLINE2,3.7142857142857144
SMOTE,3.7857142857142856
BORDERLINE1,3.9285714285714284
GEOSMOTE,4.357142857142857
ORIGINAL,4.428571428571429
SMOTE_SVM,4.5
