index,0
SMOTE,3.0
SMOTE_SVM,3.5
GEOSMOTE,3.9285714285714284
DELAUNAY,4.0
BORDERLINE1,4.071428571428571
BORDERLINE2,4.214285714285714
ORIGINAL,5.285714285714286
