index,0
DELAUNAY,2.7857142857142856
BORDERLINE1,3.142857142857143
ORIGINAL,3.5714285714285716
BORDERLINE2,4.357142857142857
SMOTE,4.428571428571429
SMOTE_SVM,4.428571428571429
GEOSMOTE,5.285714285714286
