index,0
SMOTE,2.5714285714285716
BORDERLINE1,3.357142857142857
ORIGINAL,3.857142857142857
DELAUNAY,4.0
BORDERLINE2,4.357142857142857
SMOTE_SVM,4.5
GEOSMOTE,5.357142857142857
