index,0
DELAUNAY,3.2857142857142856
SMOTE,3.5714285714285716
BORDERLINE1,4.0
GEOSMOTE,4.0
BORDERLINE2,4.071428571428571
SMOTE_SVM,4.214285714285714
ORIGINAL,4.857142857142857
