index,0
BORDERLINE2,3.357142857142857
BORDERLINE1,3.4285714285714284
SMOTE,3.5714285714285716
GEOSMOTE,3.642857142857143
DELAUNAY,4.142857142857143
ORIGINAL,4.571428571428571
SMOTE_SVM,5.285714285714286
