index,0
SMOTE_SVM,3.142857142857143
DELAUNAY,3.7142857142857144
BORDERLINE1,3.7857142857142856
BORDERLINE2,4.0
ORIGINAL,4.357142857142857
SMOTE,4.428571428571429
GEOSMOTE,4.571428571428571
