index,0
BORDERLINE2,2.4285714285714284
GEOSMOTE,2.7857142857142856
BORDERLINE1,3.5714285714285716
SMOTE,4.357142857142857
SMOTE_SVM,4.785714285714286
DELAUNAY,4.928571428571429
ORIGINAL,5.142857142857143
