index,0
BORDERLINE1,2.9285714285714284
BORDERLINE2,3.0714285714285716
SMOTE_SVM,3.5714285714285716
SMOTE,3.9285714285714284
GEOSMOTE,3.9285714285714284
DELAUNAY,4.642857142857143
ORIGINAL,5.928571428571429
