index,0
SMOTE,3.142857142857143
BORDERLINE2,3.2142857142857144
BORDERLINE1,3.5714285714285716
SMOTE_SVM,4.214285714285714
GEOSMOTE,4.285714285714286
DELAUNAY,4.5
ORIGINAL,5.071428571428571
