index,0
ORIGINAL,3.142857142857143
BORDERLINE1,3.5
SMOTE,3.642857142857143
BORDERLINE2,3.7857142857142856
GEOSMOTE,4.285714285714286
DELAUNAY,4.5
SMOTE_SVM,5.142857142857143
