index,0
SMOTE,3.5714285714285716
DELAUNAY,3.7142857142857144
BORDERLINE1,3.9285714285714284
GEOSMOTE,3.9285714285714284
SMOTE_SVM,4.0
BORDERLINE2,4.0
ORIGINAL,4.857142857142857
