index,0
BORDERLINE2,3.4285714285714284
SMOTE,3.642857142857143
ORIGINAL,3.7142857142857144
SMOTE_SVM,4.0
BORDERLINE1,4.071428571428571
DELAUNAY,4.357142857142857
GEOSMOTE,4.785714285714286
