index,0
SMOTE,3.4285714285714284
ORIGINAL,3.642857142857143
SMOTE_SVM,4.0
BORDERLINE1,4.0
BORDERLINE2,4.0
GEOSMOTE,4.142857142857143
DELAUNAY,4.785714285714286
