index,0
ORIGINAL,3.0
SMOTE,3.4285714285714284
BORDERLINE1,3.7142857142857144
BORDERLINE2,3.7857142857142856
GEOSMOTE,4.142857142857143
DELAUNAY,4.5
SMOTE_SVM,5.428571428571429
