index,0
DELAUNAY,3.142857142857143
GEOSMOTE,3.5
BORDERLINE1,3.7142857142857144
SMOTE_SVM,3.9285714285714284
ORIGINAL,4.428571428571429
BORDERLINE2,4.5
SMOTE,4.785714285714286
