index,0
SMOTE,2.9285714285714284
BORDERLINE2,3.0
DELAUNAY,3.4285714285714284
SMOTE_SVM,4.0
GEOSMOTE,4.214285714285714
BORDERLINE1,4.928571428571429
ORIGINAL,5.5
