index,0
SMOTE,2.7142857142857144
DELAUNAY,3.0
BORDERLINE1,3.7142857142857144
GEOSMOTE,3.7142857142857144
BORDERLINE2,4.285714285714286
SMOTE_SVM,5.214285714285714
ORIGINAL,5.357142857142857
