index,0
SMOTE_SVM,3.142857142857143
BORDERLINE1,3.7142857142857144
BORDERLINE2,3.7142857142857144
SMOTE,4.071428571428571
DELAUNAY,4.357142857142857
ORIGINAL,4.5
GEOSMOTE,4.5
