index,0
ORIGINAL,2.2857142857142856
SMOTE,2.7142857142857144
BORDERLINE1,3.642857142857143
BORDERLINE2,3.857142857142857
GEOSMOTE,4.071428571428571
DELAUNAY,5.571428571428571
SMOTE_SVM,5.857142857142857
