index,0
BORDERLINE1,2.9285714285714284
SMOTE_SVM,3.5
BORDERLINE2,4.0
ORIGINAL,4.285714285714286
SMOTE,4.428571428571429
GEOSMOTE,4.428571428571429
DELAUNAY,4.428571428571429
