index,0
BORDERLINE2,2.857142857142857
SMOTE,3.0
DELAUNAY,3.4285714285714284
SMOTE_SVM,4.071428571428571
GEOSMOTE,4.285714285714286
BORDERLINE1,4.857142857142857
ORIGINAL,5.5
