index,0
SMOTE_SVM,3.357142857142857
DELAUNAY,3.4285714285714284
ORIGINAL,3.642857142857143
BORDERLINE1,3.7142857142857144
GEOSMOTE,4.5
BORDERLINE2,4.571428571428571
SMOTE,4.785714285714286
