index,0
DELAUNAY,2.4285714285714284
BORDERLINE2,3.357142857142857
SMOTE,3.642857142857143
BORDERLINE1,3.857142857142857
SMOTE_SVM,4.571428571428571
GEOSMOTE,4.857142857142857
ORIGINAL,5.285714285714286
