index,0
BORDERLINE1,2.642857142857143
SMOTE_SVM,3.857142857142857
BORDERLINE2,3.857142857142857
DELAUNAY,4.071428571428571
GEOSMOTE,4.357142857142857
ORIGINAL,4.571428571428571
SMOTE,4.642857142857143
