index,0
SMOTE,3.357142857142857
BORDERLINE2,3.357142857142857
DELAUNAY,3.357142857142857
BORDERLINE1,3.7857142857142856
SMOTE_SVM,4.357142857142857
GEOSMOTE,4.642857142857143
ORIGINAL,5.142857142857143
