DATASET,ALGORITHM,ORIGINAL,RANK_ORIGINAL,SMOTE,RANK_SMOTE,SMOTE_SVM,RANK_SMOTE_SVM,BORDERLINE1,RANK_BORDERLINE1,BORDERLINE2,RANK_BORDERLINE2,GEOSMOTE,RANK_GEOSMOTE,DELAUNAY,RANK_DELAUNAY,DELAUNAY_TYPE,ALPHA,unit
contraceptive,MLP,0.20800000000000002,2.0,0.20800000000000002,2.0,0.2,7.0,0.20800000000000002,2.0,0.204,5.0,0.204,5.0,0.204,5.0,volume,9,PRE
dermatology,MLP,0.506,7.0,0.51,5.0,0.508,6.0,0.514,2.0,0.52,1.0,0.512,3.5,0.5119999999999999,3.5,volume,9,PRE
glass,MLP,0.214,7.0,0.29000000000000004,1.0,0.26,6.0,0.278,3.5,0.262,5.0,0.28600000000000003,2.0,0.278,3.5,volume,9,PRE
new-thyroid,MLP,0.156,1.0,0.136,3.5,0.136,3.5,0.128,6.0,0.126,7.0,0.132,5.0,0.14,2.0,volume,9,PRE
penbased,MLP,0.768,6.5,0.77,5.0,0.772,3.0,0.772,3.0,0.7759999999999999,1.0,0.768,6.5,0.772,3.0,volume,9,PRE
thyroid,MLP,0.8699999999999999,7.0,0.904,2.0,0.8939999999999999,5.0,0.9,4.0,0.902,3.0,0.906,1.0,0.882,6.0,volume,9,PRE
wine,MLP,0.21800000000000005,4.0,0.2,6.0,0.204,5.0,0.23199999999999998,3.0,0.238,2.0,0.194,7.0,0.246,1.0,volume,9,PRE
