index,0
ORIGINAL,3.2857142857142856
SMOTE,3.357142857142857
BORDERLINE2,3.642857142857143
DELAUNAY,3.642857142857143
BORDERLINE1,3.7142857142857144
GEOSMOTE,4.642857142857143
SMOTE_SVM,5.714285714285714
