index,0
SMOTE,3.0
ORIGINAL,3.2142857142857144
BORDERLINE1,3.357142857142857
BORDERLINE2,3.357142857142857
GEOSMOTE,4.428571428571429
DELAUNAY,5.214285714285714
SMOTE_SVM,5.428571428571429
