index,0
SMOTE,2.9285714285714284
SMOTE_SVM,3.2857142857142856
GEOSMOTE,3.7142857142857144
BORDERLINE1,3.857142857142857
BORDERLINE2,4.071428571428571
DELAUNAY,4.857142857142857
ORIGINAL,5.285714285714286
