index,0
SMOTE,3.2857142857142856
BORDERLINE1,3.2857142857142856
GEOSMOTE,3.7857142857142856
BORDERLINE2,4.142857142857143
ORIGINAL,4.357142857142857
SMOTE_SVM,4.5
DELAUNAY,4.642857142857143
