index,0
SMOTE,2.857142857142857
SMOTE_SVM,3.2857142857142856
GEOSMOTE,3.642857142857143
BORDERLINE1,3.7857142857142856
BORDERLINE2,3.9285714285714284
DELAUNAY,5.214285714285714
ORIGINAL,5.285714285714286
