index,0
SMOTE,3.0
SMOTE_SVM,3.357142857142857
GEOSMOTE,3.7857142857142856
BORDERLINE1,4.071428571428571
DELAUNAY,4.142857142857143
BORDERLINE2,4.357142857142857
ORIGINAL,5.285714285714286
