index,0
BORDERLINE1,2.857142857142857
ORIGINAL,3.4285714285714284
DELAUNAY,3.9285714285714284
BORDERLINE2,4.142857142857143
SMOTE,4.285714285714286
SMOTE_SVM,4.5
GEOSMOTE,4.857142857142857
