index,0
BORDERLINE2,2.7142857142857144
BORDERLINE1,2.857142857142857
DELAUNAY,3.4285714285714284
GEOSMOTE,4.285714285714286
SMOTE,4.357142857142857
SMOTE_SVM,4.642857142857143
ORIGINAL,5.714285714285714
