index,0
GEOSMOTE,3.2857142857142856
BORDERLINE1,3.357142857142857
SMOTE_SVM,3.5714285714285716
ORIGINAL,4.285714285714286
BORDERLINE2,4.428571428571429
DELAUNAY,4.5
SMOTE,4.571428571428571
