index,0
SMOTE_SVM,3.142857142857143
ORIGINAL,3.5
BORDERLINE1,3.642857142857143
DELAUNAY,3.9285714285714284
BORDERLINE2,4.5
SMOTE,4.571428571428571
GEOSMOTE,4.714285714285714
