index,0
SMOTE,3.142857142857143
BORDERLINE1,3.2142857142857144
SMOTE_SVM,3.857142857142857
GEOSMOTE,3.857142857142857
BORDERLINE2,4.357142857142857
ORIGINAL,4.5
DELAUNAY,5.071428571428571
