index,0
SMOTE_SVM,3.0714285714285716
BORDERLINE1,3.5
BORDERLINE2,3.5714285714285716
GEOSMOTE,3.7857142857142856
SMOTE,4.071428571428571
ORIGINAL,4.785714285714286
DELAUNAY,5.214285714285714
