index,0
DELAUNAY,2.9285714285714284
GEOSMOTE,3.2142857142857144
ORIGINAL,3.7857142857142856
SMOTE,4.071428571428571
SMOTE_SVM,4.642857142857143
BORDERLINE2,4.642857142857143
BORDERLINE1,4.714285714285714
