index,0
GEOSMOTE,1.9285714285714286
ORIGINAL,3.9285714285714284
SMOTE,3.9285714285714284
SMOTE_SVM,4.214285714285714
BORDERLINE2,4.5
DELAUNAY,4.714285714285714
BORDERLINE1,4.785714285714286
