index,0
ORIGINAL,2.5714285714285716
SMOTE,2.9285714285714284
BORDERLINE1,3.642857142857143
BORDERLINE2,4.071428571428571
GEOSMOTE,4.214285714285714
DELAUNAY,4.785714285714286
SMOTE_SVM,5.785714285714286
