index,0
GEOSMOTE,2.7142857142857144
BORDERLINE2,2.7857142857142856
BORDERLINE1,3.7857142857142856
DELAUNAY,4.0
SMOTE,4.642857142857143
SMOTE_SVM,4.928571428571429
ORIGINAL,5.142857142857143
