index,0
BORDERLINE1,3.142857142857143
SMOTE_SVM,3.7142857142857144
DELAUNAY,3.7142857142857144
BORDERLINE2,4.0
GEOSMOTE,4.357142857142857
ORIGINAL,4.5
SMOTE,4.571428571428571
