index,0
GEOSMOTE,1.8571428571428572
ORIGINAL,4.0
SMOTE,4.071428571428571
DELAUNAY,4.285714285714286
SMOTE_SVM,4.357142857142857
BORDERLINE2,4.642857142857143
BORDERLINE1,4.785714285714286
