index,0
BORDERLINE2,2.7857142857142856
SMOTE,2.857142857142857
SMOTE_SVM,3.642857142857143
GEOSMOTE,3.9285714285714284
BORDERLINE1,4.714285714285714
DELAUNAY,4.714285714285714
ORIGINAL,5.357142857142857
