index,0
SMOTE_SVM,3.0714285714285716
BORDERLINE1,3.357142857142857
ORIGINAL,3.857142857142857
BORDERLINE2,3.857142857142857
SMOTE,4.5
DELAUNAY,4.5
GEOSMOTE,4.857142857142857
