index,0
SMOTE,3.5
ORIGINAL,3.7142857142857144
GEOSMOTE,3.9285714285714284
DELAUNAY,3.9285714285714284
SMOTE_SVM,4.142857142857143
BORDERLINE2,4.285714285714286
BORDERLINE1,4.5
