index,0
SMOTE,3.4285714285714284
ORIGINAL,3.5
GEOSMOTE,3.7857142857142856
BORDERLINE2,4.071428571428571
SMOTE_SVM,4.142857142857143
BORDERLINE1,4.5
DELAUNAY,4.571428571428571
