index,0
SMOTE,3.5
BORDERLINE2,3.5
ORIGINAL,3.7142857142857144
SMOTE_SVM,4.0
BORDERLINE1,4.0
GEOSMOTE,4.571428571428571
DELAUNAY,4.714285714285714
