index,0
SMOTE,3.4285714285714284
BORDERLINE2,3.5
GEOSMOTE,3.7142857142857144
SMOTE_SVM,3.9285714285714284
DELAUNAY,4.285714285714286
BORDERLINE1,4.428571428571429
ORIGINAL,4.714285714285714
