index,0
BORDERLINE2,3.0
SMOTE_SVM,3.2857142857142856
DELAUNAY,3.7142857142857144
SMOTE,3.857142857142857
BORDERLINE1,4.142857142857143
GEOSMOTE,4.5
ORIGINAL,5.5
