index,0
SMOTE_SVM,3.357142857142857
DELAUNAY,3.4285714285714284
BORDERLINE1,3.7142857142857144
BORDERLINE2,3.9285714285714284
GEOSMOTE,4.285714285714286
SMOTE,4.428571428571429
ORIGINAL,4.857142857142857
