DATASET,ALGORITHM,ORIGINAL,RANK_ORIGINAL,SMOTE,RANK_SMOTE,SMOTE_SVM,RANK_SMOTE_SVM,BORDERLINE1,RANK_BORDERLINE1,BORDERLINE2,RANK_BORDERLINE2,GEOSMOTE,RANK_GEOSMOTE,DELAUNAY,RANK_DELAUNAY,DELAUNAY_TYPE,ALPHA,unit
contraceptive,DTREE,0.192,3.5,0.192,3.5,0.17800000000000002,7.0,0.182,5.0,0.194,1.5,0.18000000000000002,6.0,0.194,1.5,area_volume_ratio,4,PRE
dermatology,DTREE,0.5040000000000001,4.0,0.51,1.5,0.488,7.0,0.506,3.0,0.51,1.5,0.4960000000000001,6.0,0.4980000000000001,5.0,area_volume_ratio,4,PRE
glass,DTREE,0.28,3.0,0.258,6.0,0.26,5.0,0.31599999999999995,1.0,0.28400000000000003,2.0,0.276,4.0,0.256,7.0,area_volume_ratio,4,PRE
new-thyroid,DTREE,0.128,3.0,0.136,1.0,0.124,4.0,0.132,2.0,0.10400000000000001,7.0,0.12,6.0,0.122,5.0,area_volume_ratio,4,PRE
penbased,DTREE,0.7300000000000001,1.0,0.72,3.5,0.7120000000000001,7.0,0.716,5.0,0.7140000000000001,6.0,0.7260000000000001,2.0,0.72,3.5,area_volume_ratio,4,PRE
thyroid,DTREE,0.904,7.0,0.906,5.0,0.906,5.0,0.906,5.0,0.9259999999999999,1.0,0.9179999999999999,2.0,0.916,3.0,area_volume_ratio,4,PRE
wine,DTREE,0.29000000000000004,1.0,0.28800000000000003,2.0,0.28600000000000003,3.0,0.28400000000000003,4.0,0.274,7.0,0.28200000000000003,5.0,0.28,6.0,area_volume_ratio,4,PRE
