index,0
SMOTE,3.0714285714285716
BORDERLINE1,3.2142857142857144
SMOTE_SVM,3.642857142857143
GEOSMOTE,4.071428571428571
BORDERLINE2,4.285714285714286
ORIGINAL,4.642857142857143
DELAUNAY,5.071428571428571
