index,0
SMOTE,3.4285714285714284
ORIGINAL,3.642857142857143
GEOSMOTE,4.0
SMOTE_SVM,4.142857142857143
DELAUNAY,4.142857142857143
BORDERLINE2,4.214285714285714
BORDERLINE1,4.428571428571429
