index,0
ORIGINAL,2.857142857142857
GEOSMOTE,3.7142857142857144
BORDERLINE1,3.857142857142857
SMOTE_SVM,4.0
SMOTE,4.071428571428571
DELAUNAY,4.5
BORDERLINE2,5.0
