index,0
SMOTE,2.857142857142857
DELAUNAY,3.0714285714285716
BORDERLINE1,3.5
ORIGINAL,3.9285714285714284
BORDERLINE2,4.5
SMOTE_SVM,4.785714285714286
GEOSMOTE,5.357142857142857
