DATASET,ALGORITHM,ORIGINAL,RANK_ORIGINAL,SMOTE,RANK_SMOTE,SMOTE_SVM,RANK_SMOTE_SVM,BORDERLINE1,RANK_BORDERLINE1,BORDERLINE2,RANK_BORDERLINE2,GEOSMOTE,RANK_GEOSMOTE,DELAUNAY,RANK_DELAUNAY,DELAUNAY_TYPE,ALPHA,unit
contraceptive,SVM,0.08,7.0,0.084,4.0,0.084,4.0,0.084,4.0,0.084,4.0,0.084,4.0,0.09000000000000001,1.0,area_volume_ratio,9,F1
dermatology,SVM,0.048,7.0,0.092,4.5,0.1,1.0,0.092,4.5,0.07200000000000001,6.0,0.096,2.5,0.096,2.5,area_volume_ratio,9,F1
glass,SVM,0.0,4.0,0.0,4.0,0.0,4.0,0.0,4.0,0.0,4.0,0.0,4.0,0.0,4.0,area_volume_ratio,9,F1
new-thyroid,SVM,0.05,7.0,0.11199999999999999,5.5,0.118,1.0,0.114,3.5,0.114,3.5,0.11199999999999999,5.5,0.11599999999999999,2.0,area_volume_ratio,9,F1
penbased,SVM,0.5599999999999999,7.0,0.6599999999999999,6.0,0.6659999999999999,3.0,0.6679999999999999,1.5,0.6679999999999999,1.5,0.662,4.5,0.662,4.5,area_volume_ratio,9,F1
thyroid,SVM,0.892,1.0,0.8740000000000001,3.0,0.882,2.0,0.868,5.0,0.8720000000000001,4.0,0.8640000000000001,6.0,0.818,7.0,area_volume_ratio,9,F1
wine,SVM,0.0,4.0,0.0,4.0,0.0,4.0,0.0,4.0,0.0,4.0,0.0,4.0,0.0,4.0,area_volume_ratio,9,F1
