index,0
SMOTE,3.5714285714285716
ORIGINAL,3.642857142857143
SMOTE_SVM,4.0
BORDERLINE1,4.0
BORDERLINE2,4.0
GEOSMOTE,4.142857142857143
DELAUNAY,4.642857142857143
