index,0
BORDERLINE1,3.2142857142857144
SMOTE,3.357142857142857
BORDERLINE2,3.357142857142857
DELAUNAY,3.857142857142857
GEOSMOTE,4.285714285714286
ORIGINAL,4.928571428571429
SMOTE_SVM,5.0
