index,0
BORDERLINE2,3.4285714285714284
SMOTE,3.5714285714285716
BORDERLINE1,3.857142857142857
DELAUNAY,4.142857142857143
SMOTE_SVM,4.285714285714286
GEOSMOTE,4.285714285714286
ORIGINAL,4.428571428571429
