index,0
BORDERLINE1,3.0
BORDERLINE2,3.2142857142857144
SMOTE_SVM,3.7142857142857144
SMOTE,4.0
GEOSMOTE,4.071428571428571
DELAUNAY,4.142857142857143
ORIGINAL,5.857142857142857
