index,0
BORDERLINE2,3.5714285714285716
DELAUNAY,3.5714285714285716
SMOTE,3.7142857142857144
GEOSMOTE,4.0
SMOTE_SVM,4.142857142857143
BORDERLINE1,4.285714285714286
ORIGINAL,4.714285714285714
