index,0
SMOTE,3.357142857142857
ORIGINAL,3.5714285714285716
SMOTE_SVM,3.9285714285714284
GEOSMOTE,4.0
BORDERLINE2,4.285714285714286
DELAUNAY,4.357142857142857
BORDERLINE1,4.5
