index,0
ORIGINAL,3.5
SMOTE,3.642857142857143
BORDERLINE2,4.071428571428571
DELAUNAY,4.142857142857143
SMOTE_SVM,4.214285714285714
BORDERLINE1,4.214285714285714
GEOSMOTE,4.214285714285714
