index,0
SMOTE_SVM,3.142857142857143
BORDERLINE1,3.5
DELAUNAY,3.7142857142857144
ORIGINAL,3.857142857142857
BORDERLINE2,4.142857142857143
SMOTE,4.785714285714286
GEOSMOTE,4.857142857142857
