index,0
SMOTE_SVM,3.2857142857142856
BORDERLINE1,3.5714285714285716
BORDERLINE2,3.7857142857142856
GEOSMOTE,4.071428571428571
DELAUNAY,4.142857142857143
SMOTE,4.285714285714286
ORIGINAL,4.857142857142857
