index,0
DELAUNAY,2.5714285714285716
BORDERLINE2,3.357142857142857
SMOTE,3.5714285714285716
BORDERLINE1,3.857142857142857
SMOTE_SVM,4.5
GEOSMOTE,4.857142857142857
ORIGINAL,5.285714285714286
