index,0
SMOTE,3.5
BORDERLINE1,3.5714285714285716
DELAUNAY,3.5714285714285716
GEOSMOTE,3.857142857142857
BORDERLINE2,4.285714285714286
SMOTE_SVM,4.571428571428571
ORIGINAL,4.642857142857143
