index,0
DELAUNAY,2.7857142857142856
BORDERLINE2,3.2142857142857144
SMOTE_SVM,3.4285714285714284
SMOTE,4.071428571428571
BORDERLINE1,4.285714285714286
GEOSMOTE,4.642857142857143
ORIGINAL,5.571428571428571
