index,0
BORDERLINE2,2.7857142857142856
SMOTE,2.857142857142857
SMOTE_SVM,3.7142857142857144
GEOSMOTE,4.0
DELAUNAY,4.5
BORDERLINE1,4.785714285714286
ORIGINAL,5.357142857142857
