index,0
DELAUNAY,3.2142857142857144
SMOTE,3.7142857142857144
BORDERLINE1,3.9285714285714284
SMOTE_SVM,4.071428571428571
BORDERLINE2,4.071428571428571
GEOSMOTE,4.142857142857143
ORIGINAL,4.857142857142857
