index,0
ORIGINAL,2.7142857142857144
SMOTE,2.9285714285714284
BORDERLINE1,3.7857142857142856
GEOSMOTE,4.214285714285714
DELAUNAY,4.214285714285714
BORDERLINE2,4.285714285714286
SMOTE_SVM,5.857142857142857
