index,0
ORIGINAL,2.9285714285714284
DELAUNAY,3.2142857142857144
GEOSMOTE,3.857142857142857
SMOTE_SVM,4.214285714285714
SMOTE,4.285714285714286
BORDERLINE1,4.285714285714286
BORDERLINE2,5.214285714285714
