index,0
GEOSMOTE,2.5
SMOTE_SVM,3.7857142857142856
ORIGINAL,4.071428571428571
DELAUNAY,4.142857142857143
SMOTE,4.357142857142857
BORDERLINE1,4.428571428571429
BORDERLINE2,4.714285714285714
