index,0
ORIGINAL,3.5714285714285716
SMOTE,3.642857142857143
BORDERLINE2,4.0
GEOSMOTE,4.142857142857143
SMOTE_SVM,4.214285714285714
BORDERLINE1,4.214285714285714
DELAUNAY,4.214285714285714
