index,0
SMOTE_SVM,3.2857142857142856
BORDERLINE1,3.5
ORIGINAL,3.7142857142857144
DELAUNAY,3.857142857142857
BORDERLINE2,4.0
SMOTE,4.785714285714286
GEOSMOTE,4.857142857142857
