index,0
BORDERLINE2,2.857142857142857
SMOTE,3.142857142857143
DELAUNAY,3.7142857142857144
SMOTE_SVM,3.857142857142857
GEOSMOTE,4.214285714285714
BORDERLINE1,4.785714285714286
ORIGINAL,5.428571428571429
