index,0
SMOTE_SVM,2.7857142857142856
BORDERLINE1,3.5714285714285716
BORDERLINE2,3.7857142857142856
DELAUNAY,3.9285714285714284
SMOTE,4.285714285714286
GEOSMOTE,4.357142857142857
ORIGINAL,5.285714285714286
