index,0
ORIGINAL,2.7857142857142856
GEOSMOTE,3.5714285714285716
BORDERLINE1,3.9285714285714284
SMOTE_SVM,4.071428571428571
SMOTE,4.285714285714286
DELAUNAY,4.357142857142857
BORDERLINE2,5.0
