index,0
DELAUNAY,2.4285714285714284
GEOSMOTE,2.7142857142857144
SMOTE_SVM,4.071428571428571
BORDERLINE1,4.071428571428571
SMOTE,4.142857142857143
BORDERLINE2,4.357142857142857
ORIGINAL,6.214285714285714
