index,0
ORIGINAL,3.0
SMOTE,3.4285714285714284
BORDERLINE1,3.7857142857142856
BORDERLINE2,3.9285714285714284
DELAUNAY,4.0
GEOSMOTE,4.357142857142857
SMOTE_SVM,5.5
