index,0
ORIGINAL,3.142857142857143
DELAUNAY,3.2142857142857144
SMOTE,3.7857142857142856
BORDERLINE1,3.9285714285714284
BORDERLINE2,4.0
GEOSMOTE,4.428571428571429
SMOTE_SVM,5.5
