index,0
BORDERLINE1,2.5714285714285716
DELAUNAY,3.4285714285714284
BORDERLINE2,3.7857142857142856
SMOTE_SVM,4.0
SMOTE,4.571428571428571
GEOSMOTE,4.785714285714286
ORIGINAL,4.857142857142857
