index,0
ORIGINAL,2.7857142857142856
BORDERLINE1,2.9285714285714284
SMOTE,3.2142857142857144
SMOTE_SVM,3.642857142857143
BORDERLINE2,4.428571428571429
DELAUNAY,5.071428571428571
GEOSMOTE,5.928571428571429
