index,0
GEOSMOTE,2.0714285714285716
DELAUNAY,3.857142857142857
ORIGINAL,3.9285714285714284
SMOTE,4.142857142857143
SMOTE_SVM,4.428571428571429
BORDERLINE2,4.714285714285714
BORDERLINE1,4.857142857142857
