index,0
BORDERLINE2,2.5714285714285716
BORDERLINE1,2.7857142857142856
DELAUNAY,3.9285714285714284
GEOSMOTE,4.142857142857143
SMOTE,4.214285714285714
SMOTE_SVM,4.642857142857143
ORIGINAL,5.714285714285714
