index,0
SMOTE,3.142857142857143
BORDERLINE1,3.2857142857142856
GEOSMOTE,3.7142857142857144
BORDERLINE2,4.0
ORIGINAL,4.428571428571429
SMOTE_SVM,4.5
DELAUNAY,4.928571428571429
