index,0
SMOTE,3.142857142857143
BORDERLINE1,3.2857142857142856
SMOTE_SVM,3.857142857142857
GEOSMOTE,4.214285714285714
BORDERLINE2,4.357142857142857
DELAUNAY,4.357142857142857
ORIGINAL,4.785714285714286
