index,0
SMOTE_SVM,2.7857142857142856
DELAUNAY,3.5
BORDERLINE1,3.7142857142857144
BORDERLINE2,3.857142857142857
SMOTE,4.428571428571429
GEOSMOTE,4.428571428571429
ORIGINAL,5.285714285714286
