index,0
GEOSMOTE,2.5714285714285716
SMOTE_SVM,3.7857142857142856
BORDERLINE1,3.7857142857142856
SMOTE,3.857142857142857
BORDERLINE2,3.9285714285714284
DELAUNAY,4.142857142857143
ORIGINAL,5.928571428571429
