index,0
SMOTE,3.2142857142857144
BORDERLINE1,3.2857142857142856
SMOTE_SVM,3.857142857142857
GEOSMOTE,4.071428571428571
DELAUNAY,4.285714285714286
BORDERLINE2,4.571428571428571
ORIGINAL,4.714285714285714
