index,0
DELAUNAY,3.357142857142857
BORDERLINE1,3.5
BORDERLINE2,3.5
SMOTE,3.642857142857143
GEOSMOTE,3.9285714285714284
ORIGINAL,4.642857142857143
SMOTE_SVM,5.428571428571429
