index,0
DELAUNAY,2.4285714285714284
SMOTE,3.142857142857143
BORDERLINE1,3.7142857142857144
ORIGINAL,3.857142857142857
BORDERLINE2,4.5
SMOTE_SVM,4.928571428571429
GEOSMOTE,5.428571428571429
