index,0
ORIGINAL,2.9285714285714284
BORDERLINE1,3.2142857142857144
SMOTE,3.5
SMOTE_SVM,3.7857142857142856
DELAUNAY,4.214285714285714
BORDERLINE2,4.5
GEOSMOTE,5.857142857142857
