index,0
GEOSMOTE,2.357142857142857
SMOTE_SVM,3.7142857142857144
ORIGINAL,3.7857142857142856
BORDERLINE1,4.285714285714286
SMOTE,4.357142857142857
BORDERLINE2,4.571428571428571
DELAUNAY,4.928571428571429
