index,0
DELAUNAY,3.142857142857143
BORDERLINE2,3.5714285714285716
SMOTE,3.857142857142857
GEOSMOTE,3.9285714285714284
SMOTE_SVM,4.214285714285714
BORDERLINE1,4.5
ORIGINAL,4.785714285714286
