index,0
BORDERLINE1,2.9285714285714284
BORDERLINE2,3.0714285714285716
SMOTE_SVM,3.642857142857143
GEOSMOTE,3.9285714285714284
SMOTE,4.071428571428571
DELAUNAY,4.5
ORIGINAL,5.857142857142857
