index,0
BORDERLINE1,3.0
ORIGINAL,3.5714285714285716
DELAUNAY,3.642857142857143
SMOTE,4.285714285714286
SMOTE_SVM,4.357142857142857
BORDERLINE2,4.357142857142857
GEOSMOTE,4.785714285714286
