index,0
BORDERLINE2,3.5
SMOTE,3.642857142857143
ORIGINAL,3.7142857142857144
SMOTE_SVM,4.071428571428571
BORDERLINE1,4.142857142857143
DELAUNAY,4.214285714285714
GEOSMOTE,4.714285714285714
