index,0
BORDERLINE1,3.2857142857142856
GEOSMOTE,3.2857142857142856
SMOTE_SVM,3.642857142857143
ORIGINAL,4.214285714285714
SMOTE,4.5
BORDERLINE2,4.5
DELAUNAY,4.571428571428571
