index,0
BORDERLINE1,2.9285714285714284
BORDERLINE2,3.2142857142857144
SMOTE_SVM,3.7142857142857144
GEOSMOTE,4.0
DELAUNAY,4.0
SMOTE,4.142857142857143
ORIGINAL,6.0
