DATASET,ALGORITHM,ORIGINAL,RANK_ORIGINAL,SMOTE,RANK_SMOTE,SMOTE_SVM,RANK_SMOTE_SVM,BORDERLINE1,RANK_BORDERLINE1,BORDERLINE2,RANK_BORDERLINE2,GEOSMOTE,RANK_GEOSMOTE,DELAUNAY,RANK_DELAUNAY,DELAUNAY_TYPE,ALPHA,unit
contraceptive,ABC,0.20600000000000002,6.0,0.21,2.5,0.20800000000000002,4.5,0.20800000000000002,4.5,0.204,7.0,0.22399999999999998,1.0,0.21,2.5,min_solid_angle,9,F1
dermatology,ABC,0.358,1.5,0.358,1.5,0.29600000000000004,4.0,0.292,5.0,0.228,6.0,0.31799999999999995,3.0,0.21,7.0,min_solid_angle,9,F1
glass,ABC,0.2260000000000001,7.0,0.29,3.0,0.308,1.0,0.242,5.0,0.27399999999999997,4.0,0.23399999999999999,6.0,0.29999999999999993,2.0,min_solid_angle,9,F1
new-thyroid,ABC,0.128,2.0,0.11600000000000002,5.0,0.156,1.0,0.118,4.0,0.086,7.0,0.096,6.0,0.122,3.0,min_solid_angle,9,F1
penbased,ABC,0.16,1.0,0.15,5.0,0.14800000000000002,7.0,0.15,5.0,0.15,5.0,0.156,2.0,0.152,3.0,min_solid_angle,9,F1
thyroid,ABC,0.9,1.0,0.7759999999999999,7.0,0.79,6.0,0.882,3.0,0.8320000000000001,5.0,0.8800000000000001,4.0,0.8960000000000001,2.0,min_solid_angle,9,F1
wine,ABC,0.274,1.0,0.244,7.0,0.254,6.0,0.268,3.0,0.27,2.0,0.264,4.0,0.258,5.0,min_solid_angle,9,F1
