index,0
ORIGINAL,2.857142857142857
SMOTE,3.4285714285714284
BORDERLINE1,3.7142857142857144
BORDERLINE2,4.071428571428571
GEOSMOTE,4.071428571428571
DELAUNAY,4.428571428571429
SMOTE_SVM,5.428571428571429
