index,0
BORDERLINE1,3.142857142857143
BORDERLINE2,3.357142857142857
SMOTE,3.4285714285714284
GEOSMOTE,3.642857142857143
ORIGINAL,4.285714285714286
SMOTE_SVM,5.071428571428571
DELAUNAY,5.071428571428571
