index,0
DELAUNAY,2.5714285714285716
GEOSMOTE,2.7142857142857144
BORDERLINE1,4.0
SMOTE_SVM,4.071428571428571
SMOTE,4.142857142857143
BORDERLINE2,4.428571428571429
ORIGINAL,6.071428571428571
