index,0
SMOTE,2.5
BORDERLINE1,3.2857142857142856
ORIGINAL,3.642857142857143
SMOTE_SVM,4.285714285714286
BORDERLINE2,4.357142857142857
DELAUNAY,4.785714285714286
GEOSMOTE,5.142857142857143
