index,0
SMOTE,3.357142857142857
BORDERLINE1,3.5714285714285716
DELAUNAY,3.7857142857142856
SMOTE_SVM,3.857142857142857
GEOSMOTE,3.9285714285714284
BORDERLINE2,4.714285714285714
ORIGINAL,4.785714285714286
