index,0
ORIGINAL,2.642857142857143
GEOSMOTE,3.857142857142857
DELAUNAY,4.0
SMOTE,4.071428571428571
BORDERLINE1,4.071428571428571
SMOTE_SVM,4.214285714285714
BORDERLINE2,5.142857142857143
