DATASET,ALGORITHM,ORIGINAL,RANK_ORIGINAL,SMOTE,RANK_SMOTE,SMOTE_SVM,RANK_SMOTE_SVM,BORDERLINE1,RANK_BORDERLINE1,BORDERLINE2,RANK_BORDERLINE2,GEOSMOTE,RANK_GEOSMOTE,DELAUNAY,RANK_DELAUNAY,DELAUNAY_TYPE,ALPHA,unit
contraceptive,QDA,0.8420000000000001,6.0,0.86,2.5,0.858,4.0,0.8619999999999999,1.0,0.86,2.5,0.8400000000000001,7.0,0.8560000000000001,5.0,solid_angle,4,SPE
dermatology,QDA,0.9179999999999999,3.0,0.914,5.5,0.914,5.5,0.912,7.0,0.916,4.0,0.932,1.0,0.9259999999999999,2.0,solid_angle,4,SPE
glass,QDA,0.9259999999999999,5.0,0.948,2.5,0.948,2.5,0.948,2.5,0.948,2.5,0.8320000000000001,7.0,0.8440000000000001,6.0,solid_angle,4,SPE
new-thyroid,QDA,0.86,6.5,0.8619999999999999,4.0,0.8619999999999999,4.0,0.8619999999999999,4.0,0.8640000000000001,1.5,0.86,6.5,0.8640000000000001,1.5,solid_angle,4,SPE
penbased,QDA,0.9,5.0,0.9,5.0,0.9,5.0,0.9,5.0,0.9,5.0,0.97,1.0,0.916,2.0,solid_angle,4,SPE
thyroid,QDA,0.6540000000000001,3.0,0.17800000000000002,6.0,0.07400000000000001,7.0,0.25,5.0,0.392,4.0,0.8099999999999999,2.0,0.8160000000000001,1.0,solid_angle,4,SPE
wine,QDA,0.7959999999999999,3.5,0.7979999999999999,1.0,0.7959999999999999,3.5,0.7959999999999999,3.5,0.792,6.0,0.7859999999999999,7.0,0.7959999999999999,3.5,solid_angle,4,SPE
