DATASET,ALGORITHM,ORIGINAL,RANK_ORIGINAL,SMOTE,RANK_SMOTE,SMOTE_SVM,RANK_SMOTE_SVM,BORDERLINE1,RANK_BORDERLINE1,BORDERLINE2,RANK_BORDERLINE2,GEOSMOTE,RANK_GEOSMOTE,DELAUNAY,RANK_DELAUNAY,DELAUNAY_TYPE,ALPHA,unit
contraceptive,QDA,0.18600000000000005,1.5,0.16999999999999998,6.0,0.174,4.0,0.17,6.0,0.16999999999999998,6.0,0.18600000000000005,1.5,0.17600000000000002,3.0,area,1,REC
dermatology,QDA,0.4900000000000001,1.0,0.474,3.0,0.4699999999999999,4.0,0.46399999999999997,6.0,0.466,5.0,0.4859999999999999,2.0,0.342,7.0,area,1,REC
glass,QDA,0.13200000000000006,3.0,0.052000000000000005,5.5,0.052000000000000005,5.5,0.052000000000000005,5.5,0.052000000000000005,5.5,0.30000000000000004,2.0,0.4119999999999999,1.0,area,1,REC
new-thyroid,QDA,0.128,5.5,0.128,5.5,0.128,5.5,0.128,5.5,0.132,2.5,0.132,2.5,0.14400000000000002,1.0,area,1,REC
penbased,QDA,0.1,5.0,0.1,5.0,0.1,5.0,0.1,5.0,0.1,5.0,0.636,1.0,0.3680000000000001,2.0,area,1,REC
thyroid,QDA,0.474,6.0,0.882,2.0,0.916,1.0,0.8539999999999999,3.0,0.72,4.0,0.5700000000000001,5.0,0.376,7.0,area,1,REC
wine,QDA,0.27,5.0,0.27,5.0,0.27,5.0,0.27,5.0,0.27,5.0,0.28200000000000003,1.0,0.276,2.0,area,1,REC
