index,0
SMOTE,3.357142857142857
BORDERLINE1,3.5
DELAUNAY,3.7857142857142856
GEOSMOTE,3.9285714285714284
SMOTE_SVM,4.0
ORIGINAL,4.714285714285714
BORDERLINE2,4.714285714285714
