DATASET,ALGORITHM,ORIGINAL,RANK_ORIGINAL,SMOTE,RANK_SMOTE,SMOTE_SVM,RANK_SMOTE_SVM,BORDERLINE1,RANK_BORDERLINE1,BORDERLINE2,RANK_BORDERLINE2,GEOSMOTE,RANK_GEOSMOTE,DELAUNAY,RANK_DELAUNAY,DELAUNAY_TYPE,ALPHA,unit
contraceptive,RF,0.22000000000000008,1.0,0.21,2.0,0.20800000000000002,4.0,0.20600000000000002,6.0,0.204,7.0,0.20800000000000002,4.0,0.20800000000000002,4.0,edge_ratio,9,F1
dermatology,RF,0.516,5.5,0.5199999999999999,2.5,0.516,5.5,0.5199999999999999,2.5,0.514,7.0,0.518,4.0,0.522,1.0,edge_ratio,9,F1
glass,RF,0.26,6.0,0.276,4.0,0.274,5.0,0.294,2.0,0.29600000000000004,1.0,0.256,7.0,0.28,3.0,edge_ratio,9,F1
new-thyroid,RF,0.13,6.0,0.134,1.5,0.132,4.0,0.134,1.5,0.128,7.0,0.132,4.0,0.132,4.0,edge_ratio,9,F1
penbased,RF,0.7759999999999999,2.0,0.774,4.5,0.774,4.5,0.774,4.5,0.774,4.5,0.7699999999999999,7.0,0.7780000000000001,1.0,edge_ratio,9,F1
thyroid,RF,0.908,6.5,0.91,3.5,0.91,3.5,0.91,3.5,0.916,1.0,0.908,6.5,0.91,3.5,edge_ratio,9,F1
wine,RF,0.292,1.0,0.274,2.0,0.268,7.0,0.27,5.0,0.272,3.0,0.27,5.0,0.27,5.0,edge_ratio,9,F1
