index,0
SMOTE,2.357142857142857
BORDERLINE1,3.142857142857143
ORIGINAL,3.4285714285714284
BORDERLINE2,4.0
SMOTE_SVM,4.142857142857143
GEOSMOTE,5.0
DELAUNAY,5.928571428571429
