index,0
DELAUNAY,2.7142857142857144
BORDERLINE1,3.5
BORDERLINE2,3.5
SMOTE,3.7142857142857144
GEOSMOTE,4.571428571428571
ORIGINAL,4.857142857142857
SMOTE_SVM,5.142857142857143
