index,0
SMOTE_SVM,3.2857142857142856
ORIGINAL,3.642857142857143
BORDERLINE1,3.642857142857143
DELAUNAY,3.857142857142857
BORDERLINE2,4.428571428571429
SMOTE,4.571428571428571
GEOSMOTE,4.571428571428571
