DATASET,ALGORITHM,ORIGINAL,RANK_ORIGINAL,SMOTE,RANK_SMOTE,SMOTE_SVM,RANK_SMOTE_SVM,BORDERLINE1,RANK_BORDERLINE1,BORDERLINE2,RANK_BORDERLINE2,GEOSMOTE,RANK_GEOSMOTE,DELAUNAY,RANK_DELAUNAY,DELAUNAY_TYPE,ALPHA,unit
contraceptive,SVM,0.05,7.0,0.156,6.0,0.19,3.0,0.19,3.0,0.19,3.0,0.19,3.0,0.19,3.0,edge_ratio,1,PRE
dermatology,SVM,0.03,7.0,0.15,4.0,0.18,1.0,0.142,5.0,0.106,6.0,0.16799999999999998,2.5,0.16799999999999998,2.5,edge_ratio,1,PRE
glass,SVM,0.0,4.0,0.0,4.0,0.0,4.0,0.0,4.0,0.0,4.0,0.0,4.0,0.0,4.0,edge_ratio,1,PRE
new-thyroid,SVM,0.03,7.0,0.16,5.5,0.166,3.0,0.17,1.5,0.17,1.5,0.162,4.0,0.16,5.5,edge_ratio,1,PRE
penbased,SVM,0.5920000000000001,7.0,0.6940000000000001,2.0,0.6920000000000001,5.0,0.6940000000000001,2.0,0.6940000000000001,2.0,0.6920000000000001,5.0,0.6920000000000001,5.0,edge_ratio,1,PRE
thyroid,SVM,0.858,5.5,0.86,3.0,0.858,5.5,0.8619999999999999,1.5,0.8619999999999999,1.5,0.858,5.5,0.858,5.5,edge_ratio,1,PRE
wine,SVM,0.0,4.0,0.0,4.0,0.0,4.0,0.0,4.0,0.0,4.0,0.0,4.0,0.0,4.0,edge_ratio,1,PRE
