index,0
ORIGINAL,2.5714285714285716
SMOTE,3.142857142857143
DELAUNAY,3.5
BORDERLINE1,3.857142857142857
BORDERLINE2,4.285714285714286
GEOSMOTE,4.571428571428571
SMOTE_SVM,6.071428571428571
