index,0
GEOSMOTE,2.5
ORIGINAL,3.642857142857143
SMOTE_SVM,3.7142857142857144
BORDERLINE1,4.285714285714286
SMOTE,4.357142857142857
BORDERLINE2,4.714285714285714
DELAUNAY,4.785714285714286
