index,0
BORDERLINE2,3.0714285714285716
SMOTE_SVM,3.2142857142857144
DELAUNAY,3.5714285714285716
SMOTE,3.857142857142857
BORDERLINE1,4.214285714285714
GEOSMOTE,4.571428571428571
ORIGINAL,5.5
