index,0
ORIGINAL,2.857142857142857
BORDERLINE1,3.142857142857143
SMOTE,3.5714285714285716
DELAUNAY,3.7857142857142856
SMOTE_SVM,3.9285714285714284
BORDERLINE2,4.642857142857143
GEOSMOTE,6.071428571428571
