index,0
SMOTE,3.2142857142857144
BORDERLINE1,3.2142857142857144
GEOSMOTE,3.9285714285714284
BORDERLINE2,4.071428571428571
ORIGINAL,4.285714285714286
SMOTE_SVM,4.571428571428571
DELAUNAY,4.714285714285714
