DATASET,ALGORITHM,ORIGINAL,RANK_ORIGINAL,SMOTE,RANK_SMOTE,SMOTE_SVM,RANK_SMOTE_SVM,BORDERLINE1,RANK_BORDERLINE1,BORDERLINE2,RANK_BORDERLINE2,GEOSMOTE,RANK_GEOSMOTE,DELAUNAY,RANK_DELAUNAY,DELAUNAY_TYPE,ALPHA,unit
contraceptive,DTREE,0.212,1.0,0.20800000000000002,4.0,0.196,6.0,0.194,7.0,0.21,2.5,0.202,5.0,0.21,2.5,max_solid_angle,9,REC
dermatology,DTREE,0.5040000000000001,1.0,0.502,2.5,0.4940000000000001,5.0,0.4940000000000001,5.0,0.4940000000000001,5.0,0.4900000000000001,7.0,0.502,2.5,max_solid_angle,9,REC
glass,DTREE,0.276,4.5,0.28,3.0,0.258,7.0,0.314,1.0,0.29200000000000004,2.0,0.276,4.5,0.266,6.0,max_solid_angle,9,REC
new-thyroid,DTREE,0.118,7.0,0.136,5.0,0.14,2.5,0.136,5.0,0.146,1.0,0.136,5.0,0.14,2.5,max_solid_angle,9,REC
penbased,DTREE,0.726,2.0,0.716,4.0,0.71,7.0,0.7120000000000001,6.0,0.7140000000000001,5.0,0.7240000000000001,3.0,0.73,1.0,max_solid_angle,9,REC
thyroid,DTREE,0.91,1.5,0.902,4.5,0.902,4.5,0.91,1.5,0.898,6.0,0.904,3.0,0.89,7.0,max_solid_angle,9,REC
wine,DTREE,0.292,5.0,0.29600000000000004,3.5,0.28200000000000003,6.5,0.298,2.0,0.282,6.5,0.29600000000000004,3.5,0.304,1.0,max_solid_angle,9,REC
