index,0
SMOTE,3.357142857142857
BORDERLINE1,3.5714285714285716
DELAUNAY,3.7142857142857144
GEOSMOTE,3.9285714285714284
BORDERLINE2,4.285714285714286
ORIGINAL,4.571428571428571
SMOTE_SVM,4.571428571428571
