index,0
BORDERLINE1,2.5
BORDERLINE2,3.5714285714285716
SMOTE_SVM,3.7857142857142856
GEOSMOTE,4.285714285714286
SMOTE,4.428571428571429
ORIGINAL,4.642857142857143
DELAUNAY,4.785714285714286
