index,0
SMOTE,3.0714285714285716
SMOTE_SVM,3.5714285714285716
DELAUNAY,3.5714285714285716
GEOSMOTE,4.0
BORDERLINE1,4.214285714285714
BORDERLINE2,4.285714285714286
ORIGINAL,5.285714285714286
