index,0
BORDERLINE2,2.4285714285714284
BORDERLINE1,2.7142857142857144
DELAUNAY,3.9285714285714284
GEOSMOTE,4.142857142857143
SMOTE,4.285714285714286
SMOTE_SVM,4.785714285714286
ORIGINAL,5.714285714285714
