index,0
BORDERLINE2,3.0
SMOTE_SVM,3.142857142857143
DELAUNAY,3.7142857142857144
SMOTE,4.0
BORDERLINE1,4.071428571428571
GEOSMOTE,4.5
ORIGINAL,5.571428571428571
