index,0
BORDERLINE2,3.4285714285714284
SMOTE,3.5714285714285716
GEOSMOTE,3.5714285714285716
SMOTE_SVM,3.857142857142857
BORDERLINE1,4.285714285714286
ORIGINAL,4.642857142857143
DELAUNAY,4.642857142857143
