index,0
BORDERLINE1,2.5
BORDERLINE2,3.7142857142857144
SMOTE_SVM,4.0
DELAUNAY,4.142857142857143
GEOSMOTE,4.428571428571429
ORIGINAL,4.571428571428571
SMOTE,4.642857142857143
