index,0
BORDERLINE2,3.5714285714285716
DELAUNAY,3.642857142857143
SMOTE,3.7142857142857144
GEOSMOTE,3.857142857142857
SMOTE_SVM,4.071428571428571
BORDERLINE1,4.428571428571429
ORIGINAL,4.714285714285714
