index,0
DELAUNAY,2.9285714285714284
GEOSMOTE,3.642857142857143
BORDERLINE1,3.7142857142857144
SMOTE_SVM,3.857142857142857
ORIGINAL,4.428571428571429
BORDERLINE2,4.642857142857143
SMOTE,4.785714285714286
