index,0
SMOTE,3.642857142857143
DELAUNAY,3.642857142857143
BORDERLINE2,3.9285714285714284
GEOSMOTE,3.9285714285714284
SMOTE_SVM,4.0
BORDERLINE1,4.0
ORIGINAL,4.857142857142857
