index,0
BORDERLINE2,2.642857142857143
BORDERLINE1,2.9285714285714284
DELAUNAY,3.4285714285714284
GEOSMOTE,4.214285714285714
SMOTE,4.428571428571429
SMOTE_SVM,4.642857142857143
ORIGINAL,5.714285714285714
