index,0
GEOSMOTE,2.642857142857143
ORIGINAL,3.7857142857142856
DELAUNAY,3.7857142857142856
SMOTE_SVM,3.857142857142857
SMOTE,4.357142857142857
BORDERLINE1,4.714285714285714
BORDERLINE2,4.857142857142857
