index,0
DELAUNAY,2.857142857142857
BORDERLINE2,3.2857142857142856
SMOTE_SVM,3.4285714285714284
SMOTE,4.071428571428571
BORDERLINE1,4.214285714285714
GEOSMOTE,4.642857142857143
ORIGINAL,5.5
