index,0
BORDERLINE1,2.357142857142857
DELAUNAY,3.5714285714285716
BORDERLINE2,3.7857142857142856
SMOTE_SVM,4.214285714285714
GEOSMOTE,4.642857142857143
ORIGINAL,4.714285714285714
SMOTE,4.714285714285714
