index,0
BORDERLINE1,3.0
SMOTE_SVM,3.5
DELAUNAY,3.857142857142857
BORDERLINE2,4.142857142857143
ORIGINAL,4.428571428571429
GEOSMOTE,4.5
SMOTE,4.571428571428571
