index,0
ORIGINAL,2.7857142857142856
BORDERLINE1,3.142857142857143
SMOTE,3.4285714285714284
SMOTE_SVM,3.7857142857142856
DELAUNAY,4.428571428571429
BORDERLINE2,4.5
GEOSMOTE,5.928571428571429
