index,0
BORDERLINE2,3.5714285714285716
ORIGINAL,3.7142857142857144
SMOTE,3.7857142857142856
DELAUNAY,3.857142857142857
SMOTE_SVM,4.142857142857143
BORDERLINE1,4.142857142857143
GEOSMOTE,4.785714285714286
