index,0
BORDERLINE2,2.7142857142857144
GEOSMOTE,2.9285714285714284
BORDERLINE1,3.7857142857142856
DELAUNAY,4.357142857142857
SMOTE,4.428571428571429
SMOTE_SVM,4.642857142857143
ORIGINAL,5.142857142857143
