index,0
BORDERLINE2,3.4285714285714284
SMOTE,3.5714285714285716
ORIGINAL,3.857142857142857
SMOTE_SVM,4.0
BORDERLINE1,4.071428571428571
DELAUNAY,4.285714285714286
GEOSMOTE,4.785714285714286
