index,0
SMOTE,3.142857142857143
DELAUNAY,3.4285714285714284
SMOTE_SVM,3.5714285714285716
GEOSMOTE,4.0
BORDERLINE1,4.214285714285714
BORDERLINE2,4.357142857142857
ORIGINAL,5.285714285714286
