index,0
BORDERLINE2,3.642857142857143
DELAUNAY,3.642857142857143
ORIGINAL,3.7142857142857144
SMOTE,3.7857142857142856
BORDERLINE1,4.142857142857143
SMOTE_SVM,4.214285714285714
GEOSMOTE,4.857142857142857
