index,0
DELAUNAY,2.7857142857142856
SMOTE,3.7142857142857144
BORDERLINE1,4.071428571428571
BORDERLINE2,4.142857142857143
SMOTE_SVM,4.214285714285714
GEOSMOTE,4.214285714285714
ORIGINAL,4.857142857142857
