index,0
BORDERLINE1,2.857142857142857
BORDERLINE2,3.0714285714285716
SMOTE_SVM,3.642857142857143
SMOTE,4.0
GEOSMOTE,4.071428571428571
DELAUNAY,4.428571428571429
ORIGINAL,5.928571428571429
