index,0
GEOSMOTE,2.4285714285714284
SMOTE,3.5714285714285716
BORDERLINE1,3.642857142857143
BORDERLINE2,3.642857142857143
SMOTE_SVM,3.7857142857142856
DELAUNAY,5.142857142857143
ORIGINAL,5.785714285714286
