index,0
BORDERLINE1,2.2142857142857144
BORDERLINE2,3.642857142857143
SMOTE_SVM,3.857142857142857
GEOSMOTE,4.214285714285714
SMOTE,4.428571428571429
ORIGINAL,4.5
DELAUNAY,5.142857142857143
