index,0
SMOTE,2.5
BORDERLINE1,3.357142857142857
ORIGINAL,3.5714285714285716
BORDERLINE2,4.285714285714286
SMOTE_SVM,4.428571428571429
DELAUNAY,4.714285714285714
GEOSMOTE,5.142857142857143
