index,0
DELAUNAY,2.2142857142857144
GEOSMOTE,2.857142857142857
BORDERLINE1,4.0
SMOTE,4.142857142857143
SMOTE_SVM,4.214285714285714
BORDERLINE2,4.357142857142857
ORIGINAL,6.214285714285714
