index,0
BORDERLINE1,2.357142857142857
SMOTE_SVM,3.7142857142857144
BORDERLINE2,3.7142857142857144
DELAUNAY,4.428571428571429
GEOSMOTE,4.5
SMOTE,4.571428571428571
ORIGINAL,4.714285714285714
