index,0
BORDERLINE1,2.642857142857143
BORDERLINE2,3.7142857142857144
DELAUNAY,3.7142857142857144
SMOTE_SVM,4.142857142857143
GEOSMOTE,4.357142857142857
ORIGINAL,4.714285714285714
SMOTE,4.714285714285714
