index,0
DELAUNAY,3.2142857142857144
BORDERLINE1,3.4285714285714284
BORDERLINE2,3.5714285714285716
SMOTE,3.7857142857142856
GEOSMOTE,3.857142857142857
ORIGINAL,4.571428571428571
SMOTE_SVM,5.571428571428571
