index,0
GEOSMOTE,2.142857142857143
DELAUNAY,3.642857142857143
ORIGINAL,4.071428571428571
SMOTE,4.142857142857143
SMOTE_SVM,4.428571428571429
BORDERLINE2,4.714285714285714
BORDERLINE1,4.857142857142857
