index,0
BORDERLINE2,2.7857142857142856
GEOSMOTE,3.0
BORDERLINE1,3.7857142857142856
DELAUNAY,3.857142857142857
SMOTE,4.642857142857143
SMOTE_SVM,4.785714285714286
ORIGINAL,5.142857142857143
