index,0
BORDERLINE1,3.142857142857143
DELAUNAY,3.2857142857142856
SMOTE_SVM,3.7857142857142856
BORDERLINE2,4.142857142857143
ORIGINAL,4.428571428571429
GEOSMOTE,4.5
SMOTE,4.714285714285714
