index,0
SMOTE,3.5714285714285716
ORIGINAL,3.642857142857143
SMOTE_SVM,4.0
BORDERLINE1,4.142857142857143
BORDERLINE2,4.142857142857143
GEOSMOTE,4.142857142857143
DELAUNAY,4.357142857142857
