index,0
BORDERLINE2,3.2857142857142856
DELAUNAY,3.357142857142857
BORDERLINE1,3.4285714285714284
SMOTE,3.5
GEOSMOTE,4.5
ORIGINAL,4.928571428571429
SMOTE_SVM,5.0
