index,0
SMOTE,2.857142857142857
BORDERLINE2,2.9285714285714284
SMOTE_SVM,3.7857142857142856
DELAUNAY,4.071428571428571
GEOSMOTE,4.142857142857143
BORDERLINE1,4.857142857142857
ORIGINAL,5.357142857142857
