index,0
ORIGINAL,2.857142857142857
BORDERLINE1,3.0
SMOTE,3.4285714285714284
SMOTE_SVM,3.7142857142857144
BORDERLINE2,4.357142857142857
DELAUNAY,4.785714285714286
GEOSMOTE,5.857142857142857
