index,0
ORIGINAL,2.4285714285714284
SMOTE,2.9285714285714284
BORDERLINE1,3.642857142857143
BORDERLINE2,4.071428571428571
GEOSMOTE,4.357142857142857
DELAUNAY,4.714285714285714
SMOTE_SVM,5.857142857142857
