index,0
BORDERLINE2,3.357142857142857
SMOTE,3.7142857142857144
DELAUNAY,3.7857142857142856
BORDERLINE1,3.9285714285714284
ORIGINAL,4.357142857142857
GEOSMOTE,4.357142857142857
SMOTE_SVM,4.5
