DATASET,ALGORITHM,ORIGINAL,RANK_ORIGINAL,SMOTE,RANK_SMOTE,SMOTE_SVM,RANK_SMOTE_SVM,BORDERLINE1,RANK_BORDERLINE1,BORDERLINE2,RANK_BORDERLINE2,GEOSMOTE,RANK_GEOSMOTE,DELAUNAY,RANK_DELAUNAY,DELAUNAY_TYPE,ALPHA,unit
contraceptive,GNB,0.204,1.0,0.18,6.0,0.18600000000000005,3.0,0.182,4.5,0.17800000000000002,7.0,0.202,2.0,0.182,4.5,min_solid_angle,1,REC
dermatology,GNB,0.518,3.5,0.52,1.5,0.518,3.5,0.52,1.5,0.48200000000000004,5.0,0.4,7.0,0.418,6.0,min_solid_angle,1,REC
glass,GNB,0.36,2.0,0.354,5.0,0.388,1.0,0.35600000000000004,4.0,0.33799999999999997,7.0,0.358,3.0,0.34600000000000003,6.0,min_solid_angle,1,REC
new-thyroid,GNB,0.124,6.0,0.128,3.5,0.128,3.5,0.128,3.5,0.128,3.5,0.122,7.0,0.132,1.0,min_solid_angle,1,REC
penbased,GNB,0.6799999999999999,5.0,0.6799999999999999,5.0,0.6799999999999999,5.0,0.6799999999999999,5.0,0.6799999999999999,5.0,0.6859999999999999,1.0,0.682,2.0,min_solid_angle,1,REC
thyroid,GNB,0.12199999999999996,7.0,0.12399999999999994,6.0,0.13799999999999998,5.0,0.19,4.0,0.20600000000000002,2.0,0.242,1.0,0.196,3.0,min_solid_angle,1,REC
wine,GNB,0.29600000000000004,5.5,0.29600000000000004,5.5,0.29600000000000004,5.5,0.30200000000000005,2.0,0.30200000000000005,2.0,0.30200000000000005,2.0,0.29600000000000004,5.5,min_solid_angle,1,REC
