index,0
GEOSMOTE,3.0
DELAUNAY,3.5714285714285716
ORIGINAL,3.642857142857143
SMOTE,4.0
BORDERLINE2,4.5
SMOTE_SVM,4.571428571428571
BORDERLINE1,4.714285714285714
