index,0
SMOTE_SVM,3.2857142857142856
ORIGINAL,3.5
BORDERLINE1,3.7857142857142856
DELAUNAY,4.071428571428571
SMOTE,4.285714285714286
BORDERLINE2,4.428571428571429
GEOSMOTE,4.642857142857143
