index,0
GEOSMOTE,2.0
ORIGINAL,3.7142857142857144
SMOTE_SVM,4.071428571428571
DELAUNAY,4.214285714285714
SMOTE,4.357142857142857
BORDERLINE2,4.571428571428571
BORDERLINE1,5.071428571428571
