index,0
SMOTE_SVM,3.0714285714285716
BORDERLINE1,3.357142857142857
ORIGINAL,3.7142857142857144
BORDERLINE2,4.0
SMOTE,4.5
DELAUNAY,4.5
GEOSMOTE,4.857142857142857
