index,0
SMOTE,2.5714285714285716
BORDERLINE1,3.357142857142857
ORIGINAL,3.5
SMOTE_SVM,4.285714285714286
BORDERLINE2,4.357142857142857
DELAUNAY,4.857142857142857
GEOSMOTE,5.071428571428571
