index,0
BORDERLINE1,3.0714285714285716
ORIGINAL,3.4285714285714284
DELAUNAY,3.857142857142857
SMOTE_SVM,4.142857142857143
SMOTE,4.214285714285714
BORDERLINE2,4.214285714285714
GEOSMOTE,5.071428571428571
