DATASET,ALGORITHM,ORIGINAL,RANK_ORIGINAL,SMOTE,RANK_SMOTE,SMOTE_SVM,RANK_SMOTE_SVM,BORDERLINE1,RANK_BORDERLINE1,BORDERLINE2,RANK_BORDERLINE2,GEOSMOTE,RANK_GEOSMOTE,DELAUNAY,RANK_DELAUNAY,DELAUNAY_TYPE,ALPHA,unit
contraceptive,KNN,0.8079999999999999,7.0,0.8160000000000001,1.0,0.8140000000000001,3.0,0.812,5.5,0.8140000000000001,3.0,0.8140000000000001,3.0,0.812,5.5,min_solid_angle,1,SPE
dermatology,KNN,0.9359999999999999,2.0,0.934,5.0,0.934,5.0,0.932,7.0,0.9359999999999999,2.0,0.934,5.0,0.9359999999999999,2.0,min_solid_angle,1,SPE
glass,KNN,0.7959999999999999,7.0,0.8420000000000001,1.0,0.8340000000000001,5.5,0.8340000000000001,5.5,0.836,3.0,0.836,3.0,0.836,3.0,min_solid_angle,1,SPE
new-thyroid,KNN,0.86,7.0,0.866,3.5,0.866,3.5,0.866,3.5,0.8719999999999999,1.0,0.8640000000000001,6.0,0.866,3.5,min_solid_angle,1,SPE
penbased,KNN,0.988,6.5,0.99,3.0,0.99,3.0,0.99,3.0,0.99,3.0,0.99,3.0,0.988,6.5,min_solid_angle,1,SPE
thyroid,KNN,0.202,7.0,0.364,3.5,0.332,5.0,0.364,3.5,0.382,2.0,0.23199999999999998,6.0,0.484,1.0,min_solid_angle,1,SPE
wine,KNN,0.7700000000000001,1.0,0.764,4.0,0.7659999999999999,2.5,0.75,7.0,0.7559999999999999,6.0,0.7659999999999999,2.5,0.758,5.0,min_solid_angle,1,SPE
