index,0
SMOTE_SVM,3.2142857142857144
BORDERLINE1,3.7142857142857144
BORDERLINE2,3.7857142857142856
DELAUNAY,3.9285714285714284
SMOTE,4.357142857142857
ORIGINAL,4.5
GEOSMOTE,4.5
