index,0
DELAUNAY,3.2142857142857144
SMOTE,3.5
BORDERLINE1,3.5
SMOTE_SVM,4.071428571428571
GEOSMOTE,4.214285714285714
BORDERLINE2,4.714285714285714
ORIGINAL,4.785714285714286
