DATASET,ALGORITHM,ORIGINAL,RANK_ORIGINAL,SMOTE,RANK_SMOTE,SMOTE_SVM,RANK_SMOTE_SVM,BORDERLINE1,RANK_BORDERLINE1,BORDERLINE2,RANK_BORDERLINE2,GEOSMOTE,RANK_GEOSMOTE,DELAUNAY,RANK_DELAUNAY,DELAUNAY_TYPE,ALPHA,unit
contraceptive,SGD,0.7459999999999999,7.0,0.778,4.0,0.794,3.0,0.812,1.0,0.764,6.0,0.7739999999999999,5.0,0.8,2.0,radius_ratio,4,SPE
dermatology,SGD,0.914,6.0,0.906,7.0,0.924,2.5,0.922,4.5,0.924,2.5,0.9259999999999999,1.0,0.922,4.5,radius_ratio,4,SPE
glass,SGD,0.784,7.0,0.8859999999999999,3.0,0.7979999999999999,6.0,0.8540000000000001,4.0,0.85,5.0,0.9280000000000002,1.0,0.89,2.0,radius_ratio,4,SPE
new-thyroid,SGD,0.86,6.5,0.884,3.0,0.8699999999999999,5.0,0.8759999999999999,4.0,0.86,6.5,0.904,1.5,0.904,1.5,radius_ratio,4,SPE
penbased,SGD,0.974,6.0,0.9740000000000001,6.0,0.98,1.0,0.974,6.0,0.976,4.0,0.978,2.5,0.978,2.5,radius_ratio,4,SPE
thyroid,SGD,0.12200000000000005,7.0,0.452,5.0,0.354,6.0,0.6459999999999999,1.0,0.4980000000000001,4.0,0.5900000000000001,3.0,0.622,2.0,radius_ratio,4,SPE
wine,SGD,0.784,3.5,0.836,1.0,0.738,5.0,0.6779999999999999,7.0,0.828,2.0,0.6859999999999999,6.0,0.784,3.5,radius_ratio,4,SPE
