index,0
BORDERLINE2,2.9285714285714284
SMOTE_SVM,3.142857142857143
SMOTE,3.857142857142857
BORDERLINE1,3.9285714285714284
DELAUNAY,4.214285714285714
GEOSMOTE,4.5
ORIGINAL,5.428571428571429
