index,0
SMOTE_SVM,3.2142857142857144
DELAUNAY,3.642857142857143
BORDERLINE1,3.7857142857142856
BORDERLINE2,4.0
ORIGINAL,4.428571428571429
SMOTE,4.428571428571429
GEOSMOTE,4.5
