index,0
ORIGINAL,2.5
GEOSMOTE,3.5714285714285716
BORDERLINE1,3.642857142857143
SMOTE,3.9285714285714284
SMOTE_SVM,3.9285714285714284
BORDERLINE2,4.928571428571429
DELAUNAY,5.5
