index,0
SMOTE_SVM,3.142857142857143
BORDERLINE1,3.7142857142857144
DELAUNAY,3.857142857142857
BORDERLINE2,3.9285714285714284
ORIGINAL,4.357142857142857
SMOTE,4.357142857142857
GEOSMOTE,4.642857142857143
