DATASET,ALGORITHM,ORIGINAL,RANK_ORIGINAL,SMOTE,RANK_SMOTE,SMOTE_SVM,RANK_SMOTE_SVM,BORDERLINE1,RANK_BORDERLINE1,BORDERLINE2,RANK_BORDERLINE2,GEOSMOTE,RANK_GEOSMOTE,DELAUNAY,RANK_DELAUNAY,DELAUNAY_TYPE,ALPHA,unit
contraceptive,SVM,0.2280000000000001,4.0,0.2280000000000001,4.0,0.2280000000000001,4.0,0.2280000000000001,4.0,0.2280000000000001,4.0,0.2280000000000001,4.0,0.2280000000000001,4.0,solid_angle,4,REC
dermatology,SVM,0.168,7.0,0.194,3.5,0.196,2.0,0.194,3.5,0.17800000000000002,6.0,0.198,1.0,0.188,5.0,solid_angle,4,REC
glass,SVM,0.0,4.0,0.0,4.0,0.0,4.0,0.0,4.0,0.0,4.0,0.0,4.0,0.0,4.0,solid_angle,4,REC
new-thyroid,SVM,0.16,7.0,0.18,5.5,0.20600000000000002,2.0,0.20600000000000002,2.0,0.20600000000000002,2.0,0.18,5.5,0.192,4.0,solid_angle,4,REC
penbased,SVM,0.5700000000000001,7.0,0.6579999999999999,6.0,0.66,4.5,0.662,2.5,0.662,2.5,0.6599999999999999,4.5,0.664,1.0,solid_angle,4,REC
thyroid,SVM,0.9259999999999999,1.0,0.8879999999999999,4.0,0.908,3.0,0.8800000000000001,6.0,0.884,5.0,0.8699999999999999,7.0,0.912,2.0,solid_angle,4,REC
wine,SVM,0.0,4.0,0.0,4.0,0.0,4.0,0.0,4.0,0.0,4.0,0.0,4.0,0.0,4.0,solid_angle,4,REC
