index,0
SMOTE_SVM,3.0714285714285716
BORDERLINE1,3.7857142857142856
BORDERLINE2,3.7857142857142856
SMOTE,4.214285714285714
ORIGINAL,4.357142857142857
DELAUNAY,4.357142857142857
GEOSMOTE,4.428571428571429
