index,0
BORDERLINE2,3.0714285714285716
DELAUNAY,3.2142857142857144
SMOTE_SVM,3.4285714285714284
SMOTE,3.9285714285714284
BORDERLINE1,4.214285714285714
GEOSMOTE,4.571428571428571
ORIGINAL,5.571428571428571
