index,0
ORIGINAL,3.2142857142857144
SMOTE,3.2857142857142856
BORDERLINE2,3.5
BORDERLINE1,3.5714285714285716
DELAUNAY,4.214285714285714
GEOSMOTE,4.642857142857143
SMOTE_SVM,5.571428571428571
