index,0
SMOTE,2.857142857142857
BORDERLINE1,3.357142857142857
DELAUNAY,3.5
ORIGINAL,3.9285714285714284
BORDERLINE2,4.357142857142857
SMOTE_SVM,4.714285714285714
GEOSMOTE,5.285714285714286
