index,0
BORDERLINE2,3.357142857142857
BORDERLINE1,3.5
SMOTE,3.5714285714285716
DELAUNAY,3.7142857142857144
GEOSMOTE,3.857142857142857
ORIGINAL,4.571428571428571
SMOTE_SVM,5.428571428571429
