index,0
BORDERLINE1,3.142857142857143
BORDERLINE2,3.2857142857142856
DELAUNAY,3.357142857142857
SMOTE_SVM,3.857142857142857
SMOTE,4.214285714285714
GEOSMOTE,4.285714285714286
ORIGINAL,5.857142857142857
