index,0
GEOSMOTE,3.2857142857142856
DELAUNAY,3.2857142857142856
ORIGINAL,3.7142857142857144
SMOTE,4.0
BORDERLINE2,4.5
SMOTE_SVM,4.571428571428571
BORDERLINE1,4.642857142857143
