DATASET,ALGORITHM,ORIGINAL,RANK_ORIGINAL,SMOTE,RANK_SMOTE,SMOTE_SVM,RANK_SMOTE_SVM,BORDERLINE1,RANK_BORDERLINE1,BORDERLINE2,RANK_BORDERLINE2,GEOSMOTE,RANK_GEOSMOTE,DELAUNAY,RANK_DELAUNAY,DELAUNAY_TYPE,ALPHA,unit
contraceptive,MLP,0.2280000000000001,1.0,0.214,2.5,0.212,5.0,0.212,5.0,0.21,7.0,0.214,2.5,0.212,5.0,area,4,F1
dermatology,MLP,0.512,6.5,0.514,3.5,0.514,3.5,0.514,3.5,0.514,3.5,0.516,1.0,0.5119999999999999,6.5,area,4,F1
glass,MLP,0.19,7.0,0.322,1.0,0.294,5.5,0.31,2.5,0.294,5.5,0.31000000000000005,2.5,0.304,4.0,area,4,F1
new-thyroid,MLP,0.136,1.0,0.134,3.0,0.132,5.5,0.134,3.0,0.134,3.0,0.13,7.0,0.132,5.5,area,4,F1
penbased,MLP,0.7619999999999999,7.0,0.77,3.5,0.772,2.0,0.768,5.0,0.774,1.0,0.7659999999999999,6.0,0.77,3.5,area,4,F1
thyroid,MLP,0.8940000000000001,6.0,0.904,2.5,0.902,4.0,0.904,2.5,0.906,1.0,0.8960000000000001,5.0,0.892,7.0,area,4,F1
wine,MLP,0.126,7.0,0.192,5.0,0.202,4.0,0.214,3.0,0.2220000000000001,1.0,0.18000000000000002,6.0,0.21600000000000005,2.0,area,4,F1
