index,0
BORDERLINE1,2.9285714285714284
DELAUNAY,3.2142857142857144
BORDERLINE2,3.5714285714285716
GEOSMOTE,3.7142857142857144
SMOTE_SVM,4.071428571428571
SMOTE,4.714285714285714
ORIGINAL,5.785714285714286
