index,0
ORIGINAL,3.0714285714285716
DELAUNAY,3.142857142857143
GEOSMOTE,3.7857142857142856
SMOTE_SVM,4.214285714285714
BORDERLINE1,4.214285714285714
SMOTE,4.285714285714286
BORDERLINE2,5.285714285714286
