index,0
BORDERLINE1,3.2857142857142856
BORDERLINE2,3.4285714285714284
SMOTE,3.642857142857143
GEOSMOTE,3.7857142857142856
DELAUNAY,4.0
ORIGINAL,4.428571428571429
SMOTE_SVM,5.428571428571429
