index,0
BORDERLINE1,3.0714285714285716
SMOTE_SVM,3.7857142857142856
BORDERLINE2,4.0
DELAUNAY,4.214285714285714
ORIGINAL,4.285714285714286
SMOTE,4.285714285714286
GEOSMOTE,4.357142857142857
