index,0
DELAUNAY,3.5
ORIGINAL,3.7142857142857144
BORDERLINE2,3.7142857142857144
SMOTE,3.7857142857142856
BORDERLINE1,4.214285714285714
SMOTE_SVM,4.285714285714286
GEOSMOTE,4.785714285714286
