index,0
ORIGINAL,2.9285714285714284
SMOTE,3.2142857142857144
BORDERLINE1,3.5
BORDERLINE2,3.9285714285714284
GEOSMOTE,4.0
SMOTE_SVM,5.214285714285714
DELAUNAY,5.214285714285714
