index,0
SMOTE_SVM,3.0714285714285716
ORIGINAL,3.5
BORDERLINE1,3.642857142857143
SMOTE,4.071428571428571
BORDERLINE2,4.285714285714286
GEOSMOTE,4.5
DELAUNAY,4.928571428571429
