index,0
ORIGINAL,2.857142857142857
BORDERLINE1,3.0
SMOTE,3.357142857142857
SMOTE_SVM,3.7857142857142856
BORDERLINE2,4.5
DELAUNAY,4.571428571428571
GEOSMOTE,5.928571428571429
