index,0
ORIGINAL,2.857142857142857
SMOTE,3.2142857142857144
BORDERLINE1,3.5714285714285716
BORDERLINE2,3.7857142857142856
GEOSMOTE,3.857142857142857
SMOTE_SVM,5.071428571428571
DELAUNAY,5.642857142857143
