index,0
SMOTE_SVM,2.857142857142857
BORDERLINE1,3.642857142857143
DELAUNAY,3.7142857142857144
BORDERLINE2,3.857142857142857
SMOTE,4.285714285714286
GEOSMOTE,4.357142857142857
ORIGINAL,5.285714285714286
