index,0
BORDERLINE1,2.857142857142857
BORDERLINE2,3.5
GEOSMOTE,3.5714285714285716
DELAUNAY,3.857142857142857
SMOTE_SVM,3.9285714285714284
SMOTE,4.571428571428571
ORIGINAL,5.714285714285714
