index,0
BORDERLINE1,2.5
SMOTE_SVM,3.642857142857143
BORDERLINE2,3.7142857142857144
GEOSMOTE,4.071428571428571
SMOTE,4.285714285714286
ORIGINAL,4.571428571428571
DELAUNAY,5.214285714285714
