index,0
SMOTE,2.5714285714285716
ORIGINAL,3.357142857142857
BORDERLINE1,3.357142857142857
SMOTE_SVM,4.285714285714286
BORDERLINE2,4.285714285714286
GEOSMOTE,5.071428571428571
DELAUNAY,5.071428571428571
