index,0
GEOSMOTE,2.5714285714285716
SMOTE_SVM,3.7857142857142856
ORIGINAL,3.9285714285714284
DELAUNAY,4.071428571428571
SMOTE,4.357142857142857
BORDERLINE1,4.571428571428571
BORDERLINE2,4.714285714285714
