index,0
DELAUNAY,2.7142857142857144
BORDERLINE1,3.7857142857142856
SMOTE,3.857142857142857
BORDERLINE2,3.9285714285714284
GEOSMOTE,3.9285714285714284
SMOTE_SVM,4.071428571428571
ORIGINAL,5.714285714285714
