index,0
SMOTE_SVM,3.2142857142857144
ORIGINAL,3.5714285714285716
BORDERLINE1,3.642857142857143
SMOTE,4.214285714285714
BORDERLINE2,4.214285714285714
GEOSMOTE,4.5
DELAUNAY,4.642857142857143
