index,0
DELAUNAY,2.7857142857142856
GEOSMOTE,3.5714285714285716
BORDERLINE1,3.7142857142857144
SMOTE_SVM,3.9285714285714284
ORIGINAL,4.571428571428571
BORDERLINE2,4.642857142857143
SMOTE,4.785714285714286
