index,0
SMOTE,2.5
DELAUNAY,3.5
BORDERLINE1,3.5714285714285716
GEOSMOTE,3.642857142857143
BORDERLINE2,4.071428571428571
SMOTE_SVM,5.214285714285714
ORIGINAL,5.5
