index,0
BORDERLINE2,3.5
ORIGINAL,3.7142857142857144
SMOTE,3.7857142857142856
SMOTE_SVM,3.857142857142857
BORDERLINE1,4.071428571428571
DELAUNAY,4.428571428571429
GEOSMOTE,4.642857142857143
