index,0
SMOTE_SVM,2.857142857142857
DELAUNAY,3.2857142857142856
BORDERLINE1,3.7857142857142856
BORDERLINE2,3.857142857142857
SMOTE,4.428571428571429
GEOSMOTE,4.5
ORIGINAL,5.285714285714286
