index,0
ORIGINAL,3.0714285714285716
SMOTE,3.4285714285714284
BORDERLINE1,3.642857142857143
BORDERLINE2,4.0
DELAUNAY,4.142857142857143
GEOSMOTE,4.285714285714286
SMOTE_SVM,5.428571428571429
