index,0
BORDERLINE2,2.5714285714285716
BORDERLINE1,2.7857142857142856
DELAUNAY,3.642857142857143
SMOTE,4.285714285714286
GEOSMOTE,4.285714285714286
SMOTE_SVM,4.714285714285714
ORIGINAL,5.714285714285714
