index,0
BORDERLINE1,3.142857142857143
BORDERLINE2,3.2857142857142856
DELAUNAY,3.642857142857143
SMOTE_SVM,3.857142857142857
SMOTE,4.071428571428571
GEOSMOTE,4.142857142857143
ORIGINAL,5.857142857142857
