index,0
SMOTE,3.0714285714285716
ORIGINAL,3.357142857142857
BORDERLINE2,3.5
BORDERLINE1,3.7857142857142856
DELAUNAY,4.285714285714286
GEOSMOTE,4.428571428571429
SMOTE_SVM,5.571428571428571
