index,0
BORDERLINE1,3.0
DELAUNAY,3.2857142857142856
SMOTE_SVM,3.7857142857142856
BORDERLINE2,4.0
ORIGINAL,4.571428571428571
SMOTE,4.571428571428571
GEOSMOTE,4.785714285714286
