index,0
BORDERLINE2,3.4285714285714284
ORIGINAL,3.7142857142857144
SMOTE,3.7857142857142856
SMOTE_SVM,4.0
BORDERLINE1,4.0
DELAUNAY,4.285714285714286
GEOSMOTE,4.785714285714286
