index,0
SMOTE,3.5
GEOSMOTE,3.5
BORDERLINE1,3.642857142857143
BORDERLINE2,3.7857142857142856
SMOTE_SVM,3.9285714285714284
DELAUNAY,3.9285714285714284
ORIGINAL,5.714285714285714
