index,0
BORDERLINE1,3.0
SMOTE_SVM,3.5714285714285716
BORDERLINE2,3.857142857142857
ORIGINAL,4.285714285714286
GEOSMOTE,4.357142857142857
SMOTE,4.428571428571429
DELAUNAY,4.5
