index,0
SMOTE,2.5
BORDERLINE1,3.2857142857142856
GEOSMOTE,3.9285714285714284
BORDERLINE2,4.0
DELAUNAY,4.357142857142857
SMOTE_SVM,4.714285714285714
ORIGINAL,5.214285714285714
