index,0
SMOTE,3.2857142857142856
ORIGINAL,3.5
SMOTE_SVM,3.7142857142857144
GEOSMOTE,3.7142857142857144
BORDERLINE2,4.142857142857143
BORDERLINE1,4.357142857142857
DELAUNAY,5.285714285714286
