index,0
BORDERLINE1,3.2142857142857144
GEOSMOTE,3.2857142857142856
SMOTE_SVM,3.7142857142857144
ORIGINAL,4.142857142857143
BORDERLINE2,4.214285714285714
SMOTE,4.428571428571429
DELAUNAY,5.0
