index,0
SMOTE_SVM,3.142857142857143
BORDERLINE1,3.4285714285714284
BORDERLINE2,3.642857142857143
GEOSMOTE,4.071428571428571
SMOTE,4.285714285714286
DELAUNAY,4.571428571428571
ORIGINAL,4.857142857142857
