index,0
SMOTE_SVM,3.142857142857143
BORDERLINE1,3.5
ORIGINAL,3.7142857142857144
BORDERLINE2,3.857142857142857
DELAUNAY,4.428571428571429
SMOTE,4.5
GEOSMOTE,4.857142857142857
