index,0
SMOTE_SVM,3.2142857142857144
ORIGINAL,3.5714285714285716
BORDERLINE1,3.642857142857143
DELAUNAY,4.071428571428571
BORDERLINE2,4.428571428571429
SMOTE,4.5
GEOSMOTE,4.571428571428571
