index,0
BORDERLINE2,3.5714285714285716
SMOTE,3.642857142857143
GEOSMOTE,3.7142857142857144
SMOTE_SVM,3.857142857142857
DELAUNAY,4.214285714285714
BORDERLINE1,4.357142857142857
ORIGINAL,4.642857142857143
