index,0
DELAUNAY,3.142857142857143
BORDERLINE1,3.4285714285714284
BORDERLINE2,3.5
SMOTE,3.5714285714285716
GEOSMOTE,4.5
ORIGINAL,4.857142857142857
SMOTE_SVM,5.0
