index,0
DELAUNAY,3.5714285714285716
ORIGINAL,3.7857142857142856
SMOTE,3.857142857142857
BORDERLINE2,4.071428571428571
GEOSMOTE,4.142857142857143
SMOTE_SVM,4.214285714285714
BORDERLINE1,4.357142857142857
