index,0
DELAUNAY,3.142857142857143
SMOTE,3.2857142857142856
SMOTE_SVM,3.5714285714285716
GEOSMOTE,4.071428571428571
BORDERLINE1,4.285714285714286
BORDERLINE2,4.357142857142857
ORIGINAL,5.285714285714286
