index,0
SMOTE,3.5
ORIGINAL,3.642857142857143
DELAUNAY,3.857142857142857
GEOSMOTE,3.9285714285714284
SMOTE_SVM,4.214285714285714
BORDERLINE2,4.285714285714286
BORDERLINE1,4.571428571428571
