index,0
SMOTE,2.4285714285714284
BORDERLINE1,3.357142857142857
GEOSMOTE,3.5
BORDERLINE2,3.9285714285714284
SMOTE_SVM,4.785714285714286
DELAUNAY,4.785714285714286
ORIGINAL,5.214285714285714
