index,0
SMOTE_SVM,2.7857142857142856
BORDERLINE1,3.642857142857143
DELAUNAY,3.7857142857142856
BORDERLINE2,3.857142857142857
SMOTE,4.285714285714286
GEOSMOTE,4.357142857142857
ORIGINAL,5.285714285714286
