index,0
BORDERLINE2,2.857142857142857
SMOTE_SVM,3.142857142857143
SMOTE,3.7142857142857144
BORDERLINE1,4.0
GEOSMOTE,4.357142857142857
DELAUNAY,4.5
ORIGINAL,5.428571428571429
