index,0
SMOTE,2.7857142857142856
BORDERLINE1,3.5
DELAUNAY,3.5
GEOSMOTE,3.9285714285714284
BORDERLINE2,4.142857142857143
SMOTE_SVM,4.928571428571429
ORIGINAL,5.214285714285714
