index,0
ORIGINAL,3.0714285714285716
DELAUNAY,3.2857142857142856
GEOSMOTE,3.857142857142857
SMOTE_SVM,4.142857142857143
BORDERLINE1,4.142857142857143
SMOTE,4.214285714285714
BORDERLINE2,5.285714285714286
