index,0
ORIGINAL,2.642857142857143
GEOSMOTE,3.4285714285714284
BORDERLINE1,3.7857142857142856
SMOTE_SVM,4.071428571428571
SMOTE,4.214285714285714
BORDERLINE2,4.857142857142857
DELAUNAY,5.0
