index,0
ORIGINAL,2.5714285714285716
GEOSMOTE,3.642857142857143
BORDERLINE1,3.7857142857142856
SMOTE,3.9285714285714284
SMOTE_SVM,3.9285714285714284
BORDERLINE2,5.0
DELAUNAY,5.142857142857143
