index,0
BORDERLINE2,3.4285714285714284
ORIGINAL,3.7857142857142856
SMOTE,3.857142857142857
SMOTE_SVM,4.071428571428571
BORDERLINE1,4.071428571428571
DELAUNAY,4.071428571428571
GEOSMOTE,4.714285714285714
