index,0
ORIGINAL,3.0
GEOSMOTE,3.7142857142857144
SMOTE_SVM,3.9285714285714284
BORDERLINE1,4.071428571428571
SMOTE,4.142857142857143
DELAUNAY,4.142857142857143
BORDERLINE2,5.0
