index,0
SMOTE_SVM,3.0
BORDERLINE1,3.5
ORIGINAL,3.7142857142857144
BORDERLINE2,3.857142857142857
DELAUNAY,4.357142857142857
SMOTE,4.642857142857143
GEOSMOTE,4.928571428571429
