DATASET,ALGORITHM,ORIGINAL,RANK_ORIGINAL,SMOTE,RANK_SMOTE,SMOTE_SVM,RANK_SMOTE_SVM,BORDERLINE1,RANK_BORDERLINE1,BORDERLINE2,RANK_BORDERLINE2,GEOSMOTE,RANK_GEOSMOTE,DELAUNAY,RANK_DELAUNAY,DELAUNAY_TYPE,ALPHA,unit
contraceptive,GNB,0.8320000000000001,7.0,0.85,2.0,0.8459999999999999,4.0,0.852,1.0,0.8480000000000001,3.0,0.836,6.0,0.8440000000000001,5.0,area,4,SPE
dermatology,GNB,0.9200000000000002,5.0,0.922,2.5,0.9200000000000002,5.0,0.922,2.5,0.92,5.0,0.9280000000000002,1.0,0.916,7.0,area,4,SPE
glass,GNB,0.826,5.0,0.8480000000000001,2.0,0.8420000000000001,4.0,0.8460000000000001,3.0,0.8640000000000001,1.0,0.8059999999999999,7.0,0.82,6.0,area,4,SPE
new-thyroid,GNB,0.86,7.0,0.8640000000000001,2.0,0.8620000000000001,5.0,0.8620000000000001,5.0,0.8640000000000001,2.0,0.8640000000000001,2.0,0.8619999999999999,5.0,area,4,SPE
penbased,GNB,0.976,4.5,0.978,2.0,0.9740000000000001,6.5,0.9740000000000001,6.5,0.9759999999999998,4.5,0.978,2.0,0.978,2.0,area,4,SPE
thyroid,GNB,0.8340000000000002,4.5,0.8340000000000002,4.5,0.8360000000000001,3.0,0.8380000000000001,2.0,0.8240000000000001,6.0,0.8420000000000001,1.0,0.7879999999999999,7.0,area,4,SPE
wine,GNB,0.7879999999999999,2.5,0.79,1.0,0.7859999999999999,4.5,0.7879999999999999,2.5,0.7859999999999999,4.5,0.768,7.0,0.784,6.0,area,4,SPE
