index,0
BORDERLINE1,3.0
BORDERLINE2,3.142857142857143
SMOTE_SVM,3.642857142857143
GEOSMOTE,4.0
SMOTE,4.071428571428571
DELAUNAY,4.214285714285714
ORIGINAL,5.928571428571429
