index,0
BORDERLINE2,3.2857142857142856
BORDERLINE1,3.4285714285714284
GEOSMOTE,3.5714285714285716
SMOTE,3.642857142857143
DELAUNAY,4.142857142857143
ORIGINAL,4.428571428571429
SMOTE_SVM,5.5
