index,0
BORDERLINE1,2.7857142857142856
BORDERLINE2,3.357142857142857
GEOSMOTE,3.5714285714285716
SMOTE_SVM,3.7857142857142856
DELAUNAY,4.285714285714286
SMOTE,4.428571428571429
ORIGINAL,5.785714285714286
