index,0
SMOTE,3.2857142857142856
BORDERLINE1,3.4285714285714284
GEOSMOTE,4.0
DELAUNAY,4.142857142857143
ORIGINAL,4.357142857142857
BORDERLINE2,4.357142857142857
SMOTE_SVM,4.428571428571429
