index,0
BORDERLINE2,3.4285714285714284
SMOTE,3.7142857142857144
DELAUNAY,3.7142857142857144
BORDERLINE1,3.9285714285714284
GEOSMOTE,4.357142857142857
ORIGINAL,4.428571428571429
SMOTE_SVM,4.428571428571429
