index,0
SMOTE_SVM,3.2142857142857144
BORDERLINE1,3.5
ORIGINAL,3.7142857142857144
BORDERLINE2,3.9285714285714284
DELAUNAY,3.9285714285714284
SMOTE,4.642857142857143
GEOSMOTE,5.071428571428571
