index,0
ORIGINAL,3.142857142857143
SMOTE,3.2857142857142856
BORDERLINE2,3.642857142857143
BORDERLINE1,3.7142857142857144
DELAUNAY,3.857142857142857
GEOSMOTE,4.5
SMOTE_SVM,5.857142857142857
