index,0
ORIGINAL,3.142857142857143
BORDERLINE1,3.5714285714285716
SMOTE,3.642857142857143
BORDERLINE2,3.9285714285714284
DELAUNAY,4.142857142857143
GEOSMOTE,4.285714285714286
SMOTE_SVM,5.285714285714286
