index,0
BORDERLINE2,2.9285714285714284
SMOTE_SVM,3.0
SMOTE,3.7142857142857144
BORDERLINE1,3.9285714285714284
GEOSMOTE,4.357142857142857
DELAUNAY,4.714285714285714
ORIGINAL,5.357142857142857
