index,0
BORDERLINE2,2.9285714285714284
GEOSMOTE,3.0
BORDERLINE1,3.7142857142857144
DELAUNAY,3.7857142857142856
SMOTE,4.714285714285714
SMOTE_SVM,4.785714285714286
ORIGINAL,5.071428571428571
