index,0
GEOSMOTE,2.0
ORIGINAL,3.7857142857142856
SMOTE_SVM,3.9285714285714284
SMOTE,4.357142857142857
BORDERLINE2,4.428571428571429
DELAUNAY,4.571428571428571
BORDERLINE1,4.928571428571429
