index,0
DELAUNAY,3.142857142857143
BORDERLINE2,3.5714285714285716
SMOTE,3.7142857142857144
GEOSMOTE,4.0
SMOTE_SVM,4.214285714285714
BORDERLINE1,4.5
ORIGINAL,4.857142857142857
