index,0
GEOSMOTE,2.142857142857143
DELAUNAY,3.642857142857143
ORIGINAL,3.9285714285714284
SMOTE_SVM,4.071428571428571
SMOTE,4.5
BORDERLINE2,4.642857142857143
BORDERLINE1,5.071428571428571
