index,0
SMOTE,2.9285714285714284
BORDERLINE2,3.142857142857143
BORDERLINE1,3.4285714285714284
SMOTE_SVM,4.142857142857143
GEOSMOTE,4.5
DELAUNAY,4.857142857142857
ORIGINAL,5.0
