index,0
GEOSMOTE,2.642857142857143
DELAUNAY,2.7142857142857144
SMOTE,3.857142857142857
BORDERLINE1,4.142857142857143
SMOTE_SVM,4.214285714285714
BORDERLINE2,4.214285714285714
ORIGINAL,6.214285714285714
