index,0
GEOSMOTE,2.5
ORIGINAL,3.7857142857142856
SMOTE_SVM,3.7857142857142856
DELAUNAY,4.285714285714286
BORDERLINE1,4.428571428571429
SMOTE,4.5
BORDERLINE2,4.714285714285714
