index,0
SMOTE,3.2857142857142856
BORDERLINE1,3.357142857142857
BORDERLINE2,3.4285714285714284
DELAUNAY,4.142857142857143
GEOSMOTE,4.214285714285714
ORIGINAL,4.714285714285714
SMOTE_SVM,4.857142857142857
