index,0
SMOTE,3.0714285714285716
ORIGINAL,3.142857142857143
BORDERLINE1,3.4285714285714284
BORDERLINE2,3.642857142857143
GEOSMOTE,4.357142857142857
DELAUNAY,5.071428571428571
SMOTE_SVM,5.285714285714286
