index,0
DELAUNAY,3.142857142857143
BORDERLINE1,3.2857142857142856
SMOTE_SVM,3.642857142857143
BORDERLINE2,4.142857142857143
ORIGINAL,4.428571428571429
SMOTE,4.571428571428571
GEOSMOTE,4.785714285714286
