index,0
BORDERLINE1,3.2857142857142856
BORDERLINE2,3.2857142857142856
SMOTE,3.4285714285714284
GEOSMOTE,3.4285714285714284
ORIGINAL,4.428571428571429
SMOTE_SVM,5.071428571428571
DELAUNAY,5.071428571428571
