index,0
SMOTE,3.0
SMOTE_SVM,3.357142857142857
GEOSMOTE,3.7142857142857144
BORDERLINE1,3.857142857142857
BORDERLINE2,4.071428571428571
DELAUNAY,4.714285714285714
ORIGINAL,5.285714285714286
