index,0
GEOSMOTE,2.357142857142857
SMOTE_SVM,3.7142857142857144
ORIGINAL,3.7857142857142856
SMOTE,4.214285714285714
BORDERLINE1,4.571428571428571
DELAUNAY,4.642857142857143
BORDERLINE2,4.714285714285714
