index,0
SMOTE,3.2142857142857144
BORDERLINE1,3.2142857142857144
BORDERLINE2,3.357142857142857
GEOSMOTE,4.428571428571429
DELAUNAY,4.428571428571429
SMOTE_SVM,4.642857142857143
ORIGINAL,4.714285714285714
