index,0
DELAUNAY,3.0714285714285716
BORDERLINE2,3.642857142857143
SMOTE,3.7857142857142856
BORDERLINE1,4.0
GEOSMOTE,4.357142857142857
ORIGINAL,4.571428571428571
SMOTE_SVM,4.571428571428571
