index,0
BORDERLINE1,2.642857142857143
DELAUNAY,3.5714285714285716
BORDERLINE2,3.642857142857143
SMOTE_SVM,4.071428571428571
SMOTE,4.571428571428571
GEOSMOTE,4.642857142857143
ORIGINAL,4.857142857142857
