DATASET,ALGORITHM,ORIGINAL,RANK_ORIGINAL,SMOTE,RANK_SMOTE,SMOTE_SVM,RANK_SMOTE_SVM,BORDERLINE1,RANK_BORDERLINE1,BORDERLINE2,RANK_BORDERLINE2,GEOSMOTE,RANK_GEOSMOTE,DELAUNAY,RANK_DELAUNAY,DELAUNAY_TYPE,ALPHA,unit
contraceptive,DTREE,0.212,1.0,0.20800000000000002,4.0,0.196,6.0,0.194,7.0,0.21,2.5,0.202,5.0,0.21,2.5,area_volume_ratio,4,REC
dermatology,DTREE,0.5040000000000001,1.0,0.502,2.0,0.4940000000000001,4.0,0.4940000000000001,4.0,0.4940000000000001,4.0,0.4900000000000001,6.5,0.49,6.5,area_volume_ratio,4,REC
glass,DTREE,0.276,4.5,0.28,3.0,0.258,6.0,0.314,1.0,0.29200000000000004,2.0,0.276,4.5,0.254,7.0,area_volume_ratio,4,REC
new-thyroid,DTREE,0.118,7.0,0.136,4.0,0.14,2.0,0.136,4.0,0.146,1.0,0.136,4.0,0.122,6.0,area_volume_ratio,4,REC
penbased,DTREE,0.726,1.0,0.716,3.0,0.71,7.0,0.7120000000000001,6.0,0.7140000000000001,4.5,0.7240000000000001,2.0,0.7140000000000001,4.5,area_volume_ratio,4,REC
thyroid,DTREE,0.91,1.5,0.902,4.5,0.902,4.5,0.91,1.5,0.898,6.0,0.904,3.0,0.8960000000000001,7.0,area_volume_ratio,4,REC
wine,DTREE,0.292,4.0,0.29600000000000004,2.5,0.28200000000000003,6.0,0.298,1.0,0.282,6.0,0.29600000000000004,2.5,0.28200000000000003,6.0,area_volume_ratio,4,REC
