index,0
ORIGINAL,2.5714285714285716
SMOTE,2.9285714285714284
BORDERLINE1,3.7857142857142856
DELAUNAY,4.071428571428571
BORDERLINE2,4.214285714285714
GEOSMOTE,4.357142857142857
SMOTE_SVM,6.071428571428571
