index,0
SMOTE,2.5714285714285716
BORDERLINE1,3.5
GEOSMOTE,3.642857142857143
DELAUNAY,3.7142857142857144
BORDERLINE2,4.142857142857143
SMOTE_SVM,5.0
ORIGINAL,5.428571428571429
