index,0
BORDERLINE2,3.5714285714285716
ORIGINAL,3.7142857142857144
SMOTE,3.7142857142857144
DELAUNAY,4.0
SMOTE_SVM,4.071428571428571
BORDERLINE1,4.142857142857143
GEOSMOTE,4.785714285714286
