index,0
BORDERLINE1,2.5714285714285716
DELAUNAY,3.5714285714285716
SMOTE_SVM,4.0
BORDERLINE2,4.0
GEOSMOTE,4.357142857142857
SMOTE,4.642857142857143
ORIGINAL,4.857142857142857
