index,0
ORIGINAL,3.642857142857143
SMOTE,3.7142857142857144
BORDERLINE2,3.9285714285714284
BORDERLINE1,4.0
SMOTE_SVM,4.142857142857143
GEOSMOTE,4.142857142857143
DELAUNAY,4.428571428571429
