DATASET,ALGORITHM,ORIGINAL,RANK_ORIGINAL,SMOTE,RANK_SMOTE,SMOTE_SVM,RANK_SMOTE_SVM,BORDERLINE1,RANK_BORDERLINE1,BORDERLINE2,RANK_BORDERLINE2,GEOSMOTE,RANK_GEOSMOTE,DELAUNAY,RANK_DELAUNAY,DELAUNAY_TYPE,ALPHA,unit
contraceptive,GNB,0.2,2.0,0.196,4.5,0.194,6.5,0.198,3.0,0.196,4.5,0.202,1.0,0.194,6.5,area,9,PRE
dermatology,GNB,0.4560000000000001,4.5,0.46,2.5,0.4560000000000001,4.5,0.46,2.5,0.446,6.0,0.442,7.0,0.4920000000000001,1.0,area,9,PRE
glass,GNB,0.292,6.0,0.32,2.0,0.34,1.0,0.316,3.0,0.3,4.5,0.276,7.0,0.3,4.5,area,9,PRE
new-thyroid,GNB,0.136,4.0,0.136,4.0,0.136,4.0,0.136,4.0,0.132,7.0,0.136,4.0,0.138,1.0,area,9,PRE
penbased,GNB,0.7040000000000001,5.0,0.7060000000000001,3.5,0.7020000000000001,6.5,0.7020000000000001,6.5,0.7060000000000001,3.5,0.708,1.5,0.708,1.5,area,9,PRE
thyroid,GNB,0.8160000000000001,7.0,0.818,6.0,0.8240000000000001,5.0,0.8619999999999999,3.0,0.8639999999999999,2.0,0.884,1.0,0.86,4.0,area,9,PRE
wine,GNB,0.28400000000000003,4.5,0.28800000000000003,2.0,0.28200000000000003,6.0,0.28800000000000003,2.0,0.28800000000000003,2.0,0.26,7.0,0.28400000000000003,4.5,area,9,PRE
