DATASET,ALGORITHM,ORIGINAL,RANK_ORIGINAL,SMOTE,RANK_SMOTE,SMOTE_SVM,RANK_SMOTE_SVM,BORDERLINE1,RANK_BORDERLINE1,BORDERLINE2,RANK_BORDERLINE2,GEOSMOTE,RANK_GEOSMOTE,DELAUNAY,RANK_DELAUNAY,DELAUNAY_TYPE,ALPHA,unit
contraceptive,GNB,0.2,2.0,0.196,5.0,0.194,7.0,0.198,3.0,0.196,5.0,0.202,1.0,0.196,5.0,radius_ratio,1,PRE
dermatology,GNB,0.4560000000000001,3.5,0.46,1.5,0.4560000000000001,3.5,0.46,1.5,0.446,5.5,0.442,7.0,0.446,5.5,radius_ratio,1,PRE
glass,GNB,0.292,6.0,0.32,2.0,0.34,1.0,0.316,4.0,0.3,5.0,0.276,7.0,0.3180000000000001,3.0,radius_ratio,1,PRE
new-thyroid,GNB,0.136,3.0,0.136,3.0,0.136,3.0,0.136,3.0,0.132,6.5,0.136,3.0,0.132,6.5,radius_ratio,1,PRE
penbased,GNB,0.7040000000000001,5.0,0.7060000000000001,3.5,0.7020000000000001,6.5,0.7020000000000001,6.5,0.7060000000000001,3.5,0.708,2.0,0.71,1.0,radius_ratio,1,PRE
thyroid,GNB,0.8160000000000001,7.0,0.818,6.0,0.8240000000000001,5.0,0.8619999999999999,4.0,0.8639999999999999,3.0,0.884,1.0,0.8740000000000001,2.0,radius_ratio,1,PRE
wine,GNB,0.28400000000000003,4.0,0.28800000000000003,2.0,0.28200000000000003,5.0,0.28800000000000003,2.0,0.28800000000000003,2.0,0.26,7.0,0.262,6.0,radius_ratio,1,PRE
