index,0
SMOTE,2.4285714285714284
BORDERLINE1,3.2142857142857144
ORIGINAL,3.5714285714285716
BORDERLINE2,4.214285714285714
SMOTE_SVM,4.285714285714286
GEOSMOTE,5.0
DELAUNAY,5.285714285714286
