index,0
BORDERLINE2,3.5
SMOTE,3.642857142857143
DELAUNAY,3.7142857142857144
GEOSMOTE,3.9285714285714284
SMOTE_SVM,4.0
BORDERLINE1,4.428571428571429
ORIGINAL,4.785714285714286
