index,0
ORIGINAL,2.357142857142857
SMOTE,2.857142857142857
BORDERLINE1,3.642857142857143
GEOSMOTE,4.071428571428571
BORDERLINE2,4.142857142857143
DELAUNAY,5.142857142857143
SMOTE_SVM,5.785714285714286
