index,0
ORIGINAL,2.5
SMOTE,3.0
BORDERLINE1,3.7142857142857144
BORDERLINE2,3.9285714285714284
GEOSMOTE,4.142857142857143
DELAUNAY,4.785714285714286
SMOTE_SVM,5.928571428571429
