index,0
ORIGINAL,3.0714285714285716
SMOTE,3.2142857142857144
BORDERLINE1,3.5714285714285716
BORDERLINE2,3.642857142857143
GEOSMOTE,4.285714285714286
DELAUNAY,4.642857142857143
SMOTE_SVM,5.571428571428571
