index,0
BORDERLINE1,3.0
SMOTE_SVM,3.7857142857142856
BORDERLINE2,4.0
DELAUNAY,4.071428571428571
ORIGINAL,4.285714285714286
GEOSMOTE,4.285714285714286
SMOTE,4.571428571428571
