index,0
SMOTE,3.2857142857142856
ORIGINAL,3.4285714285714284
SMOTE_SVM,3.857142857142857
GEOSMOTE,3.857142857142857
BORDERLINE2,4.071428571428571
BORDERLINE1,4.357142857142857
DELAUNAY,5.142857142857143
