index,0
BORDERLINE1,3.2142857142857144
BORDERLINE2,3.2857142857142856
SMOTE,3.357142857142857
GEOSMOTE,3.5
ORIGINAL,4.428571428571429
DELAUNAY,5.071428571428571
SMOTE_SVM,5.142857142857143
