index,0
SMOTE,3.142857142857143
ORIGINAL,3.2142857142857144
BORDERLINE1,3.5
BORDERLINE2,3.642857142857143
DELAUNAY,4.428571428571429
GEOSMOTE,4.5
SMOTE_SVM,5.571428571428571
