index,0
BORDERLINE1,2.2142857142857144
BORDERLINE2,3.5714285714285716
SMOTE_SVM,3.7857142857142856
GEOSMOTE,4.214285714285714
SMOTE,4.428571428571429
ORIGINAL,4.714285714285714
DELAUNAY,5.071428571428571
