index,0
SMOTE_SVM,3.2142857142857144
BORDERLINE1,3.5714285714285716
BORDERLINE2,3.642857142857143
GEOSMOTE,4.0
SMOTE,4.285714285714286
DELAUNAY,4.428571428571429
ORIGINAL,4.857142857142857
