index,0
ORIGINAL,2.5714285714285716
SMOTE,2.857142857142857
BORDERLINE1,3.9285714285714284
BORDERLINE2,4.142857142857143
GEOSMOTE,4.214285714285714
DELAUNAY,4.285714285714286
SMOTE_SVM,6.0
