index,0
ORIGINAL,3.142857142857143
SMOTE,3.4285714285714284
BORDERLINE1,3.5714285714285716
BORDERLINE2,3.642857142857143
DELAUNAY,4.214285714285714
GEOSMOTE,4.428571428571429
SMOTE_SVM,5.571428571428571
