DATASET,ALGORITHM,ORIGINAL,RANK_ORIGINAL,SMOTE,RANK_SMOTE,SMOTE_SVM,RANK_SMOTE_SVM,BORDERLINE1,RANK_BORDERLINE1,BORDERLINE2,RANK_BORDERLINE2,GEOSMOTE,RANK_GEOSMOTE,DELAUNAY,RANK_DELAUNAY,DELAUNAY_TYPE,ALPHA,unit
contraceptive,GNB,0.198,2.0,0.19,4.0,0.19,4.0,0.188,6.5,0.188,6.5,0.2,1.0,0.19,4.0,edge_ratio,1,F1
dermatology,GNB,0.4779999999999999,3.5,0.48200000000000004,1.5,0.4779999999999999,3.5,0.48200000000000004,1.5,0.454,5.0,0.402,7.0,0.404,6.0,edge_ratio,1,F1
glass,GNB,0.30600000000000005,5.5,0.314,3.0,0.34,1.5,0.312,4.0,0.29600000000000004,7.0,0.30600000000000005,5.5,0.34,1.5,edge_ratio,1,F1
new-thyroid,GNB,0.13,5.5,0.132,2.5,0.132,2.5,0.132,2.5,0.13,5.5,0.128,7.0,0.132,2.5,edge_ratio,1,F1
penbased,GNB,0.6839999999999999,6.0,0.6859999999999999,3.5,0.6839999999999999,6.0,0.6839999999999999,6.0,0.6859999999999999,3.5,0.69,1.0,0.688,2.0,edge_ratio,1,F1
thyroid,GNB,0.202,7.0,0.204,6.0,0.2240000000000001,5.0,0.302,2.0,0.3,3.0,0.38,1.0,0.292,4.0,edge_ratio,1,F1
wine,GNB,0.28800000000000003,4.0,0.29,3.0,0.28600000000000003,5.0,0.294,1.5,0.294,1.5,0.278,7.0,0.28,6.0,edge_ratio,1,F1
