index,0
SMOTE,2.5714285714285716
BORDERLINE1,3.2857142857142856
ORIGINAL,3.7142857142857144
SMOTE_SVM,4.428571428571429
BORDERLINE2,4.428571428571429
DELAUNAY,4.428571428571429
GEOSMOTE,5.142857142857143
