index,0
SMOTE_SVM,3.142857142857143
BORDERLINE1,3.5
ORIGINAL,3.857142857142857
BORDERLINE2,4.0
DELAUNAY,4.142857142857143
SMOTE,4.5
GEOSMOTE,4.857142857142857
