DATASET,ALGORITHM,ORIGINAL,RANK_ORIGINAL,SMOTE,RANK_SMOTE,SMOTE_SVM,RANK_SMOTE_SVM,BORDERLINE1,RANK_BORDERLINE1,BORDERLINE2,RANK_BORDERLINE2,GEOSMOTE,RANK_GEOSMOTE,DELAUNAY,RANK_DELAUNAY,DELAUNAY_TYPE,ALPHA,unit
contraceptive,LRG,0.21,7.0,0.21600000000000005,5.5,0.21600000000000005,5.5,0.21800000000000005,4.0,0.22000000000000008,2.0,0.22000000000000008,2.0,0.22,2.0,min_solid_angle,9,F1
dermatology,LRG,0.3120000000000001,7.0,0.502,2.0,0.496,3.5,0.476,5.0,0.46799999999999997,6.0,0.496,3.5,0.504,1.0,min_solid_angle,9,F1
glass,LRG,0.0,4.0,0.0,4.0,0.0,4.0,0.0,4.0,0.0,4.0,0.0,4.0,0.0,4.0,min_solid_angle,9,F1
new-thyroid,LRG,0.05,7.0,0.132,4.5,0.14200000000000002,3.0,0.14400000000000002,1.5,0.14400000000000002,1.5,0.126,6.0,0.132,4.5,min_solid_angle,9,F1
penbased,LRG,0.6679999999999999,7.0,0.6860000000000002,1.0,0.6799999999999999,6.0,0.682,4.0,0.682,4.0,0.682,4.0,0.6839999999999999,2.0,min_solid_angle,9,F1
thyroid,LRG,0.892,1.0,0.8460000000000001,4.5,0.8859999999999999,2.0,0.8340000000000001,7.0,0.836,6.0,0.85,3.0,0.8459999999999999,4.5,min_solid_angle,9,F1
wine,LRG,0.0,7.0,0.048,4.0,0.048,4.0,0.054000000000000006,1.0,0.048,4.0,0.048,4.0,0.048,4.0,min_solid_angle,9,F1
