index,0
ORIGINAL,2.9285714285714284
GEOSMOTE,3.7142857142857144
BORDERLINE1,3.9285714285714284
DELAUNAY,4.0
SMOTE_SVM,4.071428571428571
SMOTE,4.142857142857143
BORDERLINE2,5.214285714285714
