DATASET,ALGORITHM,ORIGINAL,RANK_ORIGINAL,SMOTE,RANK_SMOTE,SMOTE_SVM,RANK_SMOTE_SVM,BORDERLINE1,RANK_BORDERLINE1,BORDERLINE2,RANK_BORDERLINE2,GEOSMOTE,RANK_GEOSMOTE,DELAUNAY,RANK_DELAUNAY,DELAUNAY_TYPE,ALPHA,unit
contraceptive,SGD,0.16,5.0,0.162,4.0,0.142,7.0,0.172,2.0,0.16599999999999998,3.0,0.146,6.0,0.188,1.0,solid_angle,9,F1
dermatology,SGD,0.306,7.0,0.374,5.0,0.466,1.5,0.466,1.5,0.364,6.0,0.4380000000000001,4.0,0.456,3.0,solid_angle,9,F1
glass,SGD,0.23000000000000004,1.0,0.11800000000000002,7.0,0.18600000000000005,3.0,0.21,2.0,0.158,5.0,0.132,6.0,0.174,4.0,solid_angle,9,F1
new-thyroid,SGD,0.10400000000000001,6.0,0.136,2.0,0.1,7.0,0.124,4.5,0.14200000000000002,1.0,0.124,4.5,0.132,3.0,solid_angle,9,F1
penbased,SGD,0.6340000000000001,7.0,0.672,4.0,0.6900000000000001,1.0,0.6559999999999999,6.0,0.6619999999999999,5.0,0.6779999999999999,3.0,0.68,2.0,solid_angle,9,F1
thyroid,SGD,0.8939999999999999,1.0,0.7859999999999999,5.0,0.7879999999999999,4.0,0.7540000000000001,6.0,0.82,3.0,0.6859999999999999,7.0,0.8219999999999998,2.0,solid_angle,9,F1
wine,SGD,0.106,4.0,0.06400000000000003,5.0,0.128,2.0,0.172,1.0,0.052000000000000005,6.0,0.124,3.0,0.044000000000000004,7.0,solid_angle,9,F1
