index,0
ORIGINAL,3.0
SMOTE,3.357142857142857
BORDERLINE1,3.4285714285714284
BORDERLINE2,3.7857142857142856
GEOSMOTE,3.857142857142857
SMOTE_SVM,5.0
DELAUNAY,5.571428571428571
