index,0
BORDERLINE2,3.5
SMOTE,3.642857142857143
GEOSMOTE,3.857142857142857
DELAUNAY,3.857142857142857
SMOTE_SVM,4.0
BORDERLINE1,4.428571428571429
ORIGINAL,4.714285714285714
