index,0
DELAUNAY,3.357142857142857
SMOTE,3.5
BORDERLINE1,3.642857142857143
SMOTE_SVM,4.0
GEOSMOTE,4.0
BORDERLINE2,4.714285714285714
ORIGINAL,4.785714285714286
