index,0
BORDERLINE2,2.4285714285714284
BORDERLINE1,2.7142857142857144
GEOSMOTE,4.071428571428571
SMOTE,4.142857142857143
DELAUNAY,4.285714285714286
SMOTE_SVM,4.642857142857143
ORIGINAL,5.714285714285714
