index,0
DELAUNAY,3.142857142857143
SMOTE_SVM,3.4285714285714284
ORIGINAL,3.642857142857143
BORDERLINE1,3.857142857142857
SMOTE,4.571428571428571
BORDERLINE2,4.642857142857143
GEOSMOTE,4.714285714285714
