index,0
BORDERLINE2,3.2857142857142856
SMOTE,3.4285714285714284
DELAUNAY,3.4285714285714284
BORDERLINE1,3.7142857142857144
SMOTE_SVM,4.285714285714286
GEOSMOTE,4.571428571428571
ORIGINAL,5.285714285714286
