index,0
ORIGINAL,2.642857142857143
GEOSMOTE,3.5714285714285716
SMOTE_SVM,3.7857142857142856
BORDERLINE1,3.7857142857142856
SMOTE,3.9285714285714284
BORDERLINE2,5.0
DELAUNAY,5.285714285714286
