index,0
BORDERLINE2,3.5
SMOTE,3.642857142857143
GEOSMOTE,3.7142857142857144
SMOTE_SVM,3.9285714285714284
DELAUNAY,4.214285714285714
BORDERLINE1,4.428571428571429
ORIGINAL,4.571428571428571
