index,0
BORDERLINE1,2.857142857142857
BORDERLINE2,3.142857142857143
SMOTE_SVM,3.5714285714285716
SMOTE,4.0
GEOSMOTE,4.0
DELAUNAY,4.571428571428571
ORIGINAL,5.857142857142857
