index,0
SMOTE,2.642857142857143
DELAUNAY,3.2857142857142856
BORDERLINE1,3.5714285714285716
GEOSMOTE,3.642857142857143
BORDERLINE2,4.285714285714286
SMOTE_SVM,5.142857142857143
ORIGINAL,5.428571428571429
