index,0
SMOTE,2.7142857142857144
DELAUNAY,3.0
BORDERLINE1,3.5714285714285716
GEOSMOTE,3.857142857142857
BORDERLINE2,4.142857142857143
SMOTE_SVM,5.142857142857143
ORIGINAL,5.571428571428571
