index,0
SMOTE_SVM,3.2857142857142856
ORIGINAL,3.5
DELAUNAY,3.5714285714285716
BORDERLINE1,3.7857142857142856
SMOTE,4.571428571428571
GEOSMOTE,4.571428571428571
BORDERLINE2,4.714285714285714
