index,0
ORIGINAL,3.2142857142857144
SMOTE,3.2142857142857144
BORDERLINE1,3.5714285714285716
BORDERLINE2,3.7142857142857144
GEOSMOTE,4.428571428571429
DELAUNAY,4.428571428571429
SMOTE_SVM,5.428571428571429
