index,0
DELAUNAY,3.0714285714285716
BORDERLINE2,3.642857142857143
SMOTE,3.7857142857142856
BORDERLINE1,4.0
ORIGINAL,4.428571428571429
GEOSMOTE,4.5
SMOTE_SVM,4.571428571428571
