index,0
SMOTE,3.2142857142857144
DELAUNAY,3.357142857142857
SMOTE_SVM,3.5714285714285716
GEOSMOTE,4.0
BORDERLINE1,4.214285714285714
BORDERLINE2,4.357142857142857
ORIGINAL,5.285714285714286
