index,0
BORDERLINE1,2.7857142857142856
BORDERLINE2,3.0
SMOTE_SVM,3.5
GEOSMOTE,3.9285714285714284
SMOTE,4.0
DELAUNAY,4.928571428571429
ORIGINAL,5.857142857142857
