index,0
DELAUNAY,3.5
BORDERLINE2,3.642857142857143
SMOTE,3.7142857142857144
BORDERLINE1,3.9285714285714284
GEOSMOTE,4.285714285714286
ORIGINAL,4.428571428571429
SMOTE_SVM,4.5
