DATASET,ALGORITHM,ORIGINAL,RANK_ORIGINAL,SMOTE,RANK_SMOTE,SMOTE_SVM,RANK_SMOTE_SVM,BORDERLINE1,RANK_BORDERLINE1,BORDERLINE2,RANK_BORDERLINE2,GEOSMOTE,RANK_GEOSMOTE,DELAUNAY,RANK_DELAUNAY,DELAUNAY_TYPE,ALPHA,unit
contraceptive,RF,0.202,1.0,0.198,2.0,0.194,5.0,0.194,5.0,0.194,5.0,0.192,7.0,0.196,3.0,area,1,PRE
dermatology,RF,0.522,4.0,0.522,4.0,0.522,4.0,0.524,1.0,0.518,7.0,0.522,4.0,0.522,4.0,area,1,PRE
glass,RF,0.28600000000000003,3.0,0.276,5.0,0.284,4.0,0.29600000000000004,2.0,0.298,1.0,0.254,7.0,0.258,6.0,area,1,PRE
new-thyroid,RF,0.136,2.0,0.136,2.0,0.132,4.5,0.136,2.0,0.122,7.0,0.128,6.0,0.132,4.5,area,1,PRE
penbased,RF,0.7759999999999999,2.0,0.774,5.0,0.7760000000000001,2.0,0.7760000000000001,2.0,0.774,5.0,0.774,5.0,0.772,7.0,area,1,PRE
thyroid,RF,0.9,7.0,0.908,2.0,0.904,3.5,0.904,3.5,0.9179999999999999,1.0,0.902,5.5,0.902,5.5,area,1,PRE
wine,RF,0.294,1.0,0.272,3.5,0.272,3.5,0.27,5.5,0.27,5.5,0.266,7.0,0.274,2.0,area,1,PRE
