index,0
SMOTE_SVM,2.7857142857142856
BORDERLINE1,3.5714285714285716
BORDERLINE2,3.7857142857142856
DELAUNAY,4.071428571428571
SMOTE,4.214285714285714
GEOSMOTE,4.285714285714286
ORIGINAL,5.285714285714286
