index,0
SMOTE_SVM,3.2142857142857144
BORDERLINE1,3.357142857142857
ORIGINAL,3.857142857142857
BORDERLINE2,3.857142857142857
DELAUNAY,4.428571428571429
SMOTE,4.571428571428571
GEOSMOTE,4.714285714285714
