index,0
SMOTE_SVM,3.2857142857142856
ORIGINAL,3.5
DELAUNAY,3.642857142857143
BORDERLINE1,3.7142857142857144
SMOTE,4.571428571428571
BORDERLINE2,4.571428571428571
GEOSMOTE,4.714285714285714
