index,0
GEOSMOTE,2.7142857142857144
DELAUNAY,3.5714285714285716
SMOTE,3.642857142857143
BORDERLINE1,3.857142857142857
BORDERLINE2,4.0
SMOTE_SVM,4.071428571428571
ORIGINAL,6.142857142857143
