index,0
ORIGINAL,3.2857142857142856
SMOTE,3.5
GEOSMOTE,3.857142857142857
SMOTE_SVM,3.9285714285714284
BORDERLINE2,4.0
BORDERLINE1,4.285714285714286
DELAUNAY,5.142857142857143
