index,0
SMOTE_SVM,3.4285714285714284
ORIGINAL,3.642857142857143
BORDERLINE1,3.642857142857143
DELAUNAY,3.642857142857143
BORDERLINE2,4.5
SMOTE,4.571428571428571
GEOSMOTE,4.571428571428571
