index,0
BORDERLINE2,2.5714285714285716
BORDERLINE1,2.7142857142857144
DELAUNAY,3.857142857142857
SMOTE,4.214285714285714
GEOSMOTE,4.214285714285714
SMOTE_SVM,4.714285714285714
ORIGINAL,5.714285714285714
