index,0
GEOSMOTE,2.0714285714285716
ORIGINAL,3.7857142857142856
SMOTE_SVM,4.071428571428571
SMOTE,4.357142857142857
DELAUNAY,4.357142857142857
BORDERLINE2,4.428571428571429
BORDERLINE1,4.928571428571429
