index,0
GEOSMOTE,2.142857142857143
DELAUNAY,3.0714285714285716
ORIGINAL,3.2857142857142856
SMOTE,4.714285714285714
SMOTE_SVM,4.714285714285714
BORDERLINE2,4.928571428571429
BORDERLINE1,5.142857142857143
