DATASET,ALGORITHM,ORIGINAL,RANK_ORIGINAL,SMOTE,RANK_SMOTE,SMOTE_SVM,RANK_SMOTE_SVM,BORDERLINE1,RANK_BORDERLINE1,BORDERLINE2,RANK_BORDERLINE2,GEOSMOTE,RANK_GEOSMOTE,DELAUNAY,RANK_DELAUNAY,DELAUNAY_TYPE,ALPHA,unit
contraceptive,ABC,0.192,7.0,0.2,3.5,0.2,3.5,0.2,3.5,0.2,3.5,0.20800000000000002,1.0,0.194,6.0,aspect_ratio,9,PRE
dermatology,ABC,0.3640000000000001,1.5,0.3640000000000001,1.5,0.29600000000000004,5.0,0.29800000000000004,4.0,0.21800000000000005,6.0,0.326,3.0,0.172,7.0,aspect_ratio,9,PRE
glass,ABC,0.21600000000000005,6.0,0.23600000000000004,3.5,0.264,1.0,0.23399999999999999,5.0,0.238,2.0,0.198,7.0,0.236,3.5,aspect_ratio,9,PRE
new-thyroid,ABC,0.14,3.0,0.132,5.0,0.16,1.0,0.136,4.0,0.094,7.0,0.096,6.0,0.14400000000000002,2.0,aspect_ratio,9,PRE
penbased,ABC,0.14200000000000002,2.0,0.13,6.0,0.13,6.0,0.13,6.0,0.132,3.5,0.14400000000000002,1.0,0.132,3.5,aspect_ratio,9,PRE
thyroid,ABC,0.9,6.0,0.906,5.0,0.8940000000000001,7.0,0.912,3.0,0.914,1.5,0.908,4.0,0.914,1.5,aspect_ratio,9,PRE
wine,ABC,0.29600000000000004,1.0,0.278,2.0,0.272,5.0,0.272,5.0,0.276,3.0,0.256,7.0,0.272,5.0,aspect_ratio,9,PRE
