DATASET,ALGORITHM,ORIGINAL,RANK_ORIGINAL,SMOTE,RANK_SMOTE,SMOTE_SVM,RANK_SMOTE_SVM,BORDERLINE1,RANK_BORDERLINE1,BORDERLINE2,RANK_BORDERLINE2,GEOSMOTE,RANK_GEOSMOTE,DELAUNAY,RANK_DELAUNAY,DELAUNAY_TYPE,ALPHA,unit
contraceptive,MLP,0.16799999999999998,1.0,0.15800000000000006,4.5,0.15600000000000006,7.0,0.158,4.5,0.15800000000000006,4.5,0.16,2.0,0.15800000000000006,4.5,volume,4,IBA
dermatology,MLP,0.512,2.5,0.512,2.5,0.51,4.0,0.508,5.5,0.506,7.0,0.518,1.0,0.508,5.5,volume,4,IBA
glass,MLP,0.14200000000000002,7.0,0.26,1.0,0.242,6.0,0.256,2.0,0.246,4.5,0.246,4.5,0.254,3.0,volume,4,IBA
new-thyroid,MLP,0.092,7.0,0.124,3.0,0.122,4.5,0.132,2.0,0.138,1.0,0.122,4.5,0.114,6.0,volume,4,IBA
penbased,MLP,0.7540000000000001,7.0,0.764,3.5,0.77,1.0,0.762,5.5,0.768,2.0,0.762,5.5,0.7639999999999999,3.5,volume,4,IBA
thyroid,MLP,0.24,7.0,0.63,2.0,0.546,5.0,0.61,3.5,0.61,3.5,0.6319999999999999,1.0,0.354,6.0,volume,4,IBA
wine,MLP,0.068,7.0,0.154,4.0,0.16,3.0,0.16199999999999998,2.0,0.16799999999999998,1.0,0.138,6.0,0.15,5.0,volume,4,IBA
