index,0
DELAUNAY,3.2142857142857144
ORIGINAL,3.642857142857143
SMOTE,3.7857142857142856
GEOSMOTE,4.071428571428571
SMOTE_SVM,4.285714285714286
BORDERLINE2,4.357142857142857
BORDERLINE1,4.642857142857143
