index,0
SMOTE,3.5714285714285716
BORDERLINE2,3.5714285714285716
GEOSMOTE,3.7857142857142856
SMOTE_SVM,3.9285714285714284
BORDERLINE1,4.214285714285714
DELAUNAY,4.357142857142857
ORIGINAL,4.571428571428571
