index,0
ORIGINAL,2.642857142857143
SMOTE,2.9285714285714284
BORDERLINE1,3.7857142857142856
BORDERLINE2,4.142857142857143
GEOSMOTE,4.357142857142857
DELAUNAY,4.357142857142857
SMOTE_SVM,5.785714285714286
