DATASET,ALGORITHM,ORIGINAL,RANK_ORIGINAL,SMOTE,RANK_SMOTE,SMOTE_SVM,RANK_SMOTE_SVM,BORDERLINE1,RANK_BORDERLINE1,BORDERLINE2,RANK_BORDERLINE2,GEOSMOTE,RANK_GEOSMOTE,DELAUNAY,RANK_DELAUNAY,DELAUNAY_TYPE,ALPHA,unit
contraceptive,SVM,0.772,4.5,0.77,7.0,0.772,4.5,0.774,1.5,0.774,1.5,0.772,4.5,0.772,4.5,min_solid_angle,1,SPE
dermatology,SVM,0.8320000000000001,7.0,0.8399999999999999,3.0,0.8400000000000001,3.0,0.8400000000000001,3.0,0.8379999999999999,5.0,0.8420000000000001,1.0,0.836,6.0,min_solid_angle,1,SPE
glass,SVM,1.0,4.0,1.0,4.0,1.0,4.0,1.0,4.0,1.0,4.0,1.0,4.0,1.0,4.0,min_solid_angle,1,SPE
new-thyroid,SVM,0.8400000000000001,7.0,0.8479999999999999,3.5,0.8479999999999999,3.5,0.8479999999999999,3.5,0.8479999999999999,3.5,0.8479999999999999,3.5,0.8479999999999999,3.5,min_solid_angle,1,SPE
penbased,SVM,0.968,7.0,0.976,5.0,0.978,2.0,0.978,2.0,0.978,2.0,0.976,5.0,0.976,5.0,min_solid_angle,1,SPE
thyroid,SVM,0.07400000000000001,7.0,0.14600000000000002,4.0,0.11,5.0,0.18,1.0,0.162,2.5,0.162,2.5,0.092,6.0,min_solid_angle,1,SPE
wine,SVM,1.0,4.0,1.0,4.0,1.0,4.0,1.0,4.0,1.0,4.0,1.0,4.0,1.0,4.0,min_solid_angle,1,SPE
