index,0
DELAUNAY,3.0714285714285716
SMOTE,3.4285714285714284
GEOSMOTE,3.4285714285714284
BORDERLINE1,3.5714285714285716
SMOTE_SVM,4.285714285714286
BORDERLINE2,4.357142857142857
ORIGINAL,5.857142857142857
