index,0
SMOTE,3.357142857142857
GEOSMOTE,3.357142857142857
DELAUNAY,3.4285714285714284
BORDERLINE1,3.5
SMOTE_SVM,4.214285714285714
BORDERLINE2,4.285714285714286
ORIGINAL,5.857142857142857
