index,0
GEOSMOTE,2.2857142857142856
DELAUNAY,3.357142857142857
ORIGINAL,3.9285714285714284
SMOTE_SVM,4.214285714285714
SMOTE,4.5
BORDERLINE2,4.642857142857143
BORDERLINE1,5.071428571428571
