index,0
DELAUNAY,2.857142857142857
BORDERLINE1,3.2142857142857144
BORDERLINE2,3.2142857142857144
SMOTE,3.7142857142857144
GEOSMOTE,3.9285714285714284
SMOTE_SVM,4.5
ORIGINAL,6.571428571428571
