index,0
BORDERLINE1,2.5714285714285716
DELAUNAY,3.5
SMOTE_SVM,3.642857142857143
GEOSMOTE,3.7857142857142856
BORDERLINE2,4.214285714285714
SMOTE,4.285714285714286
ORIGINAL,6.0
