index,0
DELAUNAY,3.142857142857143
BORDERLINE2,3.2142857142857144
SMOTE_SVM,3.357142857142857
SMOTE,4.071428571428571
BORDERLINE1,4.142857142857143
GEOSMOTE,4.571428571428571
ORIGINAL,5.5
