index,0
BORDERLINE2,3.5714285714285716
DELAUNAY,3.642857142857143
ORIGINAL,3.857142857142857
SMOTE,3.857142857142857
SMOTE_SVM,4.071428571428571
BORDERLINE1,4.071428571428571
GEOSMOTE,4.928571428571429
