index,0
DELAUNAY,2.7142857142857144
SMOTE,3.2857142857142856
BORDERLINE1,3.5
BORDERLINE2,3.642857142857143
GEOSMOTE,4.071428571428571
SMOTE_SVM,4.214285714285714
ORIGINAL,6.571428571428571
