index,0
BORDERLINE1,3.2142857142857144
DELAUNAY,3.2857142857142856
SMOTE,3.7857142857142856
SMOTE_SVM,4.0
BORDERLINE2,4.357142857142857
GEOSMOTE,4.571428571428571
ORIGINAL,4.785714285714286
