index,0
SMOTE_SVM,3.357142857142857
BORDERLINE1,3.642857142857143
BORDERLINE2,3.7142857142857144
DELAUNAY,3.857142857142857
GEOSMOTE,4.142857142857143
SMOTE,4.357142857142857
ORIGINAL,4.928571428571429
