index,0
SMOTE,2.642857142857143
DELAUNAY,3.142857142857143
BORDERLINE1,3.642857142857143
GEOSMOTE,3.642857142857143
BORDERLINE2,4.214285714285714
SMOTE_SVM,5.214285714285714
ORIGINAL,5.5
