index,0
SMOTE,3.2142857142857144
BORDERLINE1,3.642857142857143
GEOSMOTE,3.642857142857143
SMOTE_SVM,3.857142857142857
BORDERLINE2,3.857142857142857
DELAUNAY,4.071428571428571
ORIGINAL,5.714285714285714
