index,0
BORDERLINE1,2.5714285714285716
DELAUNAY,3.0714285714285716
SMOTE_SVM,3.7142857142857144
BORDERLINE2,4.142857142857143
GEOSMOTE,4.142857142857143
SMOTE,4.357142857142857
ORIGINAL,6.0
