index,0
SMOTE_SVM,3.2142857142857144
DELAUNAY,3.5
BORDERLINE1,3.7142857142857144
BORDERLINE2,3.9285714285714284
GEOSMOTE,4.5
ORIGINAL,4.571428571428571
SMOTE,4.571428571428571
