index,0
BORDERLINE1,3.0714285714285716
SMOTE_SVM,3.642857142857143
SMOTE,3.7857142857142856
BORDERLINE2,3.9285714285714284
DELAUNAY,4.357142857142857
GEOSMOTE,4.5
ORIGINAL,4.714285714285714
