index,0
DELAUNAY,3.0714285714285716
BORDERLINE1,3.142857142857143
BORDERLINE2,3.142857142857143
SMOTE,3.642857142857143
GEOSMOTE,3.857142857142857
SMOTE_SVM,4.571428571428571
ORIGINAL,6.571428571428571
