index,0
ORIGINAL,3.5714285714285716
SMOTE,3.5714285714285716
GEOSMOTE,3.857142857142857
BORDERLINE2,4.142857142857143
DELAUNAY,4.142857142857143
SMOTE_SVM,4.214285714285714
BORDERLINE1,4.5
