index,0
SMOTE_SVM,3.142857142857143
BORDERLINE1,3.5
ORIGINAL,3.7142857142857144
BORDERLINE2,3.857142857142857
SMOTE,4.357142857142857
GEOSMOTE,4.714285714285714
DELAUNAY,4.714285714285714
