index,0
DELAUNAY,2.642857142857143
SMOTE_SVM,3.2857142857142856
BORDERLINE1,3.7142857142857144
SMOTE,3.9285714285714284
GEOSMOTE,4.0
BORDERLINE2,4.285714285714286
ORIGINAL,6.142857142857143
