index,0
BORDERLINE2,2.857142857142857
SMOTE_SVM,3.142857142857143
SMOTE,3.7857142857142856
BORDERLINE1,3.857142857142857
GEOSMOTE,4.428571428571429
DELAUNAY,4.571428571428571
ORIGINAL,5.357142857142857
