index,0
ORIGINAL,3.0714285714285716
SMOTE,3.5
BORDERLINE1,3.7142857142857144
BORDERLINE2,4.071428571428571
GEOSMOTE,4.071428571428571
DELAUNAY,4.214285714285714
SMOTE_SVM,5.357142857142857
