index,0
DELAUNAY,3.2142857142857144
BORDERLINE1,3.5
BORDERLINE2,3.5
SMOTE,3.5714285714285716
GEOSMOTE,4.571428571428571
ORIGINAL,4.642857142857143
SMOTE_SVM,5.0
