index,0
BORDERLINE1,3.0
BORDERLINE2,3.142857142857143
SMOTE_SVM,3.5
GEOSMOTE,3.7857142857142856
SMOTE,4.0
DELAUNAY,4.714285714285714
ORIGINAL,5.857142857142857
