index,0
SMOTE_SVM,2.9285714285714284
BORDERLINE2,3.7142857142857144
BORDERLINE1,3.7857142857142856
SMOTE,4.214285714285714
ORIGINAL,4.357142857142857
GEOSMOTE,4.5
DELAUNAY,4.5
