index,0
SMOTE,2.5
BORDERLINE1,3.2857142857142856
GEOSMOTE,3.7857142857142856
BORDERLINE2,3.9285714285714284
DELAUNAY,4.285714285714286
SMOTE_SVM,4.857142857142857
ORIGINAL,5.357142857142857
