index,0
SMOTE,3.142857142857143
BORDERLINE2,3.642857142857143
DELAUNAY,3.642857142857143
BORDERLINE1,3.7857142857142856
GEOSMOTE,3.9285714285714284
ORIGINAL,4.857142857142857
SMOTE_SVM,5.0
