index,0
BORDERLINE2,3.5
SMOTE,3.642857142857143
ORIGINAL,3.7142857142857144
SMOTE_SVM,4.0
BORDERLINE1,4.142857142857143
DELAUNAY,4.285714285714286
GEOSMOTE,4.714285714285714
