index,0
SMOTE_SVM,3.142857142857143
SMOTE,3.5
BORDERLINE1,3.5
GEOSMOTE,3.642857142857143
DELAUNAY,4.0
BORDERLINE2,4.071428571428571
ORIGINAL,6.142857142857143
