index,0
SMOTE,2.9285714285714284
SMOTE_SVM,3.357142857142857
GEOSMOTE,3.642857142857143
BORDERLINE1,3.9285714285714284
BORDERLINE2,4.214285714285714
DELAUNAY,4.642857142857143
ORIGINAL,5.285714285714286
