index,0
BORDERLINE1,3.0
ORIGINAL,3.4285714285714284
DELAUNAY,3.857142857142857
BORDERLINE2,4.214285714285714
SMOTE,4.285714285714286
SMOTE_SVM,4.357142857142857
GEOSMOTE,4.857142857142857
