index,0
SMOTE,3.642857142857143
BORDERLINE2,3.642857142857143
DELAUNAY,3.642857142857143
GEOSMOTE,4.0
SMOTE_SVM,4.071428571428571
BORDERLINE1,4.428571428571429
ORIGINAL,4.571428571428571
