index,0
DELAUNAY,3.142857142857143
SMOTE_SVM,3.357142857142857
BORDERLINE1,3.857142857142857
BORDERLINE2,3.9285714285714284
SMOTE,4.428571428571429
ORIGINAL,4.571428571428571
GEOSMOTE,4.714285714285714
