index,0
SMOTE,3.0714285714285716
GEOSMOTE,3.142857142857143
BORDERLINE1,3.4285714285714284
SMOTE_SVM,3.857142857142857
BORDERLINE2,4.142857142857143
DELAUNAY,4.571428571428571
ORIGINAL,5.785714285714286
