DATASET,ALGORITHM,ORIGINAL,RANK_ORIGINAL,SMOTE,RANK_SMOTE,SMOTE_SVM,RANK_SMOTE_SVM,BORDERLINE1,RANK_BORDERLINE1,BORDERLINE2,RANK_BORDERLINE2,GEOSMOTE,RANK_GEOSMOTE,DELAUNAY,RANK_DELAUNAY,DELAUNAY_TYPE,ALPHA,unit
contraceptive,DTREE,0.198,1.0,0.196,2.0,0.182,6.5,0.182,6.5,0.194,3.0,0.188,4.0,0.18600000000000005,5.0,area,1,F1
dermatology,DTREE,0.5,2.0,0.504,1.0,0.488,5.5,0.4980000000000001,3.5,0.4980000000000001,3.5,0.488,5.5,0.486,7.0,area,1,F1
glass,DTREE,0.266,3.0,0.262,5.0,0.248,6.0,0.306,1.0,0.274,2.0,0.264,4.0,0.23399999999999999,7.0,area,1,F1
new-thyroid,DTREE,0.122,5.0,0.136,1.0,0.132,3.0,0.134,2.0,0.12,6.5,0.128,4.0,0.12,6.5,area,1,F1
penbased,DTREE,0.728,1.0,0.72,3.0,0.7099999999999999,5.5,0.7100000000000001,5.5,0.7140000000000001,4.0,0.722,2.0,0.708,7.0,area,1,F1
thyroid,DTREE,0.908,3.0,0.906,5.0,0.904,6.0,0.908,3.0,0.91,1.0,0.908,3.0,0.892,7.0,area,1,F1
wine,DTREE,0.29200000000000004,1.0,0.29000000000000004,2.0,0.284,5.0,0.28800000000000003,3.0,0.276,7.0,0.28600000000000003,4.0,0.28200000000000003,6.0,area,1,F1
