index,0
ORIGINAL,2.7857142857142856
GEOSMOTE,3.7142857142857144
BORDERLINE1,4.0
SMOTE,4.071428571428571
SMOTE_SVM,4.071428571428571
DELAUNAY,4.357142857142857
BORDERLINE2,5.0
