index,0
BORDERLINE1,3.142857142857143
BORDERLINE2,3.142857142857143
DELAUNAY,3.357142857142857
SMOTE,3.5
GEOSMOTE,3.857142857142857
SMOTE_SVM,4.428571428571429
ORIGINAL,6.571428571428571
