index,0
GEOSMOTE,2.142857142857143
DELAUNAY,3.5714285714285716
ORIGINAL,4.071428571428571
SMOTE,4.071428571428571
SMOTE_SVM,4.5
BORDERLINE2,4.714285714285714
BORDERLINE1,4.928571428571429
