index,0
BORDERLINE2,2.857142857142857
GEOSMOTE,3.0714285714285716
DELAUNAY,3.2857142857142856
BORDERLINE1,3.9285714285714284
SMOTE,4.642857142857143
SMOTE_SVM,5.071428571428571
ORIGINAL,5.142857142857143
