index,0
BORDERLINE1,2.7857142857142856
DELAUNAY,3.142857142857143
SMOTE_SVM,4.0
BORDERLINE2,4.0
GEOSMOTE,4.5
ORIGINAL,4.714285714285714
SMOTE,4.857142857142857
