index,0
GEOSMOTE,3.4285714285714284
ORIGINAL,3.7857142857142856
BORDERLINE1,3.857142857142857
SMOTE_SVM,3.9285714285714284
SMOTE,4.071428571428571
BORDERLINE2,4.428571428571429
DELAUNAY,4.5
