index,0
SMOTE,2.9285714285714284
BORDERLINE1,3.0714285714285716
BORDERLINE2,3.2857142857142856
GEOSMOTE,3.5
SMOTE_SVM,4.071428571428571
DELAUNAY,4.571428571428571
ORIGINAL,6.571428571428571
