index,0
BORDERLINE2,2.857142857142857
GEOSMOTE,3.0
BORDERLINE1,3.857142857142857
DELAUNAY,3.857142857142857
SMOTE,4.571428571428571
SMOTE_SVM,4.785714285714286
ORIGINAL,5.071428571428571
