index,0
DELAUNAY,2.857142857142857
SMOTE,3.357142857142857
ORIGINAL,4.071428571428571
BORDERLINE1,4.285714285714286
BORDERLINE2,4.285714285714286
GEOSMOTE,4.428571428571429
SMOTE_SVM,4.714285714285714
