index,0
GEOSMOTE,1.4285714285714286
DELAUNAY,3.142857142857143
ORIGINAL,3.2142857142857144
BORDERLINE2,4.5
SMOTE,4.714285714285714
SMOTE_SVM,5.214285714285714
BORDERLINE1,5.785714285714286
