index,0
SMOTE_SVM,3.0
BORDERLINE1,3.2142857142857144
ORIGINAL,3.7142857142857144
BORDERLINE2,4.0
SMOTE,4.5
DELAUNAY,4.714285714285714
GEOSMOTE,4.857142857142857
