index,0
SMOTE,2.4285714285714284
BORDERLINE1,3.4285714285714284
GEOSMOTE,3.7142857142857144
DELAUNAY,4.071428571428571
BORDERLINE2,4.142857142857143
SMOTE_SVM,4.857142857142857
ORIGINAL,5.357142857142857
