index,0
SMOTE,3.4285714285714284
BORDERLINE1,3.642857142857143
GEOSMOTE,3.7142857142857144
DELAUNAY,3.7142857142857144
BORDERLINE2,3.857142857142857
SMOTE_SVM,3.9285714285714284
ORIGINAL,5.714285714285714
