index,0
BORDERLINE1,2.857142857142857
ORIGINAL,3.5
DELAUNAY,3.7142857142857144
BORDERLINE2,4.214285714285714
SMOTE,4.285714285714286
SMOTE_SVM,4.357142857142857
GEOSMOTE,5.071428571428571
