index,0
DELAUNAY,2.9285714285714284
SMOTE,3.2142857142857144
BORDERLINE2,3.7142857142857144
BORDERLINE1,3.857142857142857
GEOSMOTE,4.142857142857143
ORIGINAL,4.928571428571429
SMOTE_SVM,5.214285714285714
