index,0
SMOTE_SVM,3.142857142857143
DELAUNAY,3.4285714285714284
BORDERLINE1,3.7142857142857144
BORDERLINE2,3.857142857142857
ORIGINAL,4.571428571428571
SMOTE,4.571428571428571
GEOSMOTE,4.714285714285714
