index,0
GEOSMOTE,2.0714285714285716
DELAUNAY,3.5714285714285716
ORIGINAL,4.0
SMOTE,4.142857142857143
SMOTE_SVM,4.5
BORDERLINE2,4.785714285714286
BORDERLINE1,4.928571428571429
