index,0
BORDERLINE1,2.4285714285714284
SMOTE_SVM,3.357142857142857
GEOSMOTE,3.642857142857143
SMOTE,3.857142857142857
BORDERLINE2,3.857142857142857
DELAUNAY,5.0
ORIGINAL,5.857142857142857
