index,0
BORDERLINE2,3.2142857142857144
SMOTE,3.5714285714285716
SMOTE_SVM,3.5714285714285716
BORDERLINE1,3.5714285714285716
DELAUNAY,3.9285714285714284
GEOSMOTE,4.785714285714286
ORIGINAL,5.357142857142857
