index,0
BORDERLINE2,3.0714285714285716
DELAUNAY,3.2142857142857144
SMOTE_SVM,3.7142857142857144
SMOTE,3.7857142857142856
BORDERLINE1,3.7857142857142856
GEOSMOTE,4.928571428571429
ORIGINAL,5.5
