index,0
GEOSMOTE,3.5714285714285716
SMOTE,3.7142857142857144
ORIGINAL,3.7857142857142856
DELAUNAY,3.857142857142857
SMOTE_SVM,3.9285714285714284
BORDERLINE1,4.071428571428571
BORDERLINE2,5.071428571428571
