index,0
GEOSMOTE,2.2142857142857144
DELAUNAY,3.5714285714285716
ORIGINAL,3.857142857142857
SMOTE_SVM,4.142857142857143
SMOTE,4.5
BORDERLINE2,4.642857142857143
BORDERLINE1,5.071428571428571
