index,0
DELAUNAY,3.142857142857143
SMOTE_SVM,3.2857142857142856
ORIGINAL,3.5
BORDERLINE1,3.7857142857142856
SMOTE,4.571428571428571
BORDERLINE2,4.857142857142857
GEOSMOTE,4.857142857142857
