index,0
SMOTE,3.0
BORDERLINE1,3.4285714285714284
BORDERLINE2,3.4285714285714284
GEOSMOTE,3.857142857142857
ORIGINAL,4.5
DELAUNAY,4.857142857142857
SMOTE_SVM,4.928571428571429
