index,0
BORDERLINE2,3.2142857142857144
SMOTE_SVM,3.4285714285714284
SMOTE,3.7857142857142856
BORDERLINE1,3.7857142857142856
DELAUNAY,3.857142857142857
GEOSMOTE,4.5
ORIGINAL,5.428571428571429
