index,0
SMOTE,2.5714285714285716
BORDERLINE1,3.2857142857142856
ORIGINAL,3.5
SMOTE_SVM,4.285714285714286
BORDERLINE2,4.285714285714286
DELAUNAY,5.0
GEOSMOTE,5.071428571428571
