index,0
SMOTE_SVM,2.857142857142857
DELAUNAY,3.5
BORDERLINE1,3.7142857142857144
BORDERLINE2,3.9285714285714284
SMOTE,4.357142857142857
GEOSMOTE,4.357142857142857
ORIGINAL,5.285714285714286
