index,0
BORDERLINE1,2.9285714285714284
ORIGINAL,3.4285714285714284
SMOTE,4.142857142857143
SMOTE_SVM,4.142857142857143
BORDERLINE2,4.142857142857143
DELAUNAY,4.285714285714286
GEOSMOTE,4.928571428571429
