index,0
BORDERLINE2,2.9285714285714284
SMOTE_SVM,3.2142857142857144
SMOTE,3.7857142857142856
BORDERLINE1,3.9285714285714284
DELAUNAY,4.142857142857143
GEOSMOTE,4.5
ORIGINAL,5.5
