index,0
DELAUNAY,3.5
BORDERLINE1,3.5714285714285716
SMOTE,3.7142857142857144
ORIGINAL,4.0
GEOSMOTE,4.0
BORDERLINE2,4.285714285714286
SMOTE_SVM,4.928571428571429
