index,0
SMOTE,3.5
BORDERLINE1,3.5
ORIGINAL,3.9285714285714284
GEOSMOTE,3.9285714285714284
BORDERLINE2,4.071428571428571
DELAUNAY,4.071428571428571
SMOTE_SVM,5.0
