index,0
GEOSMOTE,1.2857142857142858
ORIGINAL,3.0714285714285716
DELAUNAY,3.9285714285714284
BORDERLINE2,4.214285714285714
SMOTE,4.642857142857143
SMOTE_SVM,5.285714285714286
BORDERLINE1,5.571428571428571
