index,0
GEOSMOTE,2.642857142857143
DELAUNAY,3.0714285714285716
SMOTE,3.857142857142857
SMOTE_SVM,4.0
BORDERLINE1,4.0
BORDERLINE2,4.214285714285714
ORIGINAL,6.214285714285714
