index,0
BORDERLINE1,3.2857142857142856
BORDERLINE2,3.2857142857142856
SMOTE,3.4285714285714284
GEOSMOTE,3.4285714285714284
ORIGINAL,4.428571428571429
DELAUNAY,4.857142857142857
SMOTE_SVM,5.285714285714286
