index,0
BORDERLINE1,2.2142857142857144
SMOTE_SVM,3.2857142857142856
SMOTE,3.857142857142857
GEOSMOTE,3.857142857142857
DELAUNAY,4.142857142857143
BORDERLINE2,4.642857142857143
ORIGINAL,6.0
