index,0
ORIGINAL,3.5714285714285716
GEOSMOTE,3.642857142857143
SMOTE,3.7142857142857144
DELAUNAY,3.7142857142857144
BORDERLINE1,3.9285714285714284
SMOTE_SVM,4.214285714285714
BORDERLINE2,5.214285714285714
