DATASET,ALGORITHM,ORIGINAL,RANK_ORIGINAL,SMOTE,RANK_SMOTE,SMOTE_SVM,RANK_SMOTE_SVM,BORDERLINE1,RANK_BORDERLINE1,BORDERLINE2,RANK_BORDERLINE2,GEOSMOTE,RANK_GEOSMOTE,DELAUNAY,RANK_DELAUNAY,DELAUNAY_TYPE,ALPHA,unit
contraceptive,KNN,0.2240000000000001,1.0,0.204,5.5,0.212,2.0,0.196,7.0,0.204,5.5,0.20800000000000002,4.0,0.21,3.0,aspect_ratio,9,REC
dermatology,KNN,0.508,3.5,0.512,1.0,0.508,3.5,0.506,5.0,0.4980000000000001,7.0,0.5,6.0,0.51,2.0,aspect_ratio,9,REC
glass,KNN,0.26,7.0,0.29,6.0,0.29600000000000004,5.0,0.304,2.0,0.302,3.0,0.308,1.0,0.3,4.0,aspect_ratio,9,REC
new-thyroid,KNN,0.128,6.0,0.132,4.0,0.136,2.0,0.136,2.0,0.136,2.0,0.128,6.0,0.128,6.0,aspect_ratio,9,REC
penbased,KNN,0.764,7.0,0.768,6.0,0.77,4.0,0.774,1.5,0.774,1.5,0.77,4.0,0.77,4.0,aspect_ratio,9,REC
thyroid,KNN,0.924,1.0,0.784,7.0,0.8539999999999999,2.0,0.8340000000000001,3.5,0.8299999999999998,5.0,0.8340000000000001,3.5,0.8119999999999999,6.0,aspect_ratio,9,REC
wine,KNN,0.20600000000000002,6.0,0.254,1.0,0.242,4.0,0.23200000000000004,5.0,0.248,2.5,0.204,7.0,0.248,2.5,aspect_ratio,9,REC
