index,0
DELAUNAY,2.642857142857143
SMOTE,3.4285714285714284
BORDERLINE2,3.5714285714285716
BORDERLINE1,3.857142857142857
SMOTE_SVM,4.5
GEOSMOTE,4.571428571428571
ORIGINAL,5.428571428571429
