index,0
SMOTE,2.642857142857143
BORDERLINE2,2.9285714285714284
GEOSMOTE,3.7857142857142856
ORIGINAL,3.857142857142857
BORDERLINE1,4.142857142857143
SMOTE_SVM,5.0
DELAUNAY,5.642857142857143
