index,0
SMOTE,3.2142857142857144
DELAUNAY,3.4285714285714284
BORDERLINE2,3.5
GEOSMOTE,3.7142857142857144
BORDERLINE1,3.857142857142857
SMOTE_SVM,4.642857142857143
ORIGINAL,5.642857142857143
