index,0
SMOTE,3.357142857142857
BORDERLINE2,3.4285714285714284
DELAUNAY,3.5
GEOSMOTE,3.642857142857143
BORDERLINE1,3.7857142857142856
SMOTE_SVM,4.714285714285714
ORIGINAL,5.571428571428571
