index,0
ORIGINAL,3.7142857142857144
GEOSMOTE,3.7142857142857144
DELAUNAY,3.9285714285714284
BORDERLINE1,4.0
SMOTE,4.071428571428571
SMOTE_SVM,4.071428571428571
BORDERLINE2,4.5
