index,0
BORDERLINE1,3.0714285714285716
SMOTE,3.642857142857143
SMOTE_SVM,3.7142857142857144
BORDERLINE2,4.071428571428571
DELAUNAY,4.142857142857143
GEOSMOTE,4.642857142857143
ORIGINAL,4.714285714285714
