index,0
BORDERLINE2,3.4285714285714284
SMOTE,3.5714285714285716
SMOTE_SVM,3.5714285714285716
BORDERLINE1,3.642857142857143
DELAUNAY,3.7142857142857144
GEOSMOTE,4.785714285714286
ORIGINAL,5.285714285714286
