index,0
BORDERLINE2,3.142857142857143
SMOTE,3.2142857142857144
BORDERLINE1,3.4285714285714284
DELAUNAY,4.0
SMOTE_SVM,4.357142857142857
GEOSMOTE,4.642857142857143
ORIGINAL,5.214285714285714
