index,0
GEOSMOTE,1.3571428571428572
ORIGINAL,3.2142857142857144
DELAUNAY,3.857142857142857
BORDERLINE2,4.285714285714286
SMOTE,4.571428571428571
SMOTE_SVM,5.214285714285714
BORDERLINE1,5.5
