index,0
GEOSMOTE,2.7142857142857144
DELAUNAY,3.7142857142857144
SMOTE,3.7857142857142856
SMOTE_SVM,3.857142857142857
BORDERLINE1,3.857142857142857
BORDERLINE2,4.142857142857143
ORIGINAL,5.928571428571429
