index,0
GEOSMOTE,2.7142857142857144
DELAUNAY,3.5714285714285716
SMOTE_SVM,3.7857142857142856
BORDERLINE1,3.857142857142857
SMOTE,3.9285714285714284
BORDERLINE2,4.071428571428571
ORIGINAL,6.071428571428571
