index,0
DELAUNAY,3.142857142857143
SMOTE,3.642857142857143
BORDERLINE1,3.7857142857142856
GEOSMOTE,3.7857142857142856
BORDERLINE2,3.9285714285714284
SMOTE_SVM,4.0
ORIGINAL,5.714285714285714
