index,0
SMOTE,3.5
BORDERLINE1,3.5714285714285716
DELAUNAY,3.7142857142857144
BORDERLINE2,3.7857142857142856
GEOSMOTE,3.7857142857142856
SMOTE_SVM,3.9285714285714284
ORIGINAL,5.714285714285714
