index,0
GEOSMOTE,3.5714285714285716
BORDERLINE1,3.857142857142857
ORIGINAL,3.9285714285714284
SMOTE_SVM,3.9285714285714284
SMOTE,4.142857142857143
DELAUNAY,4.214285714285714
BORDERLINE2,4.357142857142857
