index,0
SMOTE,2.2857142857142856
BORDERLINE1,3.2142857142857144
GEOSMOTE,3.5714285714285716
BORDERLINE2,3.7142857142857144
SMOTE_SVM,4.571428571428571
ORIGINAL,5.071428571428571
DELAUNAY,5.571428571428571
