index,0
SMOTE,3.142857142857143
ORIGINAL,3.2142857142857144
BORDERLINE1,3.642857142857143
BORDERLINE2,3.642857142857143
DELAUNAY,4.071428571428571
GEOSMOTE,4.571428571428571
SMOTE_SVM,5.714285714285714
