index,0
BORDERLINE2,2.5
GEOSMOTE,2.7857142857142856
BORDERLINE1,3.5714285714285716
SMOTE,4.5
SMOTE_SVM,4.642857142857143
DELAUNAY,4.857142857142857
ORIGINAL,5.142857142857143
