index,0
BORDERLINE2,3.2142857142857144
SMOTE,3.5714285714285716
BORDERLINE1,3.5714285714285716
SMOTE_SVM,3.7142857142857144
DELAUNAY,3.7142857142857144
GEOSMOTE,4.857142857142857
ORIGINAL,5.357142857142857
