index,0
BORDERLINE1,3.0714285714285716
BORDERLINE2,3.2142857142857144
SMOTE_SVM,3.7857142857142856
SMOTE,4.0
DELAUNAY,4.0
GEOSMOTE,4.071428571428571
ORIGINAL,5.857142857142857
