index,0
GEOSMOTE,2.2857142857142856
DELAUNAY,2.9285714285714284
ORIGINAL,3.2857142857142856
SMOTE_SVM,4.714285714285714
SMOTE,4.785714285714286
BORDERLINE2,4.928571428571429
BORDERLINE1,5.071428571428571
