index,0
SMOTE_SVM,3.0714285714285716
BORDERLINE2,3.7142857142857144
BORDERLINE1,3.7857142857142856
SMOTE,4.142857142857143
DELAUNAY,4.214285714285714
GEOSMOTE,4.5
ORIGINAL,4.571428571428571
