index,0
BORDERLINE2,2.642857142857143
GEOSMOTE,2.9285714285714284
BORDERLINE1,3.7857142857142856
DELAUNAY,3.9285714285714284
SMOTE,4.642857142857143
SMOTE_SVM,4.928571428571429
ORIGINAL,5.142857142857143
