index,0
SMOTE,2.4285714285714284
BORDERLINE1,3.4285714285714284
GEOSMOTE,3.7142857142857144
BORDERLINE2,3.9285714285714284
DELAUNAY,4.357142857142857
SMOTE_SVM,4.857142857142857
ORIGINAL,5.285714285714286
