index,0
SMOTE,3.2857142857142856
ORIGINAL,3.357142857142857
DELAUNAY,3.5
BORDERLINE1,3.7142857142857144
BORDERLINE2,3.857142857142857
GEOSMOTE,4.642857142857143
SMOTE_SVM,5.642857142857143
