index,0
SMOTE,3.0714285714285716
BORDERLINE1,3.2857142857142856
SMOTE_SVM,3.7142857142857144
GEOSMOTE,4.214285714285714
ORIGINAL,4.571428571428571
BORDERLINE2,4.571428571428571
DELAUNAY,4.571428571428571
