index,0
DELAUNAY,3.2857142857142856
BORDERLINE1,3.4285714285714284
SMOTE,3.5
GEOSMOTE,4.071428571428571
BORDERLINE2,4.214285714285714
ORIGINAL,4.714285714285714
SMOTE_SVM,4.785714285714286
