DATASET,ALGORITHM,ORIGINAL,RANK_ORIGINAL,SMOTE,RANK_SMOTE,SMOTE_SVM,RANK_SMOTE_SVM,BORDERLINE1,RANK_BORDERLINE1,BORDERLINE2,RANK_BORDERLINE2,GEOSMOTE,RANK_GEOSMOTE,DELAUNAY,RANK_DELAUNAY,DELAUNAY_TYPE,ALPHA,unit
contraceptive,SVM,0.772,5.0,0.77,7.0,0.772,5.0,0.774,2.0,0.774,2.0,0.772,5.0,0.774,2.0,area,4,SPE
dermatology,SVM,0.8320000000000001,7.0,0.8399999999999999,4.0,0.8400000000000001,4.0,0.8400000000000001,4.0,0.8379999999999999,6.0,0.8420000000000001,1.5,0.8420000000000001,1.5,area,4,SPE
glass,SVM,1.0,4.0,1.0,4.0,1.0,4.0,1.0,4.0,1.0,4.0,1.0,4.0,1.0,4.0,area,4,SPE
new-thyroid,SVM,0.8400000000000001,7.0,0.8479999999999999,4.0,0.8479999999999999,4.0,0.8479999999999999,4.0,0.8479999999999999,4.0,0.8479999999999999,4.0,0.85,1.0,area,4,SPE
penbased,SVM,0.968,7.0,0.976,5.5,0.978,2.5,0.978,2.5,0.978,2.5,0.976,5.5,0.978,2.5,area,4,SPE
thyroid,SVM,0.07400000000000001,7.0,0.14600000000000002,5.0,0.11,6.0,0.18,1.0,0.162,3.0,0.162,3.0,0.162,3.0,area,4,SPE
wine,SVM,1.0,4.0,1.0,4.0,1.0,4.0,1.0,4.0,1.0,4.0,1.0,4.0,1.0,4.0,area,4,SPE
