index,0
SMOTE,3.2857142857142856
BORDERLINE1,3.5
GEOSMOTE,3.9285714285714284
DELAUNAY,3.9285714285714284
BORDERLINE2,4.285714285714286
ORIGINAL,4.5
SMOTE_SVM,4.571428571428571
