index,0
BORDERLINE1,3.357142857142857
DELAUNAY,3.7142857142857144
SMOTE,3.7857142857142856
BORDERLINE2,3.7857142857142856
SMOTE_SVM,4.142857142857143
GEOSMOTE,4.214285714285714
ORIGINAL,5.0
