index,0
ORIGINAL,3.642857142857143
SMOTE,3.7857142857142856
SMOTE_SVM,4.071428571428571
BORDERLINE2,4.071428571428571
DELAUNAY,4.071428571428571
GEOSMOTE,4.142857142857143
BORDERLINE1,4.214285714285714
