index,0
ORIGINAL,2.9285714285714284
GEOSMOTE,3.7142857142857144
SMOTE_SVM,4.0
BORDERLINE1,4.0
SMOTE,4.214285714285714
DELAUNAY,4.285714285714286
BORDERLINE2,4.857142857142857
