index,0
SMOTE,3.5
ORIGINAL,3.5714285714285716
GEOSMOTE,3.857142857142857
SMOTE_SVM,4.071428571428571
BORDERLINE2,4.214285714285714
DELAUNAY,4.357142857142857
BORDERLINE1,4.428571428571429
