index,0
BORDERLINE2,2.857142857142857
SMOTE,3.0
SMOTE_SVM,3.7857142857142856
GEOSMOTE,4.071428571428571
DELAUNAY,4.071428571428571
BORDERLINE1,4.785714285714286
ORIGINAL,5.428571428571429
