index,0
BORDERLINE1,3.357142857142857
BORDERLINE2,3.4285714285714284
SMOTE,3.642857142857143
GEOSMOTE,3.7142857142857144
DELAUNAY,4.142857142857143
ORIGINAL,4.5
SMOTE_SVM,5.214285714285714
