index,0
BORDERLINE2,3.0714285714285716
DELAUNAY,3.142857142857143
SMOTE,3.2857142857142856
GEOSMOTE,3.857142857142857
BORDERLINE1,4.071428571428571
ORIGINAL,4.642857142857143
SMOTE_SVM,5.928571428571429
