index,0
ORIGINAL,3.2857142857142856
SMOTE,3.4285714285714284
BORDERLINE1,3.5
BORDERLINE2,4.0
GEOSMOTE,4.214285714285714
DELAUNAY,4.357142857142857
SMOTE_SVM,5.214285714285714
