index,0
SMOTE_SVM,3.0714285714285716
BORDERLINE1,3.4285714285714284
BORDERLINE2,3.642857142857143
GEOSMOTE,3.9285714285714284
SMOTE,4.142857142857143
ORIGINAL,4.857142857142857
DELAUNAY,4.928571428571429
