index,0
GEOSMOTE,3.4285714285714284
BORDERLINE1,3.7142857142857144
ORIGINAL,3.7857142857142856
SMOTE_SVM,3.7857142857142856
SMOTE,3.9285714285714284
BORDERLINE2,4.428571428571429
DELAUNAY,4.928571428571429
