DATASET,ALGORITHM,ORIGINAL,RANK_ORIGINAL,SMOTE,RANK_SMOTE,SMOTE_SVM,RANK_SMOTE_SVM,BORDERLINE1,RANK_BORDERLINE1,BORDERLINE2,RANK_BORDERLINE2,GEOSMOTE,RANK_GEOSMOTE,DELAUNAY,RANK_DELAUNAY,DELAUNAY_TYPE,ALPHA,unit
contraceptive,DTREE,0.136,2.0,0.136,2.0,0.124,7.0,0.126,6.0,0.136,2.0,0.128,5.0,0.134,4.0,aspect_ratio,9,IBA
dermatology,DTREE,0.496,2.0,0.4980000000000001,1.0,0.486,5.0,0.486,5.0,0.486,5.0,0.478,7.0,0.494,3.0,aspect_ratio,9,IBA
glass,DTREE,0.2260000000000001,6.0,0.24,3.0,0.21600000000000003,7.0,0.276,1.0,0.242,2.0,0.23399999999999999,4.0,0.23199999999999998,5.0,aspect_ratio,9,IBA
new-thyroid,DTREE,0.11199999999999999,7.0,0.13,4.5,0.134,1.0,0.13,4.5,0.132,2.5,0.132,2.5,0.124,6.0,aspect_ratio,9,IBA
penbased,DTREE,0.71,1.0,0.7020000000000001,3.0,0.6920000000000001,6.5,0.6920000000000001,6.5,0.696,4.0,0.708,2.0,0.6940000000000001,5.0,aspect_ratio,9,IBA
thyroid,DTREE,0.65,6.0,0.688,4.0,0.6659999999999999,5.0,0.6479999999999999,7.0,0.7879999999999999,1.0,0.716,3.0,0.748,2.0,aspect_ratio,9,IBA
wine,DTREE,0.266,4.0,0.268,3.0,0.252,7.0,0.27,2.0,0.258,6.0,0.26,5.0,0.274,1.0,aspect_ratio,9,IBA
