index,0
DELAUNAY,3.357142857142857
GEOSMOTE,3.7142857142857144
ORIGINAL,3.857142857142857
SMOTE,3.857142857142857
SMOTE_SVM,4.0
BORDERLINE1,4.142857142857143
BORDERLINE2,5.071428571428571
