index,0
SMOTE,2.5714285714285716
BORDERLINE1,3.5714285714285716
DELAUNAY,3.7142857142857144
GEOSMOTE,3.857142857142857
BORDERLINE2,3.9285714285714284
SMOTE_SVM,5.071428571428571
ORIGINAL,5.285714285714286
