index,0
BORDERLINE1,3.142857142857143
DELAUNAY,3.4285714285714284
ORIGINAL,3.5714285714285716
SMOTE_SVM,4.214285714285714
BORDERLINE2,4.214285714285714
SMOTE,4.285714285714286
GEOSMOTE,5.142857142857143
