index,0
SMOTE,3.0
BORDERLINE2,3.0
DELAUNAY,3.5
SMOTE_SVM,3.9285714285714284
GEOSMOTE,4.142857142857143
BORDERLINE1,5.0
ORIGINAL,5.428571428571429
