index,0
BORDERLINE1,3.5
DELAUNAY,3.5
GEOSMOTE,3.5714285714285716
SMOTE_SVM,3.7857142857142856
ORIGINAL,4.428571428571429
BORDERLINE2,4.571428571428571
SMOTE,4.642857142857143
