index,0
BORDERLINE2,3.5714285714285716
DELAUNAY,3.642857142857143
ORIGINAL,3.7857142857142856
SMOTE,3.9285714285714284
BORDERLINE1,4.071428571428571
SMOTE_SVM,4.142857142857143
GEOSMOTE,4.857142857142857
