DATASET,ALGORITHM,ORIGINAL,RANK_ORIGINAL,SMOTE,RANK_SMOTE,SMOTE_SVM,RANK_SMOTE_SVM,BORDERLINE1,RANK_BORDERLINE1,BORDERLINE2,RANK_BORDERLINE2,GEOSMOTE,RANK_GEOSMOTE,DELAUNAY,RANK_DELAUNAY,DELAUNAY_TYPE,ALPHA,unit
contraceptive,ABC,0.79,7.0,0.8080000000000002,4.0,0.812,2.5,0.8140000000000001,1.0,0.8119999999999999,2.5,0.8019999999999999,5.5,0.8020000000000002,5.5,volume,4,SPE
dermatology,ABC,0.9399999999999998,2.5,0.9399999999999998,2.5,0.9399999999999998,2.5,0.9399999999999998,2.5,0.884,7.0,0.8940000000000001,5.0,0.8859999999999999,6.0,volume,4,SPE
glass,ABC,0.8280000000000001,1.0,0.764,7.0,0.7859999999999999,5.0,0.8200000000000001,2.0,0.784,6.0,0.8160000000000001,3.0,0.79,4.0,volume,4,SPE
new-thyroid,ABC,0.86,4.5,0.8560000000000001,7.0,0.858,6.0,0.8619999999999999,3.0,0.8639999999999999,2.0,0.86,4.5,0.868,1.0,volume,4,SPE
penbased,ABC,0.93,2.0,0.912,4.5,0.912,4.5,0.912,4.5,0.91,7.0,0.912,4.5,0.944,1.0,volume,4,SPE
thyroid,ABC,0.684,7.0,0.8719999999999999,2.0,0.722,6.0,0.8400000000000001,3.0,0.828,4.0,0.7699999999999999,5.0,0.89,1.0,volume,4,SPE
wine,ABC,0.8300000000000001,1.0,0.8079999999999999,3.0,0.8059999999999999,4.0,0.7959999999999999,5.0,0.8099999999999999,2.0,0.782,6.0,0.7779999999999999,7.0,volume,4,SPE
