index,0
SMOTE,2.5
BORDERLINE1,3.142857142857143
ORIGINAL,3.5
SMOTE_SVM,4.285714285714286
BORDERLINE2,4.285714285714286
GEOSMOTE,5.0
DELAUNAY,5.285714285714286
