index,0
SMOTE,3.0714285714285716
DELAUNAY,3.2857142857142856
BORDERLINE1,3.357142857142857
BORDERLINE2,3.5
GEOSMOTE,4.0
SMOTE_SVM,4.214285714285714
ORIGINAL,6.571428571428571
