index,0
BORDERLINE2,2.857142857142857
GEOSMOTE,2.9285714285714284
DELAUNAY,3.5
BORDERLINE1,3.857142857142857
SMOTE,4.785714285714286
SMOTE_SVM,4.928571428571429
ORIGINAL,5.142857142857143
