index,0
BORDERLINE1,3.142857142857143
SMOTE_SVM,3.642857142857143
BORDERLINE2,3.857142857142857
DELAUNAY,4.0
ORIGINAL,4.428571428571429
SMOTE,4.428571428571429
GEOSMOTE,4.5
