index,0
DELAUNAY,2.5
GEOSMOTE,2.7142857142857144
SMOTE,3.9285714285714284
SMOTE_SVM,4.071428571428571
BORDERLINE1,4.142857142857143
BORDERLINE2,4.428571428571429
ORIGINAL,6.214285714285714
