index,0
SMOTE,2.7857142857142856
BORDERLINE1,3.5
BORDERLINE2,3.642857142857143
GEOSMOTE,4.0
DELAUNAY,4.285714285714286
ORIGINAL,4.785714285714286
SMOTE_SVM,5.0
