index,0
BORDERLINE1,2.9285714285714284
SMOTE,3.7142857142857144
SMOTE_SVM,3.7857142857142856
BORDERLINE2,4.142857142857143
DELAUNAY,4.214285714285714
GEOSMOTE,4.5
ORIGINAL,4.714285714285714
