index,0
GEOSMOTE,2.357142857142857
SMOTE_SVM,3.5714285714285716
ORIGINAL,3.642857142857143
BORDERLINE1,4.285714285714286
SMOTE,4.357142857142857
BORDERLINE2,4.571428571428571
DELAUNAY,5.214285714285714
