index,0
SMOTE,3.0
BORDERLINE2,3.357142857142857
ORIGINAL,3.857142857142857
GEOSMOTE,3.9285714285714284
BORDERLINE1,4.142857142857143
DELAUNAY,4.428571428571429
SMOTE_SVM,5.285714285714286
