index,0
DELAUNAY,2.857142857142857
BORDERLINE2,3.142857142857143
SMOTE_SVM,3.5
SMOTE,4.0
BORDERLINE1,4.285714285714286
GEOSMOTE,4.642857142857143
ORIGINAL,5.571428571428571
