index,0
BORDERLINE1,3.142857142857143
SMOTE,3.2142857142857144
GEOSMOTE,4.0
BORDERLINE2,4.071428571428571
ORIGINAL,4.357142857142857
SMOTE_SVM,4.428571428571429
DELAUNAY,4.785714285714286
