index,0
BORDERLINE1,2.7857142857142856
BORDERLINE2,3.2857142857142856
GEOSMOTE,3.5
SMOTE_SVM,3.857142857142857
SMOTE,4.357142857142857
DELAUNAY,4.5
ORIGINAL,5.714285714285714
