index,0
BORDERLINE2,3.0714285714285716
SMOTE,3.357142857142857
SMOTE_SVM,3.4285714285714284
BORDERLINE1,3.4285714285714284
DELAUNAY,4.714285714285714
GEOSMOTE,4.785714285714286
ORIGINAL,5.214285714285714
