index,0
SMOTE,3.142857142857143
BORDERLINE1,3.2142857142857144
SMOTE_SVM,3.7857142857142856
GEOSMOTE,4.071428571428571
BORDERLINE2,4.5
ORIGINAL,4.642857142857143
DELAUNAY,4.642857142857143
