index,0
BORDERLINE1,3.357142857142857
BORDERLINE2,3.357142857142857
SMOTE,3.5714285714285716
GEOSMOTE,3.7857142857142856
DELAUNAY,4.071428571428571
ORIGINAL,4.428571428571429
SMOTE_SVM,5.428571428571429
