index,0
DELAUNAY,2.9285714285714284
SMOTE,3.0714285714285716
BORDERLINE2,3.142857142857143
SMOTE_SVM,4.071428571428571
GEOSMOTE,4.285714285714286
BORDERLINE1,5.071428571428571
ORIGINAL,5.428571428571429
