index,0
BORDERLINE1,3.2857142857142856
DELAUNAY,3.642857142857143
BORDERLINE2,3.7142857142857144
SMOTE,3.7857142857142856
SMOTE_SVM,4.285714285714286
GEOSMOTE,4.285714285714286
ORIGINAL,5.0
