index,0
GEOSMOTE,2.5
SMOTE,3.7857142857142856
SMOTE_SVM,3.857142857142857
DELAUNAY,3.857142857142857
BORDERLINE1,4.0
BORDERLINE2,4.071428571428571
ORIGINAL,5.928571428571429
