index,0
SMOTE_SVM,3.2857142857142856
BORDERLINE1,3.7142857142857144
BORDERLINE2,3.7142857142857144
DELAUNAY,3.857142857142857
GEOSMOTE,4.428571428571429
ORIGINAL,4.5
SMOTE,4.5
