index,0
SMOTE,3.142857142857143
DELAUNAY,3.2142857142857144
BORDERLINE1,3.4285714285714284
BORDERLINE2,3.5
GEOSMOTE,3.857142857142857
SMOTE_SVM,4.285714285714286
ORIGINAL,6.571428571428571
