index,0
GEOSMOTE,3.5714285714285716
SMOTE,3.642857142857143
ORIGINAL,3.7142857142857144
SMOTE_SVM,3.857142857142857
BORDERLINE1,4.0
DELAUNAY,4.0
BORDERLINE2,5.214285714285714
