index,0
DELAUNAY,3.2857142857142856
BORDERLINE2,3.642857142857143
GEOSMOTE,3.7857142857142856
SMOTE,3.857142857142857
SMOTE_SVM,4.142857142857143
BORDERLINE1,4.428571428571429
ORIGINAL,4.857142857142857
