index,0
DELAUNAY,2.857142857142857
BORDERLINE2,3.642857142857143
ORIGINAL,3.857142857142857
SMOTE,4.142857142857143
BORDERLINE1,4.285714285714286
SMOTE_SVM,4.357142857142857
GEOSMOTE,4.857142857142857
