index,0
SMOTE_SVM,3.142857142857143
BORDERLINE1,3.5
BORDERLINE2,3.7142857142857144
GEOSMOTE,4.071428571428571
SMOTE,4.285714285714286
DELAUNAY,4.357142857142857
ORIGINAL,4.928571428571429
