index,0
SMOTE,3.2142857142857144
BORDERLINE1,3.357142857142857
GEOSMOTE,3.7142857142857144
BORDERLINE2,4.214285714285714
ORIGINAL,4.285714285714286
SMOTE_SVM,4.428571428571429
DELAUNAY,4.785714285714286
