index,0
BORDERLINE2,3.357142857142857
SMOTE,3.5
BORDERLINE1,3.5
DELAUNAY,3.5
GEOSMOTE,4.357142857142857
ORIGINAL,4.785714285714286
SMOTE_SVM,5.0
