DATASET,ALGORITHM,ORIGINAL,RANK_ORIGINAL,SMOTE,RANK_SMOTE,SMOTE_SVM,RANK_SMOTE_SVM,BORDERLINE1,RANK_BORDERLINE1,BORDERLINE2,RANK_BORDERLINE2,GEOSMOTE,RANK_GEOSMOTE,DELAUNAY,RANK_DELAUNAY,DELAUNAY_TYPE,ALPHA,unit
contraceptive,RF,0.29400000000000004,1.0,0.28800000000000003,3.0,0.28800000000000003,3.0,0.28600000000000003,6.0,0.28600000000000003,6.0,0.28800000000000003,3.0,0.28600000000000003,6.0,area,1,GEO
dermatology,RF,0.524,4.0,0.528,1.0,0.524,4.0,0.526,2.0,0.5199999999999999,6.5,0.524,4.0,0.5199999999999999,6.5,area,1,GEO
glass,RF,0.308,7.0,0.338,3.0,0.33,4.0,0.364,1.5,0.364,1.5,0.316,6.0,0.322,5.0,area,1,GEO
new-thyroid,RF,0.132,7.0,0.136,3.5,0.136,3.5,0.136,3.5,0.136,3.5,0.138,1.0,0.134,6.0,area,1,GEO
penbased,RF,0.7859999999999999,1.0,0.782,4.5,0.782,4.5,0.782,4.5,0.782,4.5,0.782,4.5,0.782,4.5,area,1,GEO
thyroid,RF,0.7260000000000001,7.0,0.7939999999999999,2.0,0.764,4.0,0.7619999999999999,5.0,0.8619999999999999,1.0,0.7539999999999999,6.0,0.7739999999999999,3.0,area,1,GEO
wine,RF,0.316,1.0,0.294,3.0,0.278,7.0,0.28,6.0,0.292,4.0,0.282,5.0,0.298,2.0,area,1,GEO
