index,0
ORIGINAL,2.857142857142857
BORDERLINE1,3.0714285714285716
SMOTE,3.642857142857143
SMOTE_SVM,3.857142857142857
DELAUNAY,4.071428571428571
BORDERLINE2,4.5
GEOSMOTE,6.0
