index,0
BORDERLINE1,3.357142857142857
SMOTE,3.4285714285714284
BORDERLINE2,3.4285714285714284
DELAUNAY,3.5
GEOSMOTE,4.214285714285714
ORIGINAL,4.928571428571429
SMOTE_SVM,5.142857142857143
