index,0
DELAUNAY,2.5
SMOTE,3.357142857142857
BORDERLINE1,3.5714285714285716
BORDERLINE2,3.7142857142857144
GEOSMOTE,4.071428571428571
SMOTE_SVM,4.214285714285714
ORIGINAL,6.571428571428571
