index,0
ORIGINAL,3.0
DELAUNAY,3.142857142857143
BORDERLINE1,3.357142857142857
SMOTE,3.7857142857142856
SMOTE_SVM,4.071428571428571
BORDERLINE2,4.571428571428571
GEOSMOTE,6.071428571428571
