index,0
GEOSMOTE,2.642857142857143
DELAUNAY,3.5
ORIGINAL,3.857142857142857
SMOTE_SVM,3.9285714285714284
SMOTE,4.5
BORDERLINE1,4.714285714285714
BORDERLINE2,4.857142857142857
