index,0
SMOTE_SVM,3.2142857142857144
DELAUNAY,3.357142857142857
SMOTE,3.5714285714285716
BORDERLINE1,3.7142857142857144
GEOSMOTE,3.7142857142857144
BORDERLINE2,4.285714285714286
ORIGINAL,6.142857142857143
