index,0
GEOSMOTE,2.642857142857143
DELAUNAY,3.357142857142857
SMOTE,3.857142857142857
SMOTE_SVM,3.9285714285714284
BORDERLINE1,4.0
BORDERLINE2,4.142857142857143
ORIGINAL,6.071428571428571
