index,0
BORDERLINE1,3.357142857142857
DELAUNAY,3.4285714285714284
SMOTE,3.7857142857142856
BORDERLINE2,3.857142857142857
GEOSMOTE,4.214285714285714
SMOTE_SVM,4.357142857142857
ORIGINAL,5.0
