index,0
SMOTE_SVM,3.2857142857142856
DELAUNAY,3.5714285714285716
ORIGINAL,3.642857142857143
BORDERLINE1,3.7142857142857144
BORDERLINE2,4.5
SMOTE,4.642857142857143
GEOSMOTE,4.642857142857143
