index,0
ORIGINAL,2.5
SMOTE,2.9285714285714284
BORDERLINE1,3.642857142857143
BORDERLINE2,3.9285714285714284
GEOSMOTE,4.214285714285714
DELAUNAY,5.0
SMOTE_SVM,5.785714285714286
