index,0
BORDERLINE2,2.7857142857142856
GEOSMOTE,2.857142857142857
DELAUNAY,3.5714285714285716
BORDERLINE1,3.9285714285714284
SMOTE,4.714285714285714
SMOTE_SVM,5.0
ORIGINAL,5.142857142857143
