index,0
GEOSMOTE,2.7857142857142856
DELAUNAY,2.7857142857142856
SMOTE_SVM,4.0
ORIGINAL,4.071428571428571
SMOTE,4.5
BORDERLINE1,4.857142857142857
BORDERLINE2,5.0
