index,0
ORIGINAL,2.4285714285714284
SMOTE,2.9285714285714284
BORDERLINE1,3.857142857142857
GEOSMOTE,4.214285714285714
BORDERLINE2,4.285714285714286
DELAUNAY,4.285714285714286
SMOTE_SVM,6.0
