DATASET,ALGORITHM,ORIGINAL,RANK_ORIGINAL,SMOTE,RANK_SMOTE,SMOTE_SVM,RANK_SMOTE_SVM,BORDERLINE1,RANK_BORDERLINE1,BORDERLINE2,RANK_BORDERLINE2,GEOSMOTE,RANK_GEOSMOTE,DELAUNAY,RANK_DELAUNAY,DELAUNAY_TYPE,ALPHA,unit
contraceptive,SGD,0.20199999999999999,2.0,0.132,6.0,0.146,5.0,0.172,3.0,0.20600000000000002,1.0,0.124,7.0,0.15,4.0,radius_ratio,9,PRE
dermatology,SGD,0.362,7.0,0.442,5.0,0.48200000000000004,2.0,0.4980000000000001,1.0,0.454,4.0,0.476,3.0,0.434,6.0,radius_ratio,9,PRE
glass,SGD,0.188,1.5,0.096,7.0,0.154,3.0,0.188,1.5,0.146,4.0,0.132,5.0,0.10400000000000001,6.0,radius_ratio,9,PRE
new-thyroid,SGD,0.12800000000000006,4.5,0.14400000000000002,2.0,0.094,7.0,0.122,6.0,0.15400000000000005,1.0,0.128,4.5,0.14200000000000002,3.0,radius_ratio,9,PRE
penbased,SGD,0.6679999999999999,7.0,0.71,1.0,0.7060000000000001,2.0,0.7020000000000001,3.0,0.6900000000000001,5.0,0.7000000000000001,4.0,0.6880000000000001,6.0,radius_ratio,9,PRE
thyroid,SGD,0.8640000000000001,7.0,0.8759999999999999,5.0,0.8700000000000001,6.0,0.89,1.0,0.884,2.0,0.8779999999999999,4.0,0.882,3.0,radius_ratio,9,PRE
wine,SGD,0.07400000000000001,5.0,0.05800000000000001,6.0,0.098,3.0,0.136,2.0,0.048,7.0,0.092,4.0,0.14999999999999994,1.0,radius_ratio,9,PRE
