index,0
SMOTE_SVM,3.2857142857142856
BORDERLINE1,3.642857142857143
BORDERLINE2,3.7142857142857144
GEOSMOTE,4.0
DELAUNAY,4.071428571428571
SMOTE,4.357142857142857
ORIGINAL,4.928571428571429
