index,0
SMOTE,2.5
BORDERLINE1,3.2857142857142856
ORIGINAL,3.5714285714285716
BORDERLINE2,4.214285714285714
SMOTE_SVM,4.285714285714286
GEOSMOTE,5.071428571428571
DELAUNAY,5.071428571428571
