DATASET,ALGORITHM,ORIGINAL,RANK_ORIGINAL,SMOTE,RANK_SMOTE,SMOTE_SVM,RANK_SMOTE_SVM,BORDERLINE1,RANK_BORDERLINE1,BORDERLINE2,RANK_BORDERLINE2,GEOSMOTE,RANK_GEOSMOTE,DELAUNAY,RANK_DELAUNAY,DELAUNAY_TYPE,ALPHA,unit
contraceptive,MLP,0.16799999999999998,1.0,0.15800000000000006,5.0,0.15600000000000006,7.0,0.158,5.0,0.15800000000000006,5.0,0.16,2.5,0.16,2.5,edge_ratio,4,IBA
dermatology,MLP,0.512,3.0,0.512,3.0,0.51,5.0,0.508,6.0,0.506,7.0,0.518,1.0,0.512,3.0,edge_ratio,4,IBA
glass,MLP,0.14200000000000002,7.0,0.26,1.0,0.242,5.0,0.256,2.0,0.246,3.5,0.246,3.5,0.23,6.0,edge_ratio,4,IBA
new-thyroid,MLP,0.092,7.0,0.124,3.5,0.122,5.5,0.132,2.0,0.138,1.0,0.122,5.5,0.124,3.5,edge_ratio,4,IBA
penbased,MLP,0.7540000000000001,7.0,0.764,3.0,0.77,1.0,0.762,5.0,0.768,2.0,0.762,5.0,0.7619999999999999,5.0,edge_ratio,4,IBA
thyroid,MLP,0.24,7.0,0.63,3.0,0.546,6.0,0.61,4.5,0.61,4.5,0.6319999999999999,2.0,0.6479999999999999,1.0,edge_ratio,4,IBA
wine,MLP,0.068,7.0,0.154,5.0,0.16,3.5,0.16199999999999998,2.0,0.16799999999999998,1.0,0.138,6.0,0.16,3.5,edge_ratio,4,IBA
