index,0
DELAUNAY,3.357142857142857
GEOSMOTE,3.7142857142857144
SMOTE_SVM,4.0
ORIGINAL,4.071428571428571
BORDERLINE1,4.142857142857143
SMOTE,4.214285714285714
BORDERLINE2,4.5
