index,0
BORDERLINE2,3.142857142857143
SMOTE_SVM,3.2857142857142856
SMOTE,3.7142857142857144
BORDERLINE1,3.857142857142857
GEOSMOTE,4.214285714285714
DELAUNAY,4.571428571428571
ORIGINAL,5.214285714285714
