index,0
BORDERLINE1,2.7142857142857144
BORDERLINE2,3.2142857142857144
GEOSMOTE,3.5
SMOTE_SVM,3.7142857142857144
SMOTE,4.357142857142857
DELAUNAY,4.714285714285714
ORIGINAL,5.785714285714286
