index,0
BORDERLINE2,3.0
SMOTE,3.0714285714285716
DELAUNAY,3.2142857142857144
SMOTE_SVM,4.071428571428571
GEOSMOTE,4.285714285714286
BORDERLINE1,4.928571428571429
ORIGINAL,5.428571428571429
