index,0
GEOSMOTE,3.5
ORIGINAL,3.5714285714285716
SMOTE,3.5714285714285716
SMOTE_SVM,4.071428571428571
BORDERLINE1,4.071428571428571
DELAUNAY,4.142857142857143
BORDERLINE2,5.071428571428571
