index,0
SMOTE,3.0
ORIGINAL,3.142857142857143
BORDERLINE1,3.2857142857142856
BORDERLINE2,3.5714285714285716
GEOSMOTE,4.5
DELAUNAY,4.928571428571429
SMOTE_SVM,5.571428571428571
