index,0
GEOSMOTE,2.5
ORIGINAL,3.642857142857143
SMOTE_SVM,3.9285714285714284
SMOTE,4.214285714285714
DELAUNAY,4.357142857142857
BORDERLINE1,4.571428571428571
BORDERLINE2,4.785714285714286
