index,0
GEOSMOTE,3.142857142857143
DELAUNAY,3.2142857142857144
ORIGINAL,3.857142857142857
SMOTE,4.0
SMOTE_SVM,4.571428571428571
BORDERLINE2,4.571428571428571
BORDERLINE1,4.642857142857143
