index,0
GEOSMOTE,2.7142857142857144
DELAUNAY,3.142857142857143
SMOTE_SVM,3.9285714285714284
SMOTE,4.0
BORDERLINE1,4.0
BORDERLINE2,4.214285714285714
ORIGINAL,6.0
