index,0
BORDERLINE1,3.4285714285714284
DELAUNAY,3.4285714285714284
BORDERLINE2,3.5714285714285716
SMOTE,3.642857142857143
GEOSMOTE,3.857142857142857
ORIGINAL,4.571428571428571
SMOTE_SVM,5.5
