index,0
DELAUNAY,2.9285714285714284
ORIGINAL,3.0
BORDERLINE1,3.357142857142857
SMOTE,3.857142857142857
SMOTE_SVM,4.0
BORDERLINE2,4.642857142857143
GEOSMOTE,6.214285714285714
