index,0
BORDERLINE1,1.9285714285714286
SMOTE_SVM,3.0
GEOSMOTE,3.7142857142857144
SMOTE,3.7857142857142856
BORDERLINE2,4.5
DELAUNAY,5.214285714285714
ORIGINAL,5.857142857142857
