index,0
BORDERLINE1,2.857142857142857
SMOTE,3.642857142857143
SMOTE_SVM,3.642857142857143
BORDERLINE2,3.9285714285714284
GEOSMOTE,4.5
ORIGINAL,4.642857142857143
DELAUNAY,4.785714285714286
