index,0
SMOTE,3.2857142857142856
BORDERLINE2,3.4285714285714284
GEOSMOTE,3.5
DELAUNAY,3.642857142857143
BORDERLINE1,3.9285714285714284
SMOTE_SVM,4.642857142857143
ORIGINAL,5.571428571428571
