index,0
BORDERLINE2,2.642857142857143
SMOTE,2.857142857142857
SMOTE_SVM,3.5714285714285716
GEOSMOTE,3.9285714285714284
BORDERLINE1,4.714285714285714
DELAUNAY,4.928571428571429
ORIGINAL,5.357142857142857
