index,0
DELAUNAY,2.5
BORDERLINE1,3.357142857142857
ORIGINAL,3.642857142857143
BORDERLINE2,4.285714285714286
SMOTE_SVM,4.428571428571429
SMOTE,4.5
GEOSMOTE,5.285714285714286
