index,0
SMOTE_SVM,2.9285714285714284
DELAUNAY,3.0714285714285716
BORDERLINE1,3.7857142857142856
BORDERLINE2,4.0
SMOTE,4.428571428571429
GEOSMOTE,4.5
ORIGINAL,5.285714285714286
