index,0
ORIGINAL,2.7857142857142856
BORDERLINE1,3.0
SMOTE,3.642857142857143
SMOTE_SVM,3.642857142857143
BORDERLINE2,4.285714285714286
DELAUNAY,4.857142857142857
GEOSMOTE,5.785714285714286
