index,0
BORDERLINE1,2.7857142857142856
BORDERLINE2,3.2857142857142856
GEOSMOTE,3.5714285714285716
SMOTE_SVM,3.7857142857142856
DELAUNAY,4.357142857142857
SMOTE,4.428571428571429
ORIGINAL,5.785714285714286
