index,0
SMOTE,3.142857142857143
DELAUNAY,3.2857142857142856
SMOTE_SVM,3.5714285714285716
GEOSMOTE,4.0
BORDERLINE1,4.285714285714286
BORDERLINE2,4.428571428571429
ORIGINAL,5.285714285714286
