index,0
BORDERLINE1,2.9285714285714284
BORDERLINE2,3.2142857142857144
SMOTE_SVM,3.642857142857143
GEOSMOTE,3.9285714285714284
SMOTE,4.0
DELAUNAY,4.285714285714286
ORIGINAL,6.0
