DATASET,ALGORITHM,ORIGINAL,RANK_ORIGINAL,SMOTE,RANK_SMOTE,SMOTE_SVM,RANK_SMOTE_SVM,BORDERLINE1,RANK_BORDERLINE1,BORDERLINE2,RANK_BORDERLINE2,GEOSMOTE,RANK_GEOSMOTE,DELAUNAY,RANK_DELAUNAY,DELAUNAY_TYPE,ALPHA,unit
contraceptive,MLP,0.7879999999999999,7.0,0.8140000000000001,4.0,0.8079999999999999,6.0,0.82,1.0,0.8160000000000001,3.0,0.812,5.0,0.818,2.0,max_solid_angle,9,SPE
dermatology,MLP,0.934,5.5,0.934,5.5,0.934,5.5,0.9359999999999999,3.0,0.938,1.5,0.938,1.5,0.934,5.5,max_solid_angle,9,SPE
glass,MLP,0.8859999999999999,1.0,0.7979999999999999,7.0,0.8180000000000002,2.0,0.8019999999999999,4.0,0.8,6.0,0.8019999999999999,4.0,0.8019999999999999,4.0,max_solid_angle,9,SPE
new-thyroid,MLP,0.8560000000000001,7.0,0.8640000000000001,3.5,0.8619999999999999,5.5,0.8640000000000001,3.5,0.868,1.0,0.866,2.0,0.8619999999999999,5.5,max_solid_angle,9,SPE
penbased,MLP,0.982,7.0,0.988,3.0,0.988,3.0,0.986,6.0,0.988,3.0,0.988,3.0,0.988,3.0,max_solid_angle,9,SPE
thyroid,MLP,0.3,7.0,0.7020000000000001,3.0,0.608,6.0,0.67,5.0,0.6759999999999999,4.0,0.716,2.0,0.7179999999999999,1.0,max_solid_angle,9,SPE
wine,MLP,0.768,1.0,0.74,7.0,0.742,5.5,0.7440000000000001,3.5,0.746,2.0,0.7440000000000001,3.5,0.742,5.5,max_solid_angle,9,SPE
