index,0
ORIGINAL,2.857142857142857
SMOTE,3.2857142857142856
BORDERLINE1,3.5
BORDERLINE2,3.642857142857143
GEOSMOTE,3.857142857142857
SMOTE_SVM,5.0
DELAUNAY,5.857142857142857
