index,0
BORDERLINE2,3.142857142857143
DELAUNAY,3.357142857142857
SMOTE_SVM,3.642857142857143
SMOTE,4.0
BORDERLINE1,4.0
GEOSMOTE,4.5
ORIGINAL,5.357142857142857
