index,0
SMOTE,3.357142857142857
BORDERLINE1,3.5714285714285716
DELAUNAY,3.7857142857142856
GEOSMOTE,3.9285714285714284
SMOTE_SVM,4.071428571428571
BORDERLINE2,4.571428571428571
ORIGINAL,4.714285714285714
