index,0
GEOSMOTE,3.2857142857142856
BORDERLINE1,3.4285714285714284
SMOTE_SVM,3.5714285714285716
ORIGINAL,4.142857142857143
BORDERLINE2,4.357142857142857
SMOTE,4.428571428571429
DELAUNAY,4.785714285714286
