DATASET,ALGORITHM,ORIGINAL,RANK_ORIGINAL,SMOTE,RANK_SMOTE,SMOTE_SVM,RANK_SMOTE_SVM,BORDERLINE1,RANK_BORDERLINE1,BORDERLINE2,RANK_BORDERLINE2,GEOSMOTE,RANK_GEOSMOTE,DELAUNAY,RANK_DELAUNAY,DELAUNAY_TYPE,ALPHA,unit
contraceptive,MLP,0.262,1.0,0.2280000000000001,3.5,0.2240000000000001,6.5,0.2240000000000001,6.5,0.226,5.0,0.23200000000000004,2.0,0.2280000000000001,3.5,radius_ratio,4,REC
dermatology,MLP,0.516,2.0,0.512,4.5,0.5119999999999999,4.5,0.51,6.0,0.508,7.0,0.52,1.0,0.514,3.0,radius_ratio,4,REC
glass,MLP,0.184,7.0,0.382,2.0,0.36,4.0,0.376,3.0,0.35600000000000004,5.5,0.35600000000000004,5.5,0.394,1.0,radius_ratio,4,REC
new-thyroid,MLP,0.17600000000000002,1.0,0.132,5.0,0.128,6.5,0.14,3.5,0.14400000000000002,2.0,0.128,6.5,0.14,3.5,radius_ratio,4,REC
penbased,MLP,0.76,7.0,0.772,2.5,0.772,2.5,0.768,4.5,0.774,1.0,0.7659999999999999,6.0,0.768,4.5,radius_ratio,4,REC
thyroid,MLP,0.9179999999999999,1.0,0.906,6.0,0.91,2.0,0.908,4.0,0.908,4.0,0.884,7.0,0.908,4.0,radius_ratio,4,REC
wine,MLP,0.102,7.0,0.196,4.0,0.20800000000000002,3.0,0.212,2.0,0.21800000000000005,1.0,0.18000000000000002,6.0,0.19,5.0,radius_ratio,4,REC
