index,0
BORDERLINE2,3.5714285714285716
ORIGINAL,3.7142857142857144
SMOTE,3.7142857142857144
DELAUNAY,3.7142857142857144
SMOTE_SVM,4.214285714285714
BORDERLINE1,4.214285714285714
GEOSMOTE,4.857142857142857
