index,0
BORDERLINE1,2.857142857142857
BORDERLINE2,3.0714285714285716
SMOTE_SVM,3.5714285714285716
GEOSMOTE,3.857142857142857
SMOTE,3.9285714285714284
DELAUNAY,4.857142857142857
ORIGINAL,5.857142857142857
