index,0
BORDERLINE2,2.857142857142857
GEOSMOTE,3.0714285714285716
DELAUNAY,3.642857142857143
BORDERLINE1,3.857142857142857
SMOTE,4.571428571428571
SMOTE_SVM,4.857142857142857
ORIGINAL,5.142857142857143
