index,0
DELAUNAY,2.857142857142857
SMOTE_SVM,3.2142857142857144
BORDERLINE1,3.7857142857142856
GEOSMOTE,3.7857142857142856
SMOTE,4.0
BORDERLINE2,4.214285714285714
ORIGINAL,6.142857142857143
