index,0
DELAUNAY,3.0
BORDERLINE2,3.4285714285714284
BORDERLINE1,3.642857142857143
SMOTE,3.7857142857142856
GEOSMOTE,3.9285714285714284
ORIGINAL,4.714285714285714
SMOTE_SVM,5.5
