index,0
BORDERLINE1,2.5
DELAUNAY,3.7142857142857144
BORDERLINE2,3.857142857142857
SMOTE_SVM,4.142857142857143
GEOSMOTE,4.5
ORIGINAL,4.571428571428571
SMOTE,4.714285714285714
