index,0
SMOTE,3.642857142857143
GEOSMOTE,3.642857142857143
ORIGINAL,3.7142857142857144
DELAUNAY,3.9285714285714284
SMOTE_SVM,4.0
BORDERLINE1,4.0
BORDERLINE2,5.071428571428571
