index,0
SMOTE,3.357142857142857
ORIGINAL,3.5
BORDERLINE2,3.7857142857142856
GEOSMOTE,3.857142857142857
BORDERLINE1,3.9285714285714284
SMOTE_SVM,4.071428571428571
DELAUNAY,5.5
