index,0
BORDERLINE1,3.0
BORDERLINE2,3.142857142857143
SMOTE_SVM,3.642857142857143
GEOSMOTE,4.071428571428571
SMOTE,4.142857142857143
DELAUNAY,4.142857142857143
ORIGINAL,5.857142857142857
