index,0
SMOTE,3.0714285714285716
BORDERLINE1,3.357142857142857
SMOTE_SVM,3.7857142857142856
GEOSMOTE,3.9285714285714284
BORDERLINE2,4.571428571428571
DELAUNAY,4.571428571428571
ORIGINAL,4.714285714285714
