index,0
BORDERLINE2,3.142857142857143
SMOTE_SVM,3.4285714285714284
SMOTE,3.5
BORDERLINE1,3.5714285714285716
DELAUNAY,4.357142857142857
GEOSMOTE,4.714285714285714
ORIGINAL,5.285714285714286
