index,0
ORIGINAL,3.5
SMOTE,3.642857142857143
DELAUNAY,3.7142857142857144
GEOSMOTE,4.071428571428571
SMOTE_SVM,4.214285714285714
BORDERLINE2,4.285714285714286
BORDERLINE1,4.571428571428571
