index,0
BORDERLINE2,3.0
DELAUNAY,3.357142857142857
SMOTE_SVM,3.4285714285714284
SMOTE,3.857142857142857
BORDERLINE1,4.142857142857143
GEOSMOTE,4.642857142857143
ORIGINAL,5.571428571428571
