index,0
GEOSMOTE,1.8571428571428572
ORIGINAL,3.857142857142857
SMOTE,3.9285714285714284
DELAUNAY,4.357142857142857
SMOTE_SVM,4.428571428571429
BORDERLINE2,4.714285714285714
BORDERLINE1,4.857142857142857
