index,0
BORDERLINE1,2.142857142857143
DELAUNAY,3.0714285714285716
SMOTE_SVM,3.357142857142857
GEOSMOTE,4.142857142857143
SMOTE,4.214285714285714
BORDERLINE2,4.928571428571429
ORIGINAL,6.142857142857143
