index,0
GEOSMOTE,3.5714285714285716
DELAUNAY,3.857142857142857
ORIGINAL,3.9285714285714284
SMOTE_SVM,3.9285714285714284
BORDERLINE1,4.0
SMOTE,4.214285714285714
BORDERLINE2,4.5
