index,0
ORIGINAL,2.7857142857142856
BORDERLINE1,2.857142857142857
SMOTE,3.357142857142857
SMOTE_SVM,3.5
BORDERLINE2,4.214285714285714
DELAUNAY,5.428571428571429
GEOSMOTE,5.857142857142857
