index,0
BORDERLINE1,3.0
ORIGINAL,3.5714285714285716
DELAUNAY,3.857142857142857
SMOTE,4.0
SMOTE_SVM,4.214285714285714
BORDERLINE2,4.285714285714286
GEOSMOTE,5.071428571428571
