DATASET,ALGORITHM,ORIGINAL,RANK_ORIGINAL,SMOTE,RANK_SMOTE,SMOTE_SVM,RANK_SMOTE_SVM,BORDERLINE1,RANK_BORDERLINE1,BORDERLINE2,RANK_BORDERLINE2,GEOSMOTE,RANK_GEOSMOTE,DELAUNAY,RANK_DELAUNAY,DELAUNAY_TYPE,ALPHA,unit
contraceptive,RF,0.15800000000000006,1.0,0.15000000000000002,3.0,0.14800000000000002,4.5,0.14600000000000002,6.0,0.14400000000000002,7.0,0.15200000000000002,2.0,0.14800000000000002,4.5,area,9,IBA
dermatology,RF,0.508,7.0,0.52,1.0,0.514,3.5,0.518,2.0,0.514,3.5,0.512,5.5,0.512,5.5,area,9,IBA
glass,RF,0.22399999999999998,7.0,0.256,4.0,0.24,6.0,0.268,2.0,0.27,1.0,0.242,5.0,0.262,3.0,area,9,IBA
new-thyroid,RF,0.11599999999999999,7.0,0.128,4.0,0.128,4.0,0.128,4.0,0.132,2.0,0.134,1.0,0.118,6.0,area,9,IBA
penbased,RF,0.768,4.0,0.77,2.5,0.7659999999999999,6.0,0.77,2.5,0.7659999999999999,6.0,0.7659999999999999,6.0,0.7759999999999999,1.0,area,9,IBA
thyroid,RF,0.594,7.0,0.71,2.0,0.6599999999999999,4.0,0.65,5.0,0.8019999999999999,1.0,0.638,6.0,0.6659999999999999,3.0,area,9,IBA
wine,RF,0.272,1.0,0.264,4.5,0.258,7.0,0.264,4.5,0.264,4.5,0.268,2.0,0.264,4.5,area,9,IBA
