index,0
ORIGINAL,3.5714285714285716
GEOSMOTE,3.5714285714285716
SMOTE,3.7857142857142856
BORDERLINE1,3.857142857142857
SMOTE_SVM,4.0
DELAUNAY,4.071428571428571
BORDERLINE2,5.142857142857143
