index,0
BORDERLINE1,3.0714285714285716
ORIGINAL,3.5
DELAUNAY,3.5
BORDERLINE2,4.214285714285714
SMOTE,4.285714285714286
SMOTE_SVM,4.285714285714286
GEOSMOTE,5.142857142857143
