index,0
ORIGINAL,3.4285714285714284
GEOSMOTE,3.4285714285714284
SMOTE,3.5714285714285716
BORDERLINE1,3.7857142857142856
SMOTE_SVM,3.9285714285714284
BORDERLINE2,4.928571428571429
DELAUNAY,4.928571428571429
