index,0
GEOSMOTE,2.2142857142857144
DELAUNAY,3.2142857142857144
ORIGINAL,3.4285714285714284
SMOTE_SVM,4.642857142857143
SMOTE,4.714285714285714
BORDERLINE2,4.785714285714286
BORDERLINE1,5.0
