index,0
DELAUNAY,2.5714285714285716
ORIGINAL,3.857142857142857
GEOSMOTE,3.857142857142857
SMOTE,3.9285714285714284
SMOTE_SVM,4.142857142857143
BORDERLINE1,4.285714285714286
BORDERLINE2,5.357142857142857
