index,0
BORDERLINE1,2.2142857142857144
DELAUNAY,3.2857142857142856
SMOTE_SVM,3.4285714285714284
SMOTE,4.142857142857143
GEOSMOTE,4.142857142857143
BORDERLINE2,4.785714285714286
ORIGINAL,6.0
