index,0
DELAUNAY,3.0714285714285716
GEOSMOTE,3.2142857142857144
ORIGINAL,3.642857142857143
SMOTE,4.071428571428571
SMOTE_SVM,4.642857142857143
BORDERLINE2,4.642857142857143
BORDERLINE1,4.714285714285714
