index,0
ORIGINAL,2.7857142857142856
GEOSMOTE,3.5714285714285716
BORDERLINE1,3.7142857142857144
SMOTE_SVM,3.857142857142857
SMOTE,4.0
BORDERLINE2,4.857142857142857
DELAUNAY,5.214285714285714
