index,0
BORDERLINE2,3.642857142857143
DELAUNAY,3.642857142857143
SMOTE,3.7142857142857144
GEOSMOTE,3.857142857142857
SMOTE_SVM,4.142857142857143
BORDERLINE1,4.285714285714286
ORIGINAL,4.714285714285714
