index,0
DELAUNAY,2.357142857142857
GEOSMOTE,3.2857142857142856
ORIGINAL,3.7857142857142856
SMOTE,4.214285714285714
BORDERLINE2,4.714285714285714
SMOTE_SVM,4.785714285714286
BORDERLINE1,4.857142857142857
