index,0
BORDERLINE1,3.0
SMOTE_SVM,3.357142857142857
BORDERLINE2,4.0
GEOSMOTE,4.071428571428571
ORIGINAL,4.285714285714286
SMOTE,4.428571428571429
DELAUNAY,4.857142857142857
