index,0
SMOTE,2.642857142857143
BORDERLINE1,3.4285714285714284
ORIGINAL,3.7857142857142856
DELAUNAY,4.0
SMOTE_SVM,4.428571428571429
BORDERLINE2,4.428571428571429
GEOSMOTE,5.285714285714286
