index,0
BORDERLINE2,3.4285714285714284
SMOTE,3.642857142857143
BORDERLINE1,3.857142857142857
ORIGINAL,4.214285714285714
GEOSMOTE,4.214285714285714
SMOTE_SVM,4.285714285714286
DELAUNAY,4.357142857142857
