index,0
SMOTE,3.4285714285714284
DELAUNAY,3.4285714285714284
BORDERLINE1,3.642857142857143
SMOTE_SVM,4.0
GEOSMOTE,4.071428571428571
BORDERLINE2,4.642857142857143
ORIGINAL,4.785714285714286
