index,0
ORIGINAL,2.857142857142857
SMOTE,3.2857142857142856
BORDERLINE1,3.5
BORDERLINE2,3.7142857142857144
GEOSMOTE,3.9285714285714284
SMOTE_SVM,5.071428571428571
DELAUNAY,5.642857142857143
