index,0
BORDERLINE2,2.5714285714285716
BORDERLINE1,2.7142857142857144
DELAUNAY,3.4285714285714284
SMOTE,4.357142857142857
GEOSMOTE,4.357142857142857
SMOTE_SVM,4.857142857142857
ORIGINAL,5.714285714285714
