DATASET,ALGORITHM,ORIGINAL,RANK_ORIGINAL,SMOTE,RANK_SMOTE,SMOTE_SVM,RANK_SMOTE_SVM,BORDERLINE1,RANK_BORDERLINE1,BORDERLINE2,RANK_BORDERLINE2,GEOSMOTE,RANK_GEOSMOTE,DELAUNAY,RANK_DELAUNAY,DELAUNAY_TYPE,ALPHA,unit
contraceptive,QDA,0.20600000000000002,6.0,0.214,4.5,0.21600000000000005,2.5,0.214,4.5,0.21800000000000005,1.0,0.204,7.0,0.21600000000000005,2.5,max_solid_angle,1,PRE
dermatology,QDA,0.438,2.0,0.41,3.0,0.398,4.5,0.3840000000000001,6.0,0.398,4.5,0.4859999999999999,1.0,0.376,7.0,max_solid_angle,1,PRE
glass,QDA,0.07,3.0,0.002,5.5,0.002,5.5,0.002,5.5,0.002,5.5,0.278,2.0,0.34600000000000003,1.0,max_solid_angle,1,PRE
new-thyroid,QDA,0.136,3.5,0.136,3.5,0.136,3.5,0.136,3.5,0.132,7.0,0.136,3.5,0.136,3.5,max_solid_angle,1,PRE
penbased,QDA,0.01,4.5,0.01,4.5,0.01,4.5,0.01,4.5,0.01,4.5,0.62,1.0,0.01,4.5,max_solid_angle,1,PRE
thyroid,QDA,0.8779999999999999,3.0,0.8639999999999999,6.0,0.8559999999999999,7.0,0.8699999999999999,4.5,0.8700000000000001,4.5,0.906,1.0,0.892,2.0,max_solid_angle,1,PRE
wine,QDA,0.272,4.0,0.278,1.0,0.272,4.0,0.272,4.0,0.272,4.0,0.27,7.0,0.272,4.0,max_solid_angle,1,PRE
