index,0
SMOTE,3.357142857142857
BORDERLINE1,3.4285714285714284
GEOSMOTE,3.857142857142857
DELAUNAY,4.071428571428571
BORDERLINE2,4.214285714285714
ORIGINAL,4.5
SMOTE_SVM,4.571428571428571
