index,0
GEOSMOTE,1.3571428571428572
DELAUNAY,2.9285714285714284
ORIGINAL,3.2857142857142856
BORDERLINE2,4.5
SMOTE,4.857142857142857
SMOTE_SVM,5.357142857142857
BORDERLINE1,5.714285714285714
