index,0
BORDERLINE2,3.2142857142857144
DELAUNAY,3.2857142857142856
SMOTE,3.4285714285714284
BORDERLINE1,3.7142857142857144
SMOTE_SVM,4.428571428571429
GEOSMOTE,4.642857142857143
ORIGINAL,5.285714285714286
