index,0
DELAUNAY,2.5
GEOSMOTE,2.7857142857142856
SMOTE,4.0
SMOTE_SVM,4.071428571428571
BORDERLINE1,4.142857142857143
BORDERLINE2,4.428571428571429
ORIGINAL,6.071428571428571
