index,0
SMOTE,2.7857142857142856
BORDERLINE1,3.357142857142857
BORDERLINE2,3.357142857142857
GEOSMOTE,3.7857142857142856
ORIGINAL,4.714285714285714
SMOTE_SVM,4.857142857142857
DELAUNAY,5.142857142857143
