index,0
BORDERLINE2,2.9285714285714284
SMOTE,3.142857142857143
DELAUNAY,3.5
SMOTE_SVM,3.9285714285714284
GEOSMOTE,4.071428571428571
BORDERLINE1,4.928571428571429
ORIGINAL,5.5
