index,0
GEOSMOTE,3.5714285714285716
ORIGINAL,3.642857142857143
SMOTE,3.857142857142857
DELAUNAY,3.857142857142857
BORDERLINE1,3.9285714285714284
SMOTE_SVM,4.071428571428571
BORDERLINE2,5.071428571428571
