index,0
SMOTE,3.5
ORIGINAL,3.5714285714285716
GEOSMOTE,3.9285714285714284
SMOTE_SVM,4.0
BORDERLINE2,4.071428571428571
BORDERLINE1,4.285714285714286
DELAUNAY,4.642857142857143
