index,0
DELAUNAY,2.357142857142857
BORDERLINE2,3.2142857142857144
SMOTE,3.2857142857142856
SMOTE_SVM,4.142857142857143
GEOSMOTE,4.357142857142857
BORDERLINE1,5.142857142857143
ORIGINAL,5.5
