index,0
BORDERLINE2,3.0714285714285716
SMOTE_SVM,3.357142857142857
SMOTE,3.7857142857142856
BORDERLINE1,3.7857142857142856
GEOSMOTE,4.357142857142857
DELAUNAY,4.357142857142857
ORIGINAL,5.285714285714286
