index,0
SMOTE,3.0
ORIGINAL,3.0714285714285716
BORDERLINE1,3.4285714285714284
BORDERLINE2,3.5
GEOSMOTE,4.428571428571429
DELAUNAY,5.142857142857143
SMOTE_SVM,5.428571428571429
