index,0
GEOSMOTE,1.2857142857142858
ORIGINAL,3.0714285714285716
DELAUNAY,3.857142857142857
BORDERLINE2,4.357142857142857
SMOTE,4.642857142857143
SMOTE_SVM,5.214285714285714
BORDERLINE1,5.571428571428571
