index,0
DELAUNAY,2.642857142857143
GEOSMOTE,2.9285714285714284
BORDERLINE1,3.857142857142857
SMOTE,4.0
SMOTE_SVM,4.071428571428571
BORDERLINE2,4.285714285714286
ORIGINAL,6.214285714285714
