index,0
BORDERLINE1,3.142857142857143
SMOTE_SVM,3.5
DELAUNAY,3.857142857142857
BORDERLINE2,4.142857142857143
ORIGINAL,4.285714285714286
GEOSMOTE,4.357142857142857
SMOTE,4.714285714285714
