index,0
DELAUNAY,3.0714285714285716
BORDERLINE2,3.142857142857143
SMOTE_SVM,3.357142857142857
SMOTE,4.071428571428571
BORDERLINE1,4.142857142857143
GEOSMOTE,4.642857142857143
ORIGINAL,5.571428571428571
