index,0
ORIGINAL,2.7857142857142856
BORDERLINE1,2.9285714285714284
SMOTE,3.357142857142857
SMOTE_SVM,3.5714285714285716
BORDERLINE2,4.428571428571429
DELAUNAY,5.071428571428571
GEOSMOTE,5.857142857142857
