index,0
BORDERLINE1,3.2857142857142856
SMOTE,3.357142857142857
GEOSMOTE,3.9285714285714284
DELAUNAY,4.142857142857143
BORDERLINE2,4.214285714285714
ORIGINAL,4.5
SMOTE_SVM,4.571428571428571
