index,0
SMOTE,2.7142857142857144
BORDERLINE1,3.5714285714285716
BORDERLINE2,3.642857142857143
GEOSMOTE,3.9285714285714284
DELAUNAY,4.285714285714286
ORIGINAL,4.785714285714286
SMOTE_SVM,5.071428571428571
