index,0
BORDERLINE2,2.857142857142857
GEOSMOTE,3.142857142857143
DELAUNAY,3.2857142857142856
BORDERLINE1,3.9285714285714284
SMOTE,4.785714285714286
SMOTE_SVM,4.928571428571429
ORIGINAL,5.071428571428571
