index,0
BORDERLINE1,3.142857142857143
DELAUNAY,3.642857142857143
SMOTE,3.9285714285714284
SMOTE_SVM,4.0
BORDERLINE2,4.071428571428571
GEOSMOTE,4.5
ORIGINAL,4.714285714285714
