index,0
BORDERLINE1,2.9285714285714284
BORDERLINE2,3.2142857142857144
SMOTE_SVM,3.5714285714285716
GEOSMOTE,3.857142857142857
SMOTE,4.0
DELAUNAY,4.428571428571429
ORIGINAL,6.0
