index,0
BORDERLINE1,2.7142857142857144
DELAUNAY,3.0714285714285716
BORDERLINE2,3.857142857142857
SMOTE_SVM,4.142857142857143
SMOTE,4.571428571428571
GEOSMOTE,4.714285714285714
ORIGINAL,4.928571428571429
