index,0
BORDERLINE1,3.5714285714285716
DELAUNAY,3.5714285714285716
SMOTE,3.642857142857143
ORIGINAL,3.9285714285714284
GEOSMOTE,4.071428571428571
BORDERLINE2,4.142857142857143
SMOTE_SVM,5.071428571428571
