index,0
BORDERLINE1,2.9285714285714284
BORDERLINE2,2.9285714285714284
SMOTE,3.4285714285714284
GEOSMOTE,3.5
DELAUNAY,4.285714285714286
SMOTE_SVM,4.357142857142857
ORIGINAL,6.571428571428571
