DATASET,ALGORITHM,ORIGINAL,RANK_ORIGINAL,SMOTE,RANK_SMOTE,SMOTE_SVM,RANK_SMOTE_SVM,BORDERLINE1,RANK_BORDERLINE1,BORDERLINE2,RANK_BORDERLINE2,GEOSMOTE,RANK_GEOSMOTE,DELAUNAY,RANK_DELAUNAY,DELAUNAY_TYPE,ALPHA,unit
contraceptive,KNN,0.20600000000000002,1.0,0.194,5.5,0.2,2.5,0.188,7.0,0.194,5.5,0.2,2.5,0.196,4.0,min_solid_angle,4,F1
dermatology,KNN,0.506,2.5,0.506,2.5,0.504,4.0,0.502,5.0,0.5,6.5,0.5,6.5,0.508,1.0,min_solid_angle,4,F1
glass,KNN,0.254,7.0,0.27,6.0,0.278,5.0,0.284,2.5,0.282,4.0,0.28600000000000003,1.0,0.28400000000000003,2.5,min_solid_angle,4,F1
new-thyroid,KNN,0.134,1.0,0.128,4.0,0.13,2.5,0.13,2.5,0.126,6.0,0.126,6.0,0.126,6.0,min_solid_angle,4,F1
penbased,KNN,0.7659999999999999,7.0,0.772,6.0,0.774,3.5,0.7760000000000001,1.0,0.7740000000000001,3.5,0.774,3.5,0.774,3.5,min_solid_angle,4,F1
thyroid,KNN,0.8960000000000001,1.0,0.826,7.0,0.8640000000000001,2.0,0.8539999999999999,3.0,0.85,4.0,0.8459999999999999,5.0,0.8299999999999998,6.0,min_solid_angle,4,F1
wine,KNN,0.21600000000000005,6.0,0.252,2.0,0.244,4.0,0.23,5.0,0.248,3.0,0.214,7.0,0.256,1.0,min_solid_angle,4,F1
