index,0
DELAUNAY,3.142857142857143
BORDERLINE2,3.4285714285714284
SMOTE,3.5
SMOTE_SVM,3.7857142857142856
BORDERLINE1,3.857142857142857
GEOSMOTE,4.928571428571429
ORIGINAL,5.357142857142857
