index,0
BORDERLINE1,2.642857142857143
DELAUNAY,3.357142857142857
SMOTE_SVM,3.642857142857143
GEOSMOTE,4.071428571428571
BORDERLINE2,4.142857142857143
SMOTE,4.285714285714286
ORIGINAL,5.857142857142857
