index,0
SMOTE,3.4285714285714284
BORDERLINE1,3.642857142857143
GEOSMOTE,3.642857142857143
SMOTE_SVM,3.7857142857142856
BORDERLINE2,3.857142857142857
DELAUNAY,3.9285714285714284
ORIGINAL,5.714285714285714
