index,0
BORDERLINE1,1.9285714285714286
SMOTE_SVM,3.2857142857142856
SMOTE,3.857142857142857
GEOSMOTE,3.9285714285714284
DELAUNAY,4.214285714285714
BORDERLINE2,4.642857142857143
ORIGINAL,6.142857142857143
