index,0
SMOTE,3.5714285714285716
BORDERLINE1,3.7857142857142856
GEOSMOTE,3.7857142857142856
BORDERLINE2,3.857142857142857
SMOTE_SVM,4.071428571428571
DELAUNAY,4.071428571428571
ORIGINAL,4.857142857142857
