index,0
SMOTE_SVM,3.2142857142857144
DELAUNAY,3.4285714285714284
BORDERLINE1,3.857142857142857
BORDERLINE2,3.9285714285714284
ORIGINAL,4.5
SMOTE,4.5
GEOSMOTE,4.571428571428571
