index,0
BORDERLINE1,2.857142857142857
BORDERLINE2,3.142857142857143
SMOTE_SVM,3.642857142857143
SMOTE,3.9285714285714284
GEOSMOTE,3.9285714285714284
DELAUNAY,4.571428571428571
ORIGINAL,5.928571428571429
