index,0
BORDERLINE2,2.9285714285714284
SMOTE,3.0714285714285716
DELAUNAY,3.4285714285714284
GEOSMOTE,4.0
BORDERLINE1,4.214285714285714
ORIGINAL,4.428571428571429
SMOTE_SVM,5.928571428571429
