index,0
ORIGINAL,2.2857142857142856
SMOTE,2.7142857142857144
BORDERLINE1,3.5
GEOSMOTE,3.7857142857142856
BORDERLINE2,3.857142857142857
SMOTE_SVM,5.357142857142857
DELAUNAY,6.5
