index,0
SMOTE,2.4285714285714284
BORDERLINE1,3.5
GEOSMOTE,3.7142857142857144
BORDERLINE2,4.0
DELAUNAY,4.071428571428571
SMOTE_SVM,5.0
ORIGINAL,5.285714285714286
