DATASET,ALGORITHM,ORIGINAL,RANK_ORIGINAL,SMOTE,RANK_SMOTE,SMOTE_SVM,RANK_SMOTE_SVM,BORDERLINE1,RANK_BORDERLINE1,BORDERLINE2,RANK_BORDERLINE2,GEOSMOTE,RANK_GEOSMOTE,DELAUNAY,RANK_DELAUNAY,DELAUNAY_TYPE,ALPHA,unit
contraceptive,LRG,0.124,7.0,0.15200000000000002,3.5,0.14800000000000002,6.0,0.15000000000000002,5.0,0.156,1.0,0.154,2.0,0.152,3.5,edge_ratio,1,IBA
dermatology,LRG,0.28400000000000003,7.0,0.494,1.0,0.484,2.0,0.45,5.0,0.4360000000000001,6.0,0.48200000000000004,3.0,0.48,4.0,edge_ratio,1,IBA
glass,LRG,0.0,4.0,0.0,4.0,0.0,4.0,0.0,4.0,0.0,4.0,0.0,4.0,0.0,4.0,edge_ratio,1,IBA
new-thyroid,LRG,0.0,7.0,0.08600000000000001,3.0,0.094,1.0,0.086,3.0,0.086,3.0,0.08199999999999999,5.5,0.08199999999999999,5.5,edge_ratio,1,IBA
penbased,LRG,0.6540000000000001,7.0,0.664,3.5,0.662,6.0,0.6639999999999999,3.5,0.6639999999999999,3.5,0.6639999999999999,3.5,0.6659999999999999,1.0,edge_ratio,1,IBA
thyroid,LRG,0.0,7.0,0.30799999999999994,3.0,0.096,6.0,0.31399999999999995,2.0,0.316,1.0,0.29599999999999993,4.0,0.222,5.0,edge_ratio,1,IBA
wine,LRG,0.0,7.0,0.02,3.5,0.02,3.5,0.022,1.0,0.018000000000000002,6.0,0.02,3.5,0.02,3.5,edge_ratio,1,IBA
