index,0
ORIGINAL,3.2857142857142856
SMOTE,3.357142857142857
BORDERLINE2,3.5
BORDERLINE1,3.642857142857143
DELAUNAY,3.9285714285714284
GEOSMOTE,4.571428571428571
SMOTE_SVM,5.714285714285714
