index,0
SMOTE_SVM,3.0714285714285716
BORDERLINE1,3.4285714285714284
BORDERLINE2,3.642857142857143
GEOSMOTE,4.0
SMOTE,4.214285714285714
DELAUNAY,4.785714285714286
ORIGINAL,4.857142857142857
