index,0
SMOTE,3.142857142857143
GEOSMOTE,3.357142857142857
BORDERLINE2,3.4285714285714284
BORDERLINE1,3.7142857142857144
SMOTE_SVM,4.428571428571429
DELAUNAY,4.428571428571429
ORIGINAL,5.5
