index,0
DELAUNAY,3.0
BORDERLINE1,3.642857142857143
SMOTE,3.9285714285714284
ORIGINAL,4.071428571428571
BORDERLINE2,4.142857142857143
GEOSMOTE,4.142857142857143
SMOTE_SVM,5.071428571428571
