index,0
SMOTE,3.4285714285714284
ORIGINAL,3.5
BORDERLINE2,3.857142857142857
SMOTE_SVM,4.0
BORDERLINE1,4.0
GEOSMOTE,4.142857142857143
DELAUNAY,5.071428571428571
