index,0
BORDERLINE2,3.2857142857142856
DELAUNAY,3.2857142857142856
SMOTE_SVM,3.5714285714285716
BORDERLINE1,3.7857142857142856
SMOTE,3.857142857142857
GEOSMOTE,4.785714285714286
ORIGINAL,5.428571428571429
