index,0
SMOTE,3.5714285714285716
BORDERLINE1,3.5714285714285716
GEOSMOTE,3.5714285714285716
BORDERLINE2,3.7142857142857144
SMOTE_SVM,3.857142857142857
DELAUNAY,4.0
ORIGINAL,5.714285714285714
