index,0
BORDERLINE2,3.5
SMOTE,3.5714285714285716
BORDERLINE1,3.7857142857142856
DELAUNAY,3.9285714285714284
ORIGINAL,4.357142857142857
SMOTE_SVM,4.357142857142857
GEOSMOTE,4.5
