index,0
SMOTE,3.0
BORDERLINE1,3.2857142857142856
BORDERLINE2,3.4285714285714284
GEOSMOTE,3.642857142857143
DELAUNAY,4.0
SMOTE_SVM,4.071428571428571
ORIGINAL,6.571428571428571
