DATASET,ALGORITHM,ORIGINAL,RANK_ORIGINAL,SMOTE,RANK_SMOTE,SMOTE_SVM,RANK_SMOTE_SVM,BORDERLINE1,RANK_BORDERLINE1,BORDERLINE2,RANK_BORDERLINE2,GEOSMOTE,RANK_GEOSMOTE,DELAUNAY,RANK_DELAUNAY,DELAUNAY_TYPE,ALPHA,unit
contraceptive,QDA,0.8420000000000001,6.0,0.86,2.5,0.858,4.5,0.8619999999999999,1.0,0.86,2.5,0.8400000000000001,7.0,0.858,4.5,max_solid_angle,1,SPE
dermatology,QDA,0.9179999999999999,2.0,0.914,4.5,0.914,4.5,0.912,6.0,0.916,3.0,0.932,1.0,0.906,7.0,max_solid_angle,1,SPE
glass,QDA,0.9259999999999999,5.0,0.948,2.5,0.948,2.5,0.948,2.5,0.948,2.5,0.8320000000000001,7.0,0.8340000000000001,6.0,max_solid_angle,1,SPE
new-thyroid,QDA,0.86,6.5,0.8619999999999999,4.0,0.8619999999999999,4.0,0.8619999999999999,4.0,0.8640000000000001,2.0,0.86,6.5,0.866,1.0,max_solid_angle,1,SPE
penbased,QDA,0.9,4.5,0.9,4.5,0.9,4.5,0.9,4.5,0.9,4.5,0.97,1.0,0.9,4.5,max_solid_angle,1,SPE
thyroid,QDA,0.6540000000000001,3.0,0.17800000000000002,6.0,0.07400000000000001,7.0,0.25,5.0,0.392,4.0,0.8099999999999999,2.0,0.8559999999999999,1.0,max_solid_angle,1,SPE
wine,QDA,0.7959999999999999,3.5,0.7979999999999999,1.0,0.7959999999999999,3.5,0.7959999999999999,3.5,0.792,6.0,0.7859999999999999,7.0,0.7959999999999999,3.5,max_solid_angle,1,SPE
