index,0
SMOTE,3.0
BORDERLINE2,3.5714285714285716
BORDERLINE1,3.7142857142857144
GEOSMOTE,3.9285714285714284
DELAUNAY,3.9285714285714284
ORIGINAL,4.857142857142857
SMOTE_SVM,5.0
