index,0
GEOSMOTE,3.2142857142857144
DELAUNAY,3.4285714285714284
ORIGINAL,3.7142857142857144
SMOTE,3.9285714285714284
SMOTE_SVM,4.5
BORDERLINE2,4.5
BORDERLINE1,4.714285714285714
