index,0
SMOTE,3.357142857142857
BORDERLINE1,3.4285714285714284
DELAUNAY,3.7142857142857144
SMOTE_SVM,3.9285714285714284
GEOSMOTE,4.214285714285714
BORDERLINE2,4.571428571428571
ORIGINAL,4.785714285714286
