index,0
BORDERLINE1,2.5714285714285716
SMOTE_SVM,3.642857142857143
GEOSMOTE,3.7857142857142856
DELAUNAY,3.857142857142857
SMOTE,4.0
BORDERLINE2,4.142857142857143
ORIGINAL,6.0
