index,0
ORIGINAL,2.857142857142857
BORDERLINE1,3.0
SMOTE,3.5714285714285716
SMOTE_SVM,3.857142857142857
DELAUNAY,4.357142857142857
BORDERLINE2,4.428571428571429
GEOSMOTE,5.928571428571429
