index,0
SMOTE,2.357142857142857
BORDERLINE1,3.2142857142857144
ORIGINAL,3.4285714285714284
BORDERLINE2,4.0
SMOTE_SVM,4.214285714285714
GEOSMOTE,5.0
DELAUNAY,5.785714285714286
