index,0
ORIGINAL,2.5714285714285716
SMOTE,2.9285714285714284
BORDERLINE1,3.857142857142857
DELAUNAY,4.0
BORDERLINE2,4.285714285714286
GEOSMOTE,4.285714285714286
SMOTE_SVM,6.071428571428571
