index,0
ORIGINAL,2.857142857142857
GEOSMOTE,3.7142857142857144
BORDERLINE1,3.7857142857142856
SMOTE_SVM,3.9285714285714284
SMOTE,4.071428571428571
DELAUNAY,4.785714285714286
BORDERLINE2,4.857142857142857
