index,0
BORDERLINE2,3.5714285714285716
SMOTE,3.642857142857143
DELAUNAY,3.642857142857143
BORDERLINE1,3.857142857142857
ORIGINAL,4.428571428571429
SMOTE_SVM,4.428571428571429
GEOSMOTE,4.428571428571429
