index,0
DELAUNAY,3.5
BORDERLINE2,3.642857142857143
ORIGINAL,3.7142857142857144
SMOTE,3.9285714285714284
SMOTE_SVM,4.142857142857143
BORDERLINE1,4.214285714285714
GEOSMOTE,4.857142857142857
