index,0
BORDERLINE2,3.0714285714285716
SMOTE_SVM,3.2857142857142856
SMOTE,3.4285714285714284
BORDERLINE1,3.5
GEOSMOTE,4.714285714285714
DELAUNAY,4.785714285714286
ORIGINAL,5.214285714285714
