DATASET,ALGORITHM,ORIGINAL,RANK_ORIGINAL,SMOTE,RANK_SMOTE,SMOTE_SVM,RANK_SMOTE_SVM,BORDERLINE1,RANK_BORDERLINE1,BORDERLINE2,RANK_BORDERLINE2,GEOSMOTE,RANK_GEOSMOTE,DELAUNAY,RANK_DELAUNAY,DELAUNAY_TYPE,ALPHA,unit
contraceptive,QDA,0.18600000000000005,1.5,0.16999999999999998,5.0,0.174,3.0,0.17,5.0,0.16999999999999998,5.0,0.18600000000000005,1.5,0.168,7.0,radius_ratio,9,REC
dermatology,QDA,0.4900000000000001,1.0,0.474,4.0,0.4699999999999999,5.0,0.46399999999999997,7.0,0.466,6.0,0.4859999999999999,2.0,0.48,3.0,radius_ratio,9,REC
glass,QDA,0.13200000000000006,3.0,0.052000000000000005,5.5,0.052000000000000005,5.5,0.052000000000000005,5.5,0.052000000000000005,5.5,0.30000000000000004,2.0,0.39,1.0,radius_ratio,9,REC
new-thyroid,QDA,0.128,5.0,0.128,5.0,0.128,5.0,0.128,5.0,0.132,1.5,0.132,1.5,0.128,5.0,radius_ratio,9,REC
penbased,QDA,0.1,5.0,0.1,5.0,0.1,5.0,0.1,5.0,0.1,5.0,0.636,1.0,0.502,2.0,radius_ratio,9,REC
thyroid,QDA,0.474,7.0,0.882,2.0,0.916,1.0,0.8539999999999999,4.0,0.72,5.0,0.5700000000000001,6.0,0.866,3.0,radius_ratio,9,REC
wine,QDA,0.27,4.5,0.27,4.5,0.27,4.5,0.27,4.5,0.27,4.5,0.28200000000000003,1.0,0.27,4.5,radius_ratio,9,REC
