index,0
BORDERLINE2,2.642857142857143
GEOSMOTE,3.0
BORDERLINE1,3.857142857142857
DELAUNAY,3.857142857142857
SMOTE,4.571428571428571
SMOTE_SVM,4.928571428571429
ORIGINAL,5.142857142857143
