index,0
GEOSMOTE,2.5
DELAUNAY,3.5
SMOTE_SVM,4.0
ORIGINAL,4.214285714285714
SMOTE,4.428571428571429
BORDERLINE1,4.642857142857143
BORDERLINE2,4.714285714285714
