index,0
DELAUNAY,2.7142857142857144
SMOTE,3.142857142857143
BORDERLINE1,3.9285714285714284
BORDERLINE2,3.9285714285714284
GEOSMOTE,4.071428571428571
ORIGINAL,4.857142857142857
SMOTE_SVM,5.357142857142857
