DATASET,ALGORITHM,ORIGINAL,RANK_ORIGINAL,SMOTE,RANK_SMOTE,SMOTE_SVM,RANK_SMOTE_SVM,BORDERLINE1,RANK_BORDERLINE1,BORDERLINE2,RANK_BORDERLINE2,GEOSMOTE,RANK_GEOSMOTE,DELAUNAY,RANK_DELAUNAY,DELAUNAY_TYPE,ALPHA,unit
contraceptive,SGD,0.7459999999999999,7.0,0.778,3.0,0.794,2.0,0.812,1.0,0.764,5.0,0.7739999999999999,4.0,0.758,6.0,volume,9,SPE
dermatology,SGD,0.914,6.0,0.906,7.0,0.924,3.0,0.922,5.0,0.924,3.0,0.9259999999999999,1.0,0.924,3.0,volume,9,SPE
glass,SGD,0.784,7.0,0.8859999999999999,2.0,0.7979999999999999,6.0,0.8540000000000001,3.0,0.85,4.0,0.9280000000000002,1.0,0.8099999999999999,5.0,volume,9,SPE
new-thyroid,SGD,0.86,5.5,0.884,2.0,0.8699999999999999,4.0,0.8759999999999999,3.0,0.86,5.5,0.904,1.0,0.858,7.0,volume,9,SPE
penbased,SGD,0.974,6.0,0.9740000000000001,6.0,0.98,1.0,0.974,6.0,0.976,4.0,0.978,2.5,0.978,2.5,volume,9,SPE
thyroid,SGD,0.12200000000000005,7.0,0.452,4.0,0.354,5.0,0.6459999999999999,1.0,0.4980000000000001,3.0,0.5900000000000001,2.0,0.276,6.0,volume,9,SPE
wine,SGD,0.784,4.0,0.836,2.0,0.738,5.0,0.6779999999999999,7.0,0.828,3.0,0.6859999999999999,6.0,0.8460000000000001,1.0,volume,9,SPE
