index,0
ORIGINAL,3.4285714285714284
SMOTE,3.5714285714285716
GEOSMOTE,4.0
DELAUNAY,4.0
SMOTE_SVM,4.142857142857143
BORDERLINE2,4.357142857142857
BORDERLINE1,4.5
