index,0
SMOTE,3.4285714285714284
BORDERLINE1,3.7857142857142856
GEOSMOTE,3.7857142857142856
BORDERLINE2,3.857142857142857
SMOTE_SVM,4.0
DELAUNAY,4.285714285714286
ORIGINAL,4.857142857142857
