index,0
ORIGINAL,2.7857142857142856
GEOSMOTE,3.7142857142857144
BORDERLINE1,3.9285714285714284
SMOTE,4.071428571428571
DELAUNAY,4.214285714285714
SMOTE_SVM,4.285714285714286
BORDERLINE2,5.0
