index,0
GEOSMOTE,3.7142857142857144
DELAUNAY,3.857142857142857
ORIGINAL,3.9285714285714284
SMOTE_SVM,3.9285714285714284
BORDERLINE1,4.0
SMOTE,4.071428571428571
BORDERLINE2,4.5
