index,0
BORDERLINE1,2.7857142857142856
BORDERLINE2,3.2857142857142856
SMOTE,3.4285714285714284
SMOTE_SVM,3.857142857142857
GEOSMOTE,4.285714285714286
ORIGINAL,4.928571428571429
DELAUNAY,5.428571428571429
