index,0
SMOTE,3.2857142857142856
GEOSMOTE,3.357142857142857
BORDERLINE1,3.5
DELAUNAY,3.7142857142857144
SMOTE_SVM,4.071428571428571
BORDERLINE2,4.214285714285714
ORIGINAL,5.857142857142857
