index,0
ORIGINAL,2.7857142857142856
BORDERLINE1,3.7142857142857144
GEOSMOTE,3.7142857142857144
SMOTE_SVM,3.9285714285714284
SMOTE,4.0
BORDERLINE2,4.928571428571429
DELAUNAY,4.928571428571429
