index,0
DELAUNAY,2.9285714285714284
SMOTE,3.357142857142857
BORDERLINE2,3.7142857142857144
GEOSMOTE,3.7142857142857144
BORDERLINE1,4.0
SMOTE_SVM,4.785714285714286
ORIGINAL,5.5
