index,0
SMOTE,3.0
BORDERLINE1,3.142857142857143
SMOTE_SVM,3.857142857142857
GEOSMOTE,4.071428571428571
BORDERLINE2,4.428571428571429
ORIGINAL,4.571428571428571
DELAUNAY,4.928571428571429
