index,0
BORDERLINE2,2.642857142857143
SMOTE,2.9285714285714284
SMOTE_SVM,3.7857142857142856
GEOSMOTE,4.0
DELAUNAY,4.571428571428571
BORDERLINE1,4.714285714285714
ORIGINAL,5.357142857142857
