index,0
GEOSMOTE,2.5
SMOTE,3.7142857142857144
SMOTE_SVM,3.7142857142857144
BORDERLINE1,3.7142857142857144
BORDERLINE2,3.9285714285714284
DELAUNAY,4.357142857142857
ORIGINAL,6.071428571428571
