index,0
GEOSMOTE,2.0
DELAUNAY,3.642857142857143
ORIGINAL,4.0
SMOTE,4.071428571428571
SMOTE_SVM,4.428571428571429
BORDERLINE2,4.857142857142857
BORDERLINE1,5.0
