index,0
GEOSMOTE,1.2857142857142858
ORIGINAL,3.0
DELAUNAY,3.7142857142857144
BORDERLINE2,4.428571428571429
SMOTE,4.714285714285714
SMOTE_SVM,5.214285714285714
BORDERLINE1,5.642857142857143
