index,0
BORDERLINE1,2.857142857142857
SMOTE_SVM,3.4285714285714284
BORDERLINE2,3.857142857142857
ORIGINAL,4.357142857142857
GEOSMOTE,4.357142857142857
SMOTE,4.428571428571429
DELAUNAY,4.714285714285714
