index,0
SMOTE,3.0714285714285716
BORDERLINE2,3.357142857142857
BORDERLINE1,3.5
GEOSMOTE,3.857142857142857
DELAUNAY,4.571428571428571
ORIGINAL,4.714285714285714
SMOTE_SVM,4.928571428571429
