DATASET,ALGORITHM,ORIGINAL,RANK_ORIGINAL,SMOTE,RANK_SMOTE,SMOTE_SVM,RANK_SMOTE_SVM,BORDERLINE1,RANK_BORDERLINE1,BORDERLINE2,RANK_BORDERLINE2,GEOSMOTE,RANK_GEOSMOTE,DELAUNAY,RANK_DELAUNAY,DELAUNAY_TYPE,ALPHA,unit
contraceptive,KNN,0.28800000000000003,1.0,0.276,6.0,0.28600000000000003,2.0,0.274,7.0,0.278,5.0,0.28400000000000003,3.5,0.28400000000000003,3.5,radius_ratio,1,GEO
dermatology,KNN,0.52,2.5,0.518,4.0,0.52,2.5,0.514,6.0,0.512,7.0,0.516,5.0,0.5239999999999999,1.0,radius_ratio,1,GEO
glass,KNN,0.304,7.0,0.368,6.0,0.3700000000000001,5.0,0.378,3.0,0.378,3.0,0.38,1.0,0.378,3.0,radius_ratio,1,GEO
new-thyroid,KNN,0.134,5.5,0.136,3.5,0.138,1.5,0.138,1.5,0.136,3.5,0.134,5.5,0.132,7.0,radius_ratio,1,GEO
penbased,KNN,0.7759999999999999,7.0,0.78,3.5,0.7780000000000001,6.0,0.78,3.5,0.782,1.0,0.78,3.5,0.78,3.5,radius_ratio,1,GEO
thyroid,KNN,0.256,7.0,0.47,4.0,0.454,5.0,0.484,3.0,0.498,1.0,0.31399999999999995,6.0,0.4900000000000001,2.0,radius_ratio,1,GEO
wine,KNN,0.27,7.0,0.312,1.0,0.306,3.0,0.292,4.0,0.31,2.0,0.278,5.5,0.278,5.5,radius_ratio,1,GEO
