index,0
BORDERLINE1,3.142857142857143
DELAUNAY,3.2857142857142856
ORIGINAL,3.4285714285714284
SMOTE,4.285714285714286
SMOTE_SVM,4.357142857142857
BORDERLINE2,4.357142857142857
GEOSMOTE,5.142857142857143
