index,0
BORDERLINE2,2.7142857142857144
SMOTE,2.9285714285714284
GEOSMOTE,3.642857142857143
BORDERLINE1,3.9285714285714284
ORIGINAL,4.571428571428571
DELAUNAY,4.714285714285714
SMOTE_SVM,5.5
