index,0
DELAUNAY,2.142857142857143
BORDERLINE1,3.357142857142857
ORIGINAL,3.642857142857143
SMOTE,4.5
BORDERLINE2,4.5
SMOTE_SVM,4.571428571428571
GEOSMOTE,5.285714285714286
