index,0
SMOTE,3.0714285714285716
DELAUNAY,3.642857142857143
ORIGINAL,4.0
BORDERLINE2,4.0
BORDERLINE1,4.214285714285714
GEOSMOTE,4.428571428571429
SMOTE_SVM,4.642857142857143
