index,0
BORDERLINE1,2.857142857142857
BORDERLINE2,3.5
DELAUNAY,3.5
GEOSMOTE,3.7142857142857144
SMOTE_SVM,4.0
SMOTE,4.571428571428571
ORIGINAL,5.857142857142857
