index,0
BORDERLINE1,3.0714285714285716
DELAUNAY,3.5
ORIGINAL,3.5714285714285716
SMOTE,4.214285714285714
BORDERLINE2,4.214285714285714
SMOTE_SVM,4.357142857142857
GEOSMOTE,5.071428571428571
