index,0
BORDERLINE2,3.0714285714285716
SMOTE_SVM,3.357142857142857
DELAUNAY,3.357142857142857
SMOTE,3.9285714285714284
BORDERLINE1,4.142857142857143
GEOSMOTE,4.571428571428571
ORIGINAL,5.571428571428571
