index,0
BORDERLINE1,3.0714285714285716
BORDERLINE2,3.0714285714285716
SMOTE,3.5714285714285716
GEOSMOTE,3.642857142857143
DELAUNAY,3.642857142857143
SMOTE_SVM,4.428571428571429
ORIGINAL,6.571428571428571
