index,0
BORDERLINE2,2.7142857142857144
SMOTE,2.857142857142857
GEOSMOTE,3.5
BORDERLINE1,3.642857142857143
ORIGINAL,4.214285714285714
SMOTE_SVM,5.428571428571429
DELAUNAY,5.642857142857143
