index,0
GEOSMOTE,2.142857142857143
DELAUNAY,3.357142857142857
ORIGINAL,4.0
SMOTE,4.285714285714286
SMOTE_SVM,4.5
BORDERLINE2,4.785714285714286
BORDERLINE1,4.928571428571429
