index,0
GEOSMOTE,2.0
ORIGINAL,3.7142857142857144
SMOTE_SVM,4.0
SMOTE,4.357142857142857
BORDERLINE2,4.428571428571429
DELAUNAY,4.571428571428571
BORDERLINE1,4.928571428571429
