index,0
DELAUNAY,3.642857142857143
ORIGINAL,3.7142857142857144
SMOTE,3.7857142857142856
GEOSMOTE,4.142857142857143
SMOTE_SVM,4.214285714285714
BORDERLINE1,4.214285714285714
BORDERLINE2,4.285714285714286
