index,0
DELAUNAY,2.857142857142857
BORDERLINE2,3.5
SMOTE,3.5714285714285716
GEOSMOTE,3.7142857142857144
BORDERLINE1,3.9285714285714284
SMOTE_SVM,4.785714285714286
ORIGINAL,5.642857142857143
