index,0
DELAUNAY,2.142857142857143
GEOSMOTE,2.857142857142857
BORDERLINE1,4.0
SMOTE,4.142857142857143
SMOTE_SVM,4.214285714285714
BORDERLINE2,4.428571428571429
ORIGINAL,6.214285714285714
