index,0
BORDERLINE2,2.357142857142857
BORDERLINE1,2.642857142857143
GEOSMOTE,4.142857142857143
DELAUNAY,4.142857142857143
SMOTE,4.285714285714286
SMOTE_SVM,4.714285714285714
ORIGINAL,5.714285714285714
