index,0
BORDERLINE1,2.4285714285714284
BORDERLINE2,3.5714285714285716
SMOTE_SVM,3.857142857142857
SMOTE,4.357142857142857
GEOSMOTE,4.428571428571429
DELAUNAY,4.5
ORIGINAL,4.857142857142857
