index,0
GEOSMOTE,1.8571428571428572
ORIGINAL,3.7857142857142856
SMOTE,4.0
SMOTE_SVM,4.357142857142857
DELAUNAY,4.571428571428571
BORDERLINE2,4.642857142857143
BORDERLINE1,4.785714285714286
