index,0
SMOTE_SVM,2.7142857142857144
BORDERLINE1,3.5
BORDERLINE2,3.7142857142857144
SMOTE,4.214285714285714
GEOSMOTE,4.285714285714286
DELAUNAY,4.285714285714286
ORIGINAL,5.285714285714286
