index,0
SMOTE,3.642857142857143
BORDERLINE2,3.7142857142857144
GEOSMOTE,3.7857142857142856
DELAUNAY,3.7857142857142856
SMOTE_SVM,3.857142857142857
BORDERLINE1,4.5
ORIGINAL,4.714285714285714
