index,0
ORIGINAL,2.7857142857142856
DELAUNAY,3.5
GEOSMOTE,3.7142857142857144
SMOTE_SVM,4.214285714285714
BORDERLINE1,4.214285714285714
SMOTE,4.428571428571429
BORDERLINE2,5.142857142857143
