index,0
BORDERLINE1,3.0714285714285716
BORDERLINE2,3.2142857142857144
DELAUNAY,3.7857142857142856
SMOTE_SVM,3.857142857142857
SMOTE,4.0
GEOSMOTE,4.142857142857143
ORIGINAL,5.928571428571429
