index,0
SMOTE,3.0714285714285716
BORDERLINE2,3.857142857142857
BORDERLINE1,4.0
ORIGINAL,4.071428571428571
GEOSMOTE,4.214285714285714
DELAUNAY,4.285714285714286
SMOTE_SVM,4.5
