index,0
ORIGINAL,3.0
SMOTE,3.4285714285714284
BORDERLINE1,3.7142857142857144
BORDERLINE2,3.857142857142857
GEOSMOTE,4.214285714285714
DELAUNAY,4.357142857142857
SMOTE_SVM,5.428571428571429
