index,0
SMOTE,3.0714285714285716
DELAUNAY,3.9285714285714284
BORDERLINE2,4.0
ORIGINAL,4.071428571428571
BORDERLINE1,4.071428571428571
GEOSMOTE,4.285714285714286
SMOTE_SVM,4.571428571428571
