index,0
BORDERLINE1,2.857142857142857
SMOTE_SVM,3.5
BORDERLINE2,4.0
ORIGINAL,4.142857142857143
GEOSMOTE,4.357142857142857
SMOTE,4.428571428571429
DELAUNAY,4.714285714285714
