index,0
SMOTE,3.4285714285714284
BORDERLINE1,3.4285714285714284
GEOSMOTE,3.7857142857142856
DELAUNAY,3.9285714285714284
BORDERLINE2,4.357142857142857
ORIGINAL,4.5
SMOTE_SVM,4.571428571428571
