index,0
DELAUNAY,3.0714285714285716
SMOTE,3.4285714285714284
BORDERLINE2,3.5
GEOSMOTE,3.7142857142857144
BORDERLINE1,3.9285714285714284
SMOTE_SVM,4.714285714285714
ORIGINAL,5.642857142857143
