index,0
GEOSMOTE,2.0
ORIGINAL,3.7142857142857144
SMOTE_SVM,4.0
SMOTE,4.285714285714286
BORDERLINE2,4.357142857142857
DELAUNAY,4.785714285714286
BORDERLINE1,4.857142857142857
