index,0
BORDERLINE1,3.142857142857143
DELAUNAY,3.142857142857143
ORIGINAL,3.5714285714285716
SMOTE,4.285714285714286
BORDERLINE2,4.285714285714286
SMOTE_SVM,4.5
GEOSMOTE,5.071428571428571
