index,0
GEOSMOTE,2.2857142857142856
DELAUNAY,3.2142857142857144
ORIGINAL,3.2857142857142856
SMOTE_SVM,4.642857142857143
SMOTE,4.714285714285714
BORDERLINE2,4.857142857142857
BORDERLINE1,5.0
