index,0
GEOSMOTE,1.8571428571428572
ORIGINAL,3.857142857142857
DELAUNAY,3.857142857142857
SMOTE,4.214285714285714
SMOTE_SVM,4.5
BORDERLINE2,4.785714285714286
BORDERLINE1,4.928571428571429
