index,0
SMOTE,3.0
DELAUNAY,3.5
BORDERLINE1,3.642857142857143
BORDERLINE2,3.7857142857142856
GEOSMOTE,4.142857142857143
ORIGINAL,4.857142857142857
SMOTE_SVM,5.071428571428571
