index,0
ORIGINAL,2.642857142857143
SMOTE,3.0714285714285716
BORDERLINE1,3.7857142857142856
DELAUNAY,3.857142857142857
BORDERLINE2,4.214285714285714
GEOSMOTE,4.5
SMOTE_SVM,5.928571428571429
