index,0
DELAUNAY,2.5
BORDERLINE2,3.142857142857143
SMOTE_SVM,3.5714285714285716
SMOTE,4.071428571428571
BORDERLINE1,4.357142857142857
GEOSMOTE,4.785714285714286
ORIGINAL,5.571428571428571
