index,0
ORIGINAL,3.0
DELAUNAY,3.0714285714285716
BORDERLINE1,3.2857142857142856
SMOTE,3.7142857142857144
SMOTE_SVM,4.0
BORDERLINE2,4.785714285714286
GEOSMOTE,6.142857142857143
