index,0
BORDERLINE2,3.357142857142857
DELAUNAY,3.357142857142857
SMOTE_SVM,3.5
SMOTE,3.857142857142857
BORDERLINE1,4.071428571428571
GEOSMOTE,4.571428571428571
ORIGINAL,5.285714285714286
