index,0
BORDERLINE2,2.7142857142857144
SMOTE,2.9285714285714284
GEOSMOTE,3.4285714285714284
BORDERLINE1,3.7857142857142856
ORIGINAL,4.5
DELAUNAY,5.142857142857143
SMOTE_SVM,5.5
