index,0
SMOTE_SVM,3.357142857142857
DELAUNAY,3.5714285714285716
BORDERLINE1,3.642857142857143
BORDERLINE2,3.857142857142857
GEOSMOTE,4.285714285714286
SMOTE,4.428571428571429
ORIGINAL,4.857142857142857
