index,0
BORDERLINE2,2.7857142857142856
GEOSMOTE,3.0
BORDERLINE1,3.7857142857142856
DELAUNAY,4.285714285714286
SMOTE,4.428571428571429
SMOTE_SVM,4.642857142857143
ORIGINAL,5.071428571428571
