index,0
GEOSMOTE,3.2857142857142856
BORDERLINE1,3.5
SMOTE_SVM,3.7857142857142856
DELAUNAY,4.0
ORIGINAL,4.285714285714286
BORDERLINE2,4.5
SMOTE,4.642857142857143
