index,0
SMOTE_SVM,3.357142857142857
DELAUNAY,3.4285714285714284
ORIGINAL,3.5
BORDERLINE1,3.857142857142857
SMOTE,4.5
BORDERLINE2,4.642857142857143
GEOSMOTE,4.714285714285714
