index,0
ORIGINAL,2.7857142857142856
SMOTE,3.142857142857143
DELAUNAY,3.2857142857142856
BORDERLINE1,3.9285714285714284
BORDERLINE2,4.357142857142857
GEOSMOTE,4.5
SMOTE_SVM,6.0
