index,0
SMOTE,2.642857142857143
BORDERLINE1,3.357142857142857
ORIGINAL,3.642857142857143
SMOTE_SVM,4.357142857142857
BORDERLINE2,4.5
DELAUNAY,4.5
GEOSMOTE,5.0
