index,0
SMOTE,3.5714285714285716
ORIGINAL,3.7142857142857144
DELAUNAY,3.7857142857142856
GEOSMOTE,3.857142857142857
BORDERLINE2,4.214285714285714
SMOTE_SVM,4.285714285714286
BORDERLINE1,4.571428571428571
