index,0
BORDERLINE2,3.0
SMOTE_SVM,3.357142857142857
SMOTE,3.857142857142857
DELAUNAY,3.9285714285714284
BORDERLINE1,4.0
GEOSMOTE,4.5
ORIGINAL,5.357142857142857
