index,0
BORDERLINE1,3.0
SMOTE_SVM,3.642857142857143
SMOTE,3.7857142857142856
BORDERLINE2,3.9285714285714284
GEOSMOTE,4.5
ORIGINAL,4.571428571428571
DELAUNAY,4.571428571428571
