index,0
SMOTE,3.0
BORDERLINE2,3.0
BORDERLINE1,3.9285714285714284
GEOSMOTE,3.9285714285714284
DELAUNAY,4.142857142857143
ORIGINAL,4.428571428571429
SMOTE_SVM,5.571428571428571
