index,0
DELAUNAY,2.7857142857142856
BORDERLINE1,3.142857142857143
ORIGINAL,3.7142857142857144
SMOTE,4.357142857142857
BORDERLINE2,4.357142857142857
SMOTE_SVM,4.5
GEOSMOTE,5.142857142857143
