index,0
BORDERLINE2,2.5714285714285716
BORDERLINE1,2.7857142857142856
DELAUNAY,4.071428571428571
SMOTE,4.142857142857143
GEOSMOTE,4.142857142857143
SMOTE_SVM,4.571428571428571
ORIGINAL,5.714285714285714
