index,0
SMOTE,2.7142857142857144
DELAUNAY,3.4285714285714284
BORDERLINE1,3.5714285714285716
BORDERLINE2,4.0
GEOSMOTE,4.0
SMOTE_SVM,4.928571428571429
ORIGINAL,5.357142857142857
