index,0
SMOTE,2.642857142857143
DELAUNAY,3.142857142857143
BORDERLINE1,3.5
GEOSMOTE,3.7142857142857144
BORDERLINE2,4.285714285714286
SMOTE_SVM,5.142857142857143
ORIGINAL,5.571428571428571
