index,0
BORDERLINE2,3.2142857142857144
SMOTE_SVM,3.5714285714285716
DELAUNAY,3.5714285714285716
BORDERLINE1,3.9285714285714284
SMOTE,4.0
GEOSMOTE,4.357142857142857
ORIGINAL,5.357142857142857
