index,0
SMOTE,2.642857142857143
BORDERLINE1,3.2857142857142856
ORIGINAL,3.857142857142857
BORDERLINE2,4.214285714285714
DELAUNAY,4.214285714285714
SMOTE_SVM,4.428571428571429
GEOSMOTE,5.357142857142857
