index,0
SMOTE,3.2142857142857144
BORDERLINE2,3.5
DELAUNAY,3.5714285714285716
GEOSMOTE,3.7142857142857144
BORDERLINE1,3.7857142857142856
SMOTE_SVM,4.571428571428571
ORIGINAL,5.642857142857143
