index,0
GEOSMOTE,2.0
SMOTE,3.9285714285714284
ORIGINAL,4.0
SMOTE_SVM,4.285714285714286
DELAUNAY,4.428571428571429
BORDERLINE2,4.571428571428571
BORDERLINE1,4.785714285714286
