index,0
DELAUNAY,3.142857142857143
GEOSMOTE,3.357142857142857
SMOTE,3.4285714285714284
BORDERLINE1,3.642857142857143
BORDERLINE2,4.214285714285714
SMOTE_SVM,4.357142857142857
ORIGINAL,5.857142857142857
