index,0
DELAUNAY,2.142857142857143
BORDERLINE1,2.857142857142857
SMOTE_SVM,3.857142857142857
GEOSMOTE,4.142857142857143
SMOTE,4.428571428571429
BORDERLINE2,4.428571428571429
ORIGINAL,6.142857142857143
