index,0
BORDERLINE1,3.142857142857143
DELAUNAY,3.357142857142857
SMOTE,3.7142857142857144
BORDERLINE2,3.7142857142857144
SMOTE_SVM,4.357142857142857
GEOSMOTE,4.5
ORIGINAL,5.214285714285714
