index,0
SMOTE_SVM,3.4285714285714284
DELAUNAY,3.5
ORIGINAL,3.5714285714285716
BORDERLINE1,3.7857142857142856
SMOTE,4.5
BORDERLINE2,4.5
GEOSMOTE,4.714285714285714
