index,0
ORIGINAL,2.9285714285714284
SMOTE,3.4285714285714284
BORDERLINE1,3.5
BORDERLINE2,3.7142857142857144
GEOSMOTE,4.0
SMOTE_SVM,5.142857142857143
DELAUNAY,5.285714285714286
