index,0
GEOSMOTE,2.2142857142857144
DELAUNAY,3.5714285714285716
ORIGINAL,4.0
SMOTE,4.214285714285714
SMOTE_SVM,4.428571428571429
BORDERLINE2,4.714285714285714
BORDERLINE1,4.857142857142857
