index,0
BORDERLINE2,3.5714285714285716
DELAUNAY,3.5714285714285716
SMOTE,3.7142857142857144
BORDERLINE1,3.9285714285714284
ORIGINAL,4.357142857142857
GEOSMOTE,4.357142857142857
SMOTE_SVM,4.5
