index,0
SMOTE_SVM,3.142857142857143
BORDERLINE1,3.5714285714285716
SMOTE,3.642857142857143
DELAUNAY,3.642857142857143
GEOSMOTE,3.7142857142857144
BORDERLINE2,4.142857142857143
ORIGINAL,6.142857142857143
