index,0
BORDERLINE1,2.9285714285714284
SMOTE,3.642857142857143
SMOTE_SVM,3.642857142857143
BORDERLINE2,3.7857142857142856
GEOSMOTE,4.5
ORIGINAL,4.571428571428571
DELAUNAY,4.928571428571429
