index,0
BORDERLINE1,2.9285714285714284
ORIGINAL,3.4285714285714284
DELAUNAY,4.071428571428571
SMOTE,4.214285714285714
SMOTE_SVM,4.285714285714286
BORDERLINE2,4.285714285714286
GEOSMOTE,4.785714285714286
