index,0
SMOTE,3.0
SMOTE_SVM,3.5
DELAUNAY,3.7857142857142856
GEOSMOTE,3.9285714285714284
BORDERLINE1,4.214285714285714
BORDERLINE2,4.285714285714286
ORIGINAL,5.285714285714286
