index,0
DELAUNAY,2.7142857142857144
GEOSMOTE,3.2857142857142856
ORIGINAL,3.857142857142857
SMOTE,4.0
BORDERLINE2,4.642857142857143
SMOTE_SVM,4.714285714285714
BORDERLINE1,4.785714285714286
