index,0
BORDERLINE1,3.0
BORDERLINE2,3.4285714285714284
SMOTE,3.5714285714285716
SMOTE_SVM,3.9285714285714284
GEOSMOTE,4.142857142857143
DELAUNAY,4.857142857142857
ORIGINAL,5.071428571428571
