index,0
SMOTE,3.0714285714285716
BORDERLINE1,3.142857142857143
SMOTE_SVM,3.5714285714285716
GEOSMOTE,4.071428571428571
ORIGINAL,4.5
BORDERLINE2,4.5
DELAUNAY,5.142857142857143
