index,0
SMOTE,2.9285714285714284
DELAUNAY,3.5714285714285716
BORDERLINE1,3.7142857142857144
BORDERLINE2,3.7142857142857144
GEOSMOTE,4.142857142857143
ORIGINAL,4.857142857142857
SMOTE_SVM,5.071428571428571
