index,0
BORDERLINE2,2.7857142857142856
SMOTE,2.857142857142857
SMOTE_SVM,3.7857142857142856
GEOSMOTE,4.0
DELAUNAY,4.285714285714286
BORDERLINE1,4.928571428571429
ORIGINAL,5.357142857142857
