index,0
SMOTE,3.5
ORIGINAL,3.642857142857143
GEOSMOTE,3.7142857142857144
SMOTE_SVM,3.857142857142857
BORDERLINE1,4.0
DELAUNAY,4.214285714285714
BORDERLINE2,5.071428571428571
