index,0
SMOTE,3.5714285714285716
DELAUNAY,3.5714285714285716
BORDERLINE1,3.642857142857143
GEOSMOTE,3.7142857142857144
BORDERLINE2,3.7857142857142856
SMOTE_SVM,4.0
ORIGINAL,5.714285714285714
