index,0
DELAUNAY,3.642857142857143
SMOTE,3.7142857142857144
GEOSMOTE,3.7857142857142856
SMOTE_SVM,4.0
BORDERLINE1,4.0
BORDERLINE2,4.0
ORIGINAL,4.857142857142857
