index,0
BORDERLINE1,3.0714285714285716
BORDERLINE2,3.5
SMOTE,3.5714285714285716
SMOTE_SVM,4.0
GEOSMOTE,4.142857142857143
DELAUNAY,4.785714285714286
ORIGINAL,4.928571428571429
