index,0
SMOTE,3.5714285714285716
BORDERLINE1,3.5714285714285716
BORDERLINE2,3.7142857142857144
GEOSMOTE,3.7142857142857144
DELAUNAY,3.7142857142857144
SMOTE_SVM,4.0
ORIGINAL,5.714285714285714
