index,0
GEOSMOTE,3.0
DELAUNAY,3.4285714285714284
ORIGINAL,3.7857142857142856
SMOTE,4.0
SMOTE_SVM,4.571428571428571
BORDERLINE2,4.571428571428571
BORDERLINE1,4.642857142857143
