index,0
SMOTE,3.0714285714285716
BORDERLINE1,3.2857142857142856
BORDERLINE2,3.4285714285714284
GEOSMOTE,3.7142857142857144
DELAUNAY,3.857142857142857
SMOTE_SVM,4.071428571428571
ORIGINAL,6.571428571428571
