index,0
ORIGINAL,2.7857142857142856
GEOSMOTE,3.7142857142857144
BORDERLINE1,3.9285714285714284
SMOTE_SVM,4.0
SMOTE,4.071428571428571
DELAUNAY,4.642857142857143
BORDERLINE2,4.857142857142857
