index,0
ORIGINAL,3.5
SMOTE,3.642857142857143
BORDERLINE2,3.9285714285714284
GEOSMOTE,4.0
SMOTE_SVM,4.071428571428571
BORDERLINE1,4.071428571428571
DELAUNAY,4.785714285714286
