index,0
BORDERLINE1,2.0714285714285716
SMOTE_SVM,3.2857142857142856
DELAUNAY,3.857142857142857
SMOTE,4.0
GEOSMOTE,4.0
BORDERLINE2,4.642857142857143
ORIGINAL,6.142857142857143
