index,0
DELAUNAY,3.0
BORDERLINE2,3.2857142857142856
SMOTE_SVM,3.7142857142857144
SMOTE,3.9285714285714284
BORDERLINE1,4.142857142857143
GEOSMOTE,4.571428571428571
ORIGINAL,5.357142857142857
