index,0
BORDERLINE2,3.357142857142857
BORDERLINE1,3.5
SMOTE,3.7142857142857144
DELAUNAY,3.7142857142857144
GEOSMOTE,3.7857142857142856
ORIGINAL,4.5
SMOTE_SVM,5.428571428571429
