index,0
DELAUNAY,3.357142857142857
BORDERLINE2,3.642857142857143
SMOTE,3.7857142857142856
BORDERLINE1,4.0
GEOSMOTE,4.214285714285714
ORIGINAL,4.5
SMOTE_SVM,4.5
