index,0
BORDERLINE2,2.857142857142857
SMOTE,3.0
DELAUNAY,3.7857142857142856
SMOTE_SVM,3.9285714285714284
GEOSMOTE,4.071428571428571
BORDERLINE1,5.0
ORIGINAL,5.357142857142857
