index,0
BORDERLINE1,2.5714285714285716
SMOTE_SVM,3.5714285714285716
GEOSMOTE,3.9285714285714284
SMOTE,4.0
BORDERLINE2,4.0
DELAUNAY,4.071428571428571
ORIGINAL,5.857142857142857
