index,0
GEOSMOTE,2.5
SMOTE,3.5714285714285716
BORDERLINE1,3.642857142857143
SMOTE_SVM,3.7857142857142856
BORDERLINE2,3.857142857142857
DELAUNAY,4.642857142857143
ORIGINAL,6.0
