index,0
DELAUNAY,2.7142857142857144
SMOTE,3.2857142857142856
BORDERLINE2,4.071428571428571
ORIGINAL,4.214285714285714
BORDERLINE1,4.357142857142857
GEOSMOTE,4.571428571428571
SMOTE_SVM,4.785714285714286
