index,0
ORIGINAL,2.857142857142857
BORDERLINE1,2.857142857142857
SMOTE,3.4285714285714284
SMOTE_SVM,3.5714285714285716
BORDERLINE2,4.285714285714286
DELAUNAY,5.214285714285714
GEOSMOTE,5.785714285714286
