index,0
BORDERLINE1,3.357142857142857
GEOSMOTE,3.4285714285714284
SMOTE_SVM,3.7857142857142856
DELAUNAY,4.214285714285714
ORIGINAL,4.357142857142857
BORDERLINE2,4.357142857142857
SMOTE,4.5
