index,0
BORDERLINE2,3.2857142857142856
SMOTE_SVM,3.357142857142857
SMOTE,3.7857142857142856
DELAUNAY,3.7857142857142856
BORDERLINE1,4.142857142857143
GEOSMOTE,4.357142857142857
ORIGINAL,5.285714285714286
