index,0
SMOTE,2.9285714285714284
BORDERLINE2,3.2142857142857144
DELAUNAY,3.7142857142857144
ORIGINAL,4.0
GEOSMOTE,4.071428571428571
BORDERLINE1,4.571428571428571
SMOTE_SVM,5.5
