index,0
GEOSMOTE,3.4285714285714284
ORIGINAL,3.5714285714285716
SMOTE,3.642857142857143
BORDERLINE1,3.857142857142857
SMOTE_SVM,4.0
DELAUNAY,4.571428571428571
BORDERLINE2,4.928571428571429
