index,0
ORIGINAL,3.4285714285714284
SMOTE,3.5714285714285716
GEOSMOTE,3.857142857142857
BORDERLINE2,3.9285714285714284
SMOTE_SVM,4.0
BORDERLINE1,4.0
DELAUNAY,5.214285714285714
