index,0
DELAUNAY,2.0
BORDERLINE2,3.5
SMOTE_SVM,3.5714285714285716
SMOTE,4.357142857142857
BORDERLINE1,4.357142857142857
GEOSMOTE,4.642857142857143
ORIGINAL,5.571428571428571
