index,0
DELAUNAY,3.4285714285714284
GEOSMOTE,3.642857142857143
SMOTE_SVM,3.857142857142857
ORIGINAL,3.9285714285714284
BORDERLINE1,4.071428571428571
SMOTE,4.428571428571429
BORDERLINE2,4.642857142857143
