index,0
BORDERLINE1,3.0
SMOTE_SVM,3.642857142857143
BORDERLINE2,4.0
GEOSMOTE,4.214285714285714
ORIGINAL,4.285714285714286
SMOTE,4.428571428571429
DELAUNAY,4.428571428571429
