index,0
BORDERLINE1,3.0714285714285716
GEOSMOTE,3.2857142857142856
SMOTE_SVM,3.5
ORIGINAL,4.142857142857143
BORDERLINE2,4.142857142857143
SMOTE,4.357142857142857
DELAUNAY,5.5
