DATASET,ALGORITHM,ORIGINAL,RANK_ORIGINAL,SMOTE,RANK_SMOTE,SMOTE_SVM,RANK_SMOTE_SVM,BORDERLINE1,RANK_BORDERLINE1,BORDERLINE2,RANK_BORDERLINE2,GEOSMOTE,RANK_GEOSMOTE,DELAUNAY,RANK_DELAUNAY,DELAUNAY_TYPE,ALPHA,unit
contraceptive,RF,0.246,1.0,0.2280000000000001,3.5,0.2280000000000001,3.5,0.2240000000000001,6.0,0.2240000000000001,6.0,0.23,2.0,0.2240000000000001,6.0,max_solid_angle,4,REC
dermatology,RF,0.514,6.5,0.522,1.0,0.516,4.0,0.5199999999999999,2.0,0.514,6.5,0.516,4.0,0.516,4.0,max_solid_angle,4,REC
glass,RF,0.254,7.0,0.29,3.0,0.278,4.5,0.304,2.0,0.31,1.0,0.272,6.0,0.278,4.5,max_solid_angle,4,REC
new-thyroid,RF,0.124,7.0,0.132,4.5,0.132,4.5,0.132,4.5,0.136,1.5,0.136,1.5,0.132,4.5,max_solid_angle,4,REC
penbased,RF,0.774,1.0,0.772,3.0,0.772,3.0,0.77,5.5,0.77,5.5,0.768,7.0,0.772,3.0,max_solid_angle,4,REC
thyroid,RF,0.9179999999999999,1.5,0.912,5.0,0.9179999999999999,1.5,0.912,5.0,0.912,5.0,0.914,3.0,0.8960000000000001,7.0,max_solid_angle,4,REC
wine,RF,0.28600000000000003,2.0,0.276,4.0,0.266,7.0,0.27,6.0,0.276,4.0,0.276,4.0,0.28800000000000003,1.0,max_solid_angle,4,REC
