index,0
SMOTE_SVM,3.2142857142857144
BORDERLINE1,3.357142857142857
ORIGINAL,3.857142857142857
BORDERLINE2,3.857142857142857
DELAUNAY,4.214285714285714
SMOTE,4.5
GEOSMOTE,5.0
