index,0
BORDERLINE1,3.0
SMOTE_SVM,3.7142857142857144
BORDERLINE2,4.0
ORIGINAL,4.214285714285714
DELAUNAY,4.285714285714286
GEOSMOTE,4.357142857142857
SMOTE,4.428571428571429
