index,0
BORDERLINE1,3.4285714285714284
BORDERLINE2,3.5
SMOTE,3.5714285714285716
GEOSMOTE,3.642857142857143
DELAUNAY,3.9285714285714284
ORIGINAL,4.571428571428571
SMOTE_SVM,5.357142857142857
