index,0
ORIGINAL,2.5714285714285716
SMOTE,2.857142857142857
BORDERLINE1,3.642857142857143
BORDERLINE2,4.0
GEOSMOTE,4.071428571428571
DELAUNAY,5.285714285714286
SMOTE_SVM,5.571428571428571
