index,0
SMOTE,2.857142857142857
BORDERLINE1,3.4285714285714284
DELAUNAY,3.642857142857143
ORIGINAL,3.7857142857142856
BORDERLINE2,4.5
SMOTE_SVM,4.571428571428571
GEOSMOTE,5.214285714285714
