index,0
SMOTE,3.2142857142857144
BORDERLINE2,3.4285714285714284
GEOSMOTE,3.5714285714285716
BORDERLINE1,3.7142857142857144
DELAUNAY,3.7857142857142856
SMOTE_SVM,4.642857142857143
ORIGINAL,5.642857142857143
