index,0
BORDERLINE2,3.2857142857142856
DELAUNAY,3.357142857142857
SMOTE,3.642857142857143
SMOTE_SVM,3.7142857142857144
BORDERLINE1,3.7142857142857144
GEOSMOTE,4.785714285714286
ORIGINAL,5.5
