index,0
SMOTE,2.9285714285714284
BORDERLINE2,3.4285714285714284
BORDERLINE1,3.5714285714285716
GEOSMOTE,3.642857142857143
DELAUNAY,4.428571428571429
SMOTE_SVM,4.5
ORIGINAL,5.5
