index,0
SMOTE,2.642857142857143
BORDERLINE1,3.2857142857142856
ORIGINAL,3.7142857142857144
DELAUNAY,4.357142857142857
BORDERLINE2,4.428571428571429
SMOTE_SVM,4.5
GEOSMOTE,5.071428571428571
