index,0
SMOTE,3.0
BORDERLINE2,3.142857142857143
BORDERLINE1,3.5
SMOTE_SVM,4.214285714285714
GEOSMOTE,4.285714285714286
DELAUNAY,4.785714285714286
ORIGINAL,5.071428571428571
