index,0
SMOTE,3.5
BORDERLINE1,3.5
GEOSMOTE,3.857142857142857
ORIGINAL,3.9285714285714284
BORDERLINE2,4.071428571428571
DELAUNAY,4.142857142857143
SMOTE_SVM,5.0
