index,0
BORDERLINE1,2.9285714285714284
BORDERLINE2,3.5
GEOSMOTE,3.642857142857143
DELAUNAY,3.642857142857143
SMOTE_SVM,3.9285714285714284
SMOTE,4.571428571428571
ORIGINAL,5.785714285714286
