index,0
ORIGINAL,2.5714285714285716
SMOTE,2.857142857142857
BORDERLINE1,3.7857142857142856
BORDERLINE2,4.071428571428571
GEOSMOTE,4.214285714285714
DELAUNAY,4.642857142857143
SMOTE_SVM,5.857142857142857
