index,0
ORIGINAL,3.642857142857143
SMOTE,3.7857142857142856
DELAUNAY,4.0
SMOTE_SVM,4.142857142857143
BORDERLINE1,4.142857142857143
BORDERLINE2,4.142857142857143
GEOSMOTE,4.142857142857143
