index,0
ORIGINAL,2.9285714285714284
SMOTE,3.642857142857143
BORDERLINE1,3.642857142857143
BORDERLINE2,4.071428571428571
GEOSMOTE,4.071428571428571
DELAUNAY,4.142857142857143
SMOTE_SVM,5.5
