index,0
SMOTE,3.0714285714285716
DELAUNAY,3.7857142857142856
ORIGINAL,4.0
BORDERLINE2,4.071428571428571
BORDERLINE1,4.142857142857143
GEOSMOTE,4.357142857142857
SMOTE_SVM,4.571428571428571
