index,0
BORDERLINE1,3.4285714285714284
SMOTE,3.5714285714285716
DELAUNAY,3.7857142857142856
GEOSMOTE,3.9285714285714284
ORIGINAL,4.071428571428571
BORDERLINE2,4.071428571428571
SMOTE_SVM,5.142857142857143
