index,0
BORDERLINE2,3.0
BORDERLINE1,3.0714285714285716
DELAUNAY,3.5
SMOTE,3.642857142857143
GEOSMOTE,3.7142857142857144
SMOTE_SVM,4.5
ORIGINAL,6.571428571428571
