index,0
GEOSMOTE,2.642857142857143
DELAUNAY,3.357142857142857
SMOTE_SVM,3.857142857142857
ORIGINAL,4.0
SMOTE,4.428571428571429
BORDERLINE1,4.785714285714286
BORDERLINE2,4.928571428571429
