index,0
SMOTE_SVM,3.2857142857142856
DELAUNAY,3.4285714285714284
BORDERLINE1,3.5
ORIGINAL,4.0
BORDERLINE2,4.0
SMOTE,4.642857142857143
GEOSMOTE,5.142857142857143
