index,0
BORDERLINE2,3.5714285714285716
SMOTE,3.642857142857143
ORIGINAL,3.7857142857142856
BORDERLINE1,4.0
SMOTE_SVM,4.071428571428571
DELAUNAY,4.428571428571429
GEOSMOTE,4.5
