index,0
SMOTE_SVM,3.142857142857143
BORDERLINE1,3.5714285714285716
BORDERLINE2,3.7857142857142856
GEOSMOTE,4.142857142857143
DELAUNAY,4.142857142857143
SMOTE,4.357142857142857
ORIGINAL,4.857142857142857
