index,0
BORDERLINE1,2.7857142857142856
BORDERLINE2,3.357142857142857
GEOSMOTE,3.5
SMOTE_SVM,3.7857142857142856
SMOTE,4.357142857142857
DELAUNAY,4.5
ORIGINAL,5.714285714285714
