index,0
GEOSMOTE,2.0714285714285716
DELAUNAY,3.857142857142857
ORIGINAL,4.0
SMOTE,4.071428571428571
SMOTE_SVM,4.428571428571429
BORDERLINE2,4.714285714285714
BORDERLINE1,4.857142857142857
