index,0
BORDERLINE2,2.5714285714285716
GEOSMOTE,2.7857142857142856
BORDERLINE1,3.642857142857143
SMOTE,4.285714285714286
SMOTE_SVM,4.642857142857143
DELAUNAY,4.928571428571429
ORIGINAL,5.142857142857143
