index,0
GEOSMOTE,2.2857142857142856
DELAUNAY,3.2142857142857144
ORIGINAL,4.071428571428571
SMOTE_SVM,4.214285714285714
SMOTE,4.5
BORDERLINE2,4.642857142857143
BORDERLINE1,5.071428571428571
