index,0
DELAUNAY,3.2857142857142856
BORDERLINE2,3.4285714285714284
SMOTE_SVM,3.5
SMOTE,4.0
BORDERLINE1,4.142857142857143
GEOSMOTE,4.357142857142857
ORIGINAL,5.285714285714286
