index,0
GEOSMOTE,1.3571428571428572
DELAUNAY,3.0
ORIGINAL,3.2857142857142856
BORDERLINE2,4.5
SMOTE,4.785714285714286
SMOTE_SVM,5.357142857142857
BORDERLINE1,5.714285714285714
