index,0
BORDERLINE1,1.9285714285714286
SMOTE_SVM,3.2857142857142856
SMOTE,3.7142857142857144
GEOSMOTE,3.7142857142857144
BORDERLINE2,4.5
DELAUNAY,4.714285714285714
ORIGINAL,6.142857142857143
