index,0
DELAUNAY,2.642857142857143
SMOTE,3.5714285714285716
BORDERLINE2,3.5714285714285716
GEOSMOTE,3.857142857142857
BORDERLINE1,4.0
SMOTE_SVM,4.714285714285714
ORIGINAL,5.642857142857143
