index,0
BORDERLINE1,2.0714285714285716
SMOTE_SVM,3.2857142857142856
SMOTE,3.7857142857142856
GEOSMOTE,3.7857142857142856
DELAUNAY,4.285714285714286
BORDERLINE2,4.642857142857143
ORIGINAL,6.142857142857143
