index,0
GEOSMOTE,3.357142857142857
ORIGINAL,3.4285714285714284
SMOTE,3.5
BORDERLINE1,3.7142857142857144
SMOTE_SVM,3.857142857142857
BORDERLINE2,5.071428571428571
DELAUNAY,5.071428571428571
