index,0
SMOTE,3.142857142857143
BORDERLINE2,3.142857142857143
BORDERLINE1,3.2142857142857144
GEOSMOTE,4.142857142857143
ORIGINAL,4.785714285714286
SMOTE_SVM,4.785714285714286
DELAUNAY,4.785714285714286
