DATASET,ALGORITHM,ORIGINAL,RANK_ORIGINAL,SMOTE,RANK_SMOTE,SMOTE_SVM,RANK_SMOTE_SVM,BORDERLINE1,RANK_BORDERLINE1,BORDERLINE2,RANK_BORDERLINE2,GEOSMOTE,RANK_GEOSMOTE,DELAUNAY,RANK_DELAUNAY,DELAUNAY_TYPE,ALPHA,unit
contraceptive,LRG,0.21,7.0,0.21600000000000005,5.5,0.21600000000000005,5.5,0.21800000000000005,4.0,0.22000000000000008,2.5,0.22000000000000008,2.5,0.2220000000000001,1.0,volume,9,F1
dermatology,LRG,0.3120000000000001,7.0,0.502,1.0,0.496,2.5,0.476,4.0,0.46799999999999997,5.0,0.496,2.5,0.4,6.0,volume,9,F1
glass,LRG,0.0,4.0,0.0,4.0,0.0,4.0,0.0,4.0,0.0,4.0,0.0,4.0,0.0,4.0,volume,9,F1
new-thyroid,LRG,0.05,7.0,0.132,4.0,0.14200000000000002,3.0,0.14400000000000002,1.5,0.14400000000000002,1.5,0.126,5.0,0.118,6.0,volume,9,F1
penbased,LRG,0.6679999999999999,7.0,0.6860000000000002,1.5,0.6799999999999999,6.0,0.682,4.0,0.682,4.0,0.682,4.0,0.6859999999999999,1.5,volume,9,F1
thyroid,LRG,0.892,1.0,0.8460000000000001,5.0,0.8859999999999999,2.0,0.8340000000000001,7.0,0.836,6.0,0.85,4.0,0.852,3.0,volume,9,F1
wine,LRG,0.0,7.0,0.048,4.5,0.048,4.5,0.054000000000000006,1.5,0.048,4.5,0.048,4.5,0.054000000000000006,1.5,volume,9,F1
