index,0
DELAUNAY,3.2857142857142856
BORDERLINE2,3.357142857142857
BORDERLINE1,3.4285714285714284
SMOTE,3.5714285714285716
GEOSMOTE,4.428571428571429
ORIGINAL,4.928571428571429
SMOTE_SVM,5.0
