index,0
SMOTE_SVM,2.857142857142857
BORDERLINE1,3.2142857142857144
ORIGINAL,3.7142857142857144
BORDERLINE2,3.857142857142857
SMOTE,4.428571428571429
GEOSMOTE,4.642857142857143
DELAUNAY,5.285714285714286
