DATASET,ALGORITHM,ORIGINAL,RANK_ORIGINAL,SMOTE,RANK_SMOTE,SMOTE_SVM,RANK_SMOTE_SVM,BORDERLINE1,RANK_BORDERLINE1,BORDERLINE2,RANK_BORDERLINE2,GEOSMOTE,RANK_GEOSMOTE,DELAUNAY,RANK_DELAUNAY,DELAUNAY_TYPE,ALPHA,unit
contraceptive,ABC,0.23199999999999998,3.0,0.222,5.5,0.2240000000000001,4.0,0.222,5.5,0.218,7.0,0.252,1.0,0.244,2.0,aspect_ratio,1,REC
dermatology,ABC,0.354,2.5,0.354,2.5,0.29400000000000004,5.0,0.28600000000000003,6.0,0.30599999999999994,4.0,0.388,1.0,0.23,7.0,aspect_ratio,1,REC
glass,ABC,0.28200000000000003,7.0,0.388,2.0,0.398,1.0,0.314,6.0,0.362,3.0,0.326,5.0,0.35,4.0,aspect_ratio,1,REC
new-thyroid,ABC,0.122,4.0,0.126,3.0,0.23800000000000004,1.0,0.11,5.0,0.098,6.5,0.098,6.5,0.13,2.0,aspect_ratio,1,REC
penbased,ABC,0.244,6.0,0.25,3.5,0.25,3.5,0.25,3.5,0.25,3.5,0.254,1.0,0.2280000000000001,7.0,aspect_ratio,1,REC
thyroid,ABC,0.898,1.0,0.706,7.0,0.75,6.0,0.8539999999999999,3.0,0.768,5.0,0.858,2.0,0.7959999999999999,4.0,aspect_ratio,1,REC
wine,ABC,0.26,5.0,0.226,7.0,0.242,6.0,0.27,3.0,0.266,4.0,0.28,1.5,0.28,1.5,aspect_ratio,1,REC
