index,0
BORDERLINE2,2.7142857142857144
GEOSMOTE,3.0
DELAUNAY,3.642857142857143
BORDERLINE1,3.9285714285714284
SMOTE,4.571428571428571
SMOTE_SVM,5.0
ORIGINAL,5.142857142857143
