index,0
BORDERLINE2,3.5
ORIGINAL,3.7142857142857144
SMOTE,3.9285714285714284
DELAUNAY,4.0
BORDERLINE1,4.071428571428571
SMOTE_SVM,4.142857142857143
GEOSMOTE,4.642857142857143
