index,0
BORDERLINE2,3.142857142857143
SMOTE,3.2142857142857144
BORDERLINE1,3.5714285714285716
DELAUNAY,4.142857142857143
SMOTE_SVM,4.214285714285714
GEOSMOTE,4.571428571428571
ORIGINAL,5.142857142857143
