index,0
BORDERLINE1,3.0901639344262297
SMOTE_SVM,3.1475409836065573
ORIGINAL,3.5245901639344264
DELAUNAY,3.598360655737705
SMOTE,3.737704918032787
BORDERLINE2,3.901639344262295
