index,0
SMOTE,3.4262295081967213
SMOTE_SVM,3.459016393442623
GEOSMOTE,3.6557377049180326
BORDERLINE1,3.680327868852459
DELAUNAY,3.9672131147540983
BORDERLINE2,4.188524590163935
ORIGINAL,5.622950819672131
