index,0
BORDERLINE1,3.1885245901639343
BORDERLINE2,3.237704918032787
GEOSMOTE,3.5163934426229506
SMOTE_SVM,3.639344262295082
SMOTE,3.6639344262295084
DELAUNAY,4.360655737704918
ORIGINAL,6.39344262295082
