index,0
ORIGINAL,2.2868852459016393
SMOTE_SVM,2.860655737704918
SMOTE,3.2868852459016393
BORDERLINE1,3.4918032786885247
DELAUNAY,4.049180327868853
BORDERLINE2,5.024590163934426
