index,0
BORDERLINE2,3.3852459016393444
DELAUNAY,3.581967213114754
SMOTE_SVM,3.5901639344262297
GEOSMOTE,3.6721311475409837
SMOTE,3.762295081967213
BORDERLINE1,4.467213114754099
ORIGINAL,5.540983606557377
