index,0
SMOTE_SVM,3.3852459016393444
GEOSMOTE,3.5245901639344264
SMOTE,3.7131147540983607
ORIGINAL,4.073770491803279
BORDERLINE1,4.245901639344262
DELAUNAY,4.270491803278689
BORDERLINE2,4.786885245901639
