index,0
ORIGINAL,3.0163934426229506
SMOTE_SVM,3.0327868852459017
SMOTE,3.639344262295082
BORDERLINE1,3.9098360655737703
GEOSMOTE,3.959016393442623
DELAUNAY,4.827868852459017
BORDERLINE2,5.614754098360656
