index,0
SMOTE,3.3688524590163933
GEOSMOTE,3.4836065573770494
ORIGINAL,3.8934426229508197
SMOTE_SVM,4.065573770491803
DELAUNAY,4.344262295081967
BORDERLINE2,4.377049180327869
BORDERLINE1,4.467213114754099
