index,0
SMOTE,3.4672131147540983
GEOSMOTE,3.5737704918032787
DELAUNAY,3.7950819672131146
ORIGINAL,3.9672131147540983
SMOTE_SVM,4.163934426229508
BORDERLINE2,4.426229508196721
BORDERLINE1,4.60655737704918
