index,0
BORDERLINE2,3.6311475409836067
DELAUNAY,3.8934426229508197
GEOSMOTE,3.9098360655737703
SMOTE_SVM,3.9262295081967213
SMOTE,3.942622950819672
ORIGINAL,4.188524590163935
BORDERLINE1,4.508196721311475
