index,0
SMOTE,2.8114754098360657
SMOTE_SVM,3.1147540983606556
DELAUNAY,3.2295081967213113
BORDERLINE1,3.6557377049180326
BORDERLINE2,3.8442622950819674
ORIGINAL,4.344262295081967
