index,0
ORIGINAL,2.9508196721311477
GEOSMOTE,3.3524590163934427
SMOTE,3.4262295081967213
SMOTE_SVM,3.959016393442623
BORDERLINE1,4.524590163934426
DELAUNAY,4.663934426229508
BORDERLINE2,5.122950819672131
