index,0
SMOTE_SVM,2.8524590163934427
ORIGINAL,2.959016393442623
SMOTE,3.5081967213114753
BORDERLINE1,3.5491803278688523
DELAUNAY,3.6557377049180326
BORDERLINE2,4.475409836065574
