index,0
ORIGINAL,2.3278688524590163
SMOTE_SVM,2.877049180327869
SMOTE,3.2540983606557377
BORDERLINE1,3.3934426229508197
DELAUNAY,4.098360655737705
BORDERLINE2,5.049180327868853
