index,0
ORIGINAL,2.8360655737704916
SMOTE,3.081967213114754
SMOTE_SVM,3.360655737704918
DELAUNAY,3.5491803278688523
BORDERLINE1,3.7868852459016393
BORDERLINE2,4.385245901639344
