index,0
DELAUNAY,3.262295081967213
SMOTE,3.598360655737705
BORDERLINE1,3.680327868852459
BORDERLINE2,3.7459016393442623
SMOTE_SVM,3.8934426229508197
GEOSMOTE,4.032786885245901
ORIGINAL,5.786885245901639
