index,0
SMOTE_SVM,2.737704918032787
SMOTE,2.942622950819672
BORDERLINE1,3.4098360655737703
ORIGINAL,3.8278688524590163
DELAUNAY,3.8934426229508197
BORDERLINE2,4.188524590163935
