index,0
SMOTE_SVM,2.737704918032787
ORIGINAL,2.8278688524590163
BORDERLINE1,3.2950819672131146
SMOTE,3.30327868852459
BORDERLINE2,4.254098360655738
DELAUNAY,4.581967213114754
