index,0
SMOTE,3.262295081967213
DELAUNAY,3.278688524590164
SMOTE_SVM,3.4672131147540983
BORDERLINE2,3.4672131147540983
ORIGINAL,3.5491803278688523
BORDERLINE1,3.9754098360655736
