index,0
ORIGINAL,2.778688524590164
SMOTE_SVM,3.5245901639344264
SMOTE,3.80327868852459
BORDERLINE1,3.918032786885246
GEOSMOTE,4.122950819672131
DELAUNAY,4.204918032786885
BORDERLINE2,5.647540983606557
