index,0
ORIGINAL,3.1639344262295084
SMOTE,3.4918032786885247
SMOTE_SVM,3.778688524590164
DELAUNAY,3.8934426229508197
BORDERLINE1,4.270491803278689
GEOSMOTE,4.327868852459017
BORDERLINE2,5.073770491803279
