index,0
ORIGINAL,2.4508196721311477
SMOTE_SVM,2.9918032786885247
SMOTE,3.3934426229508197
BORDERLINE1,3.5327868852459017
DELAUNAY,3.557377049180328
BORDERLINE2,5.073770491803279
