index,0
BORDERLINE1,2.819672131147541
SMOTE,3.0901639344262297
BORDERLINE2,3.122950819672131
SMOTE_SVM,3.1721311475409837
DELAUNAY,3.2704918032786887
ORIGINAL,5.524590163934426
