index,0
ORIGINAL,2.0655737704918034
SMOTE_SVM,2.9508196721311477
DELAUNAY,2.9836065573770494
BORDERLINE1,3.622950819672131
SMOTE,4.286885245901639
BORDERLINE2,5.090163934426229
