index,0
ORIGINAL,2.5
SMOTE_SVM,3.1885245901639343
SMOTE,3.6885245901639343
GEOSMOTE,3.942622950819672
BORDERLINE1,3.9508196721311477
DELAUNAY,5.040983606557377
BORDERLINE2,5.688524590163935
