index,0
SMOTE_SVM,2.8934426229508197
SMOTE,2.901639344262295
BORDERLINE2,3.0245901639344264
BORDERLINE1,3.098360655737705
DELAUNAY,3.9098360655737703
ORIGINAL,5.172131147540983
