index,0
ORIGINAL,2.7459016393442623
SMOTE,3.0
SMOTE_SVM,3.3278688524590163
BORDERLINE1,3.7131147540983607
DELAUNAY,3.877049180327869
BORDERLINE2,4.336065573770492
