index,0
SMOTE,2.6721311475409837
BORDERLINE1,3.057377049180328
SMOTE_SVM,3.0737704918032787
BORDERLINE2,3.4262295081967213
DELAUNAY,3.7295081967213113
ORIGINAL,5.040983606557377
