index,0
ORIGINAL,1.9918032786885247
GEOSMOTE,3.1311475409836067
SMOTE_SVM,3.2049180327868854
BORDERLINE1,4.163934426229508
SMOTE,4.631147540983607
DELAUNAY,5.270491803278689
BORDERLINE2,5.60655737704918
