index,0
BORDERLINE2,3.0081967213114753
SMOTE_SVM,3.2540983606557377
SMOTE,3.3114754098360657
ORIGINAL,3.557377049180328
BORDERLINE1,3.8442622950819674
DELAUNAY,4.024590163934426
