index,0
SMOTE,3.0245901639344264
SMOTE_SVM,3.0327868852459017
BORDERLINE2,3.081967213114754
BORDERLINE1,3.1885245901639343
DELAUNAY,3.5737704918032787
ORIGINAL,5.098360655737705
