index,0
SMOTE,2.860655737704918
SMOTE_SVM,3.0163934426229506
BORDERLINE1,3.040983606557377
DELAUNAY,3.1475409836065573
BORDERLINE2,3.6311475409836067
ORIGINAL,5.30327868852459
