index,0
ORIGINAL,3.3524590163934427
SMOTE,3.778688524590164
SMOTE_SVM,3.9098360655737703
BORDERLINE1,3.9918032786885247
GEOSMOTE,4.081967213114754
DELAUNAY,4.19672131147541
BORDERLINE2,4.688524590163935
