index,0
BORDERLINE2,3.4754098360655736
SMOTE_SVM,3.8114754098360657
SMOTE,3.819672131147541
GEOSMOTE,3.8442622950819674
ORIGINAL,4.081967213114754
BORDERLINE1,4.385245901639344
DELAUNAY,4.581967213114754
