index,0
ORIGINAL,1.8278688524590163
SMOTE_SVM,2.942622950819672
DELAUNAY,3.0
BORDERLINE1,3.8278688524590163
SMOTE,4.262295081967213
BORDERLINE2,5.139344262295082
