index,0
SMOTE_SVM,2.622950819672131
SMOTE,2.8360655737704916
DELAUNAY,3.2868852459016393
BORDERLINE1,3.4754098360655736
BORDERLINE2,4.073770491803279
ORIGINAL,4.704918032786885
