index,0
DELAUNAY,3.1311475409836067
BORDERLINE2,3.4836065573770494
GEOSMOTE,3.6639344262295084
SMOTE_SVM,3.6885245901639343
SMOTE,3.918032786885246
BORDERLINE1,4.532786885245901
ORIGINAL,5.581967213114754
