index,0
SMOTE,2.918032786885246
SMOTE_SVM,2.918032786885246
BORDERLINE1,3.0655737704918034
BORDERLINE2,3.5163934426229506
DELAUNAY,3.721311475409836
ORIGINAL,4.860655737704918
