index,0
DELAUNAY,3.5081967213114753
BORDERLINE2,3.680327868852459
SMOTE_SVM,3.9672131147540983
GEOSMOTE,3.9754098360655736
SMOTE,4.032786885245901
ORIGINAL,4.278688524590164
BORDERLINE1,4.557377049180328
