index,0
SMOTE_SVM,3.4508196721311477
GEOSMOTE,3.6475409836065573
SMOTE,3.7868852459016393
DELAUNAY,3.8278688524590163
ORIGINAL,4.098360655737705
BORDERLINE1,4.344262295081967
BORDERLINE2,4.844262295081967
