index,0
SMOTE,2.9754098360655736
BORDERLINE1,3.0245901639344264
SMOTE_SVM,3.057377049180328
DELAUNAY,3.3524590163934427
BORDERLINE2,3.6475409836065573
ORIGINAL,4.942622950819672
