index,0
BORDERLINE2,2.8278688524590163
BORDERLINE1,3.418032786885246
GEOSMOTE,3.622950819672131
SMOTE,3.639344262295082
DELAUNAY,3.7459016393442623
SMOTE_SVM,4.065573770491803
ORIGINAL,6.680327868852459
