index,0
BORDERLINE2,2.540983606557377
DELAUNAY,2.959016393442623
BORDERLINE1,3.0163934426229506
SMOTE,3.1557377049180326
SMOTE_SVM,3.6147540983606556
ORIGINAL,5.713114754098361
