index,0
DELAUNAY,3.0163934426229506
BORDERLINE1,3.057377049180328
SMOTE,3.1885245901639343
SMOTE_SVM,3.2295081967213113
BORDERLINE2,3.2704918032786887
ORIGINAL,5.237704918032787
