index,0
SMOTE,3.2131147540983607
GEOSMOTE,3.2295081967213113
SMOTE_SVM,3.4672131147540983
BORDERLINE1,3.4836065573770494
BORDERLINE2,4.155737704918033
DELAUNAY,4.311475409836065
ORIGINAL,6.139344262295082
