index,0
BORDERLINE1,2.819672131147541
SMOTE,2.9836065573770494
SMOTE_SVM,3.040983606557377
BORDERLINE2,3.040983606557377
DELAUNAY,3.6147540983606556
ORIGINAL,5.5
