index,0
SMOTE_SVM,3.0081967213114753
SMOTE,3.2704918032786887
BORDERLINE1,3.959016393442623
GEOSMOTE,3.9918032786885247
ORIGINAL,4.418032786885246
DELAUNAY,4.622950819672131
BORDERLINE2,4.729508196721311
