index,0
ORIGINAL,2.877049180327869
DELAUNAY,3.122950819672131
SMOTE,3.1557377049180326
SMOTE_SVM,3.4918032786885247
BORDERLINE1,3.8524590163934427
BORDERLINE2,4.5
