index,0
ORIGINAL,2.7868852459016393
SMOTE_SVM,3.459016393442623
SMOTE,3.737704918032787
BORDERLINE1,3.819672131147541
GEOSMOTE,4.10655737704918
DELAUNAY,4.467213114754099
BORDERLINE2,5.622950819672131
