index,0
SMOTE,2.9836065573770494
SMOTE_SVM,3.1147540983606556
BORDERLINE1,3.360655737704918
ORIGINAL,3.5901639344262297
BORDERLINE2,3.877049180327869
DELAUNAY,4.073770491803279
