index,0
BORDERLINE2,2.3934426229508197
BORDERLINE1,2.7950819672131146
SMOTE,2.959016393442623
SMOTE_SVM,3.262295081967213
DELAUNAY,4.155737704918033
ORIGINAL,5.434426229508197
