index,0
SMOTE_SVM,3.19672131147541
SMOTE,3.4508196721311477
DELAUNAY,3.540983606557377
BORDERLINE1,4.057377049180328
GEOSMOTE,4.270491803278689
ORIGINAL,4.5
BORDERLINE2,4.983606557377049
