index,0
ORIGINAL,3.081967213114754
SMOTE_SVM,3.1639344262295084
GEOSMOTE,3.7459016393442623
SMOTE,3.762295081967213
BORDERLINE1,3.8524590163934427
BORDERLINE2,4.868852459016393
DELAUNAY,5.524590163934426
