index,0
SMOTE,3.3114754098360657
GEOSMOTE,3.418032786885246
DELAUNAY,3.5163934426229506
SMOTE_SVM,3.7540983606557377
BORDERLINE1,4.368852459016393
BORDERLINE2,4.549180327868853
ORIGINAL,5.081967213114754
