index,0
DELAUNAY,3.139344262295082
SMOTE,3.2950819672131146
BORDERLINE1,3.7704918032786887
SMOTE_SVM,3.9344262295081966
GEOSMOTE,4.10655737704918
BORDERLINE2,4.426229508196721
ORIGINAL,5.327868852459017
