index,0
SMOTE,3.098360655737705
BORDERLINE1,3.1557377049180326
DELAUNAY,3.1557377049180326
BORDERLINE2,3.237704918032787
SMOTE_SVM,3.377049180327869
ORIGINAL,4.975409836065574
