index,0
ORIGINAL,3.0081967213114753
SMOTE_SVM,3.139344262295082
SMOTE,3.7459016393442623
BORDERLINE1,3.9836065573770494
GEOSMOTE,4.008196721311475
DELAUNAY,4.401639344262295
BORDERLINE2,5.713114754098361
