index,0
ORIGINAL,3.1147540983606556
SMOTE,3.4098360655737703
GEOSMOTE,3.762295081967213
DELAUNAY,3.9508196721311477
SMOTE_SVM,4.081967213114754
BORDERLINE1,4.598360655737705
BORDERLINE2,5.081967213114754
