index,0
BORDERLINE2,2.4672131147540983
BORDERLINE1,2.7868852459016393
SMOTE,2.918032786885246
SMOTE_SVM,3.30327868852459
DELAUNAY,4.016393442622951
ORIGINAL,5.508196721311475
