index,0
ORIGINAL,2.9918032786885247
SMOTE,3.360655737704918
SMOTE_SVM,3.721311475409836
BORDERLINE1,4.057377049180328
GEOSMOTE,4.245901639344262
DELAUNAY,4.516393442622951
BORDERLINE2,5.10655737704918
