index,0
SMOTE,2.8278688524590163
DELAUNAY,2.9508196721311477
BORDERLINE1,3.3114754098360657
SMOTE_SVM,3.4262295081967213
BORDERLINE2,3.901639344262295
ORIGINAL,4.581967213114754
