index,0
BORDERLINE2,2.680327868852459
BORDERLINE1,3.1311475409836067
DELAUNAY,3.1721311475409837
SMOTE_SVM,3.2950819672131146
SMOTE,3.3524590163934427
ORIGINAL,5.368852459016393
