index,0
SMOTE,2.721311475409836
BORDERLINE1,2.9344262295081966
SMOTE_SVM,2.959016393442623
BORDERLINE2,3.5163934426229506
DELAUNAY,3.6147540983606556
ORIGINAL,5.254098360655738
