index,0
ORIGINAL,1.9836065573770492
GEOSMOTE,3.1639344262295084
SMOTE_SVM,3.19672131147541
BORDERLINE1,4.172131147540983
SMOTE,4.672131147540983
DELAUNAY,4.991803278688525
BORDERLINE2,5.819672131147541
