index,0
ORIGINAL,2.819672131147541
DELAUNAY,3.1065573770491803
SMOTE,3.139344262295082
SMOTE_SVM,3.4098360655737703
BORDERLINE1,3.80327868852459
BORDERLINE2,4.721311475409836
