index,0
SMOTE,3.2049180327868854
DELAUNAY,3.4262295081967213
BORDERLINE2,3.959016393442623
BORDERLINE1,4.057377049180328
SMOTE_SVM,4.155737704918033
ORIGINAL,4.360655737704918
GEOSMOTE,4.836065573770492
