index,0
DELAUNAY,2.737704918032787
SMOTE,3.377049180327869
SMOTE_SVM,3.418032786885246
ORIGINAL,3.4836065573770494
BORDERLINE1,3.622950819672131
BORDERLINE2,4.360655737704918
