index,0
SMOTE_SVM,2.9672131147540983
SMOTE,3.3524590163934427
GEOSMOTE,3.3852459016393444
DELAUNAY,3.819672131147541
BORDERLINE1,4.114754098360656
BORDERLINE2,4.844262295081967
ORIGINAL,5.516393442622951
