index,0
SMOTE,3.180327868852459
SMOTE_SVM,3.2295081967213113
BORDERLINE1,3.418032786885246
ORIGINAL,3.4754098360655736
DELAUNAY,3.5245901639344264
BORDERLINE2,4.172131147540983
