index,0
GEOSMOTE,3.3114754098360657
SMOTE,3.319672131147541
SMOTE_SVM,3.4754098360655736
BORDERLINE1,3.5655737704918034
DELAUNAY,3.9098360655737703
BORDERLINE2,4.213114754098361
ORIGINAL,6.204918032786885
