index,0
ORIGINAL,2.262295081967213
SMOTE_SVM,2.7459016393442623
SMOTE,3.139344262295082
BORDERLINE1,3.3442622950819674
DELAUNAY,4.631147540983607
BORDERLINE2,4.877049180327869
