index,0
SMOTE,2.9754098360655736
ORIGINAL,3.19672131147541
DELAUNAY,3.6639344262295084
SMOTE_SVM,3.69672131147541
BORDERLINE2,3.69672131147541
BORDERLINE1,3.7704918032786887
