index,0
BORDERLINE1,2.80327868852459
SMOTE_SVM,2.9836065573770494
SMOTE,2.9918032786885247
BORDERLINE2,3.1557377049180326
DELAUNAY,3.8688524590163933
ORIGINAL,5.19672131147541
