index,0
BORDERLINE1,2.7049180327868854
BORDERLINE2,2.7459016393442623
SMOTE,3.0245901639344264
SMOTE_SVM,3.081967213114754
DELAUNAY,3.959016393442623
ORIGINAL,5.483606557377049
