index,0
ORIGINAL,2.5
SMOTE_SVM,3.459016393442623
GEOSMOTE,3.6065573770491803
SMOTE,4.163934426229508
BORDERLINE1,4.213114754098361
DELAUNAY,4.754098360655738
BORDERLINE2,5.30327868852459
