index,0
BORDERLINE1,3.0163934426229506
DELAUNAY,3.1147540983606556
SMOTE_SVM,3.122950819672131
SMOTE,3.180327868852459
BORDERLINE2,3.319672131147541
ORIGINAL,5.245901639344262
