index,0
DELAUNAY,2.860655737704918
SMOTE,2.9098360655737703
BORDERLINE1,3.3442622950819674
SMOTE_SVM,3.3852459016393444
BORDERLINE2,3.9098360655737703
ORIGINAL,4.590163934426229
