index,0
BORDERLINE2,2.8360655737704916
DELAUNAY,2.877049180327869
SMOTE,3.237704918032787
SMOTE_SVM,3.262295081967213
BORDERLINE1,3.5081967213114753
ORIGINAL,5.278688524590164
