index,0
ORIGINAL,3.4344262295081966
SMOTE,3.7950819672131146
SMOTE_SVM,3.877049180327869
BORDERLINE1,3.8934426229508197
GEOSMOTE,4.114754098360656
DELAUNAY,4.221311475409836
BORDERLINE2,4.663934426229508
