index,0
ORIGINAL,1.9508196721311475
SMOTE_SVM,2.5491803278688523
BORDERLINE1,3.2868852459016393
SMOTE,3.819672131147541
BORDERLINE2,4.524590163934426
DELAUNAY,4.868852459016393
