index,0
ORIGINAL,2.9508196721311477
GEOSMOTE,3.3442622950819674
SMOTE,3.5163934426229506
SMOTE_SVM,4.032786885245901
DELAUNAY,4.360655737704918
BORDERLINE1,4.745901639344262
BORDERLINE2,5.049180327868853
