index,0
BORDERLINE2,2.8524590163934427
SMOTE_SVM,3.5655737704918034
GEOSMOTE,3.6065573770491803
SMOTE,3.8524590163934427
DELAUNAY,3.959016393442623
BORDERLINE1,4.024590163934426
ORIGINAL,6.139344262295082
