index,0
SMOTE_SVM,2.959016393442623
SMOTE,3.237704918032787
DELAUNAY,3.3442622950819674
ORIGINAL,3.5901639344262297
BORDERLINE1,3.6885245901639343
BORDERLINE2,4.180327868852459
