index,0
ORIGINAL,3.180327868852459
SMOTE,3.5081967213114753
DELAUNAY,3.721311475409836
SMOTE_SVM,3.8688524590163933
GEOSMOTE,4.295081967213115
BORDERLINE1,4.336065573770492
BORDERLINE2,5.090163934426229
