index,0
BORDERLINE1,3.262295081967213
BORDERLINE2,3.262295081967213
GEOSMOTE,3.6311475409836067
SMOTE_SVM,3.6885245901639343
SMOTE,3.7704918032786887
DELAUNAY,4.032786885245901
ORIGINAL,6.352459016393443
