index,0
SMOTE_SVM,3.0655737704918034
SMOTE,3.139344262295082
BORDERLINE1,3.3278688524590163
DELAUNAY,3.3934426229508197
ORIGINAL,3.4836065573770494
BORDERLINE2,4.590163934426229
