index,0
ORIGINAL,2.0081967213114753
SMOTE_SVM,2.69672131147541
BORDERLINE1,3.5245901639344264
DELAUNAY,3.8114754098360657
SMOTE,4.081967213114754
BORDERLINE2,4.877049180327869
