index,0
DELAUNAY,3.5327868852459017
BORDERLINE2,3.6557377049180326
GEOSMOTE,3.9262295081967213
SMOTE_SVM,3.9918032786885247
SMOTE,4.049180327868853
ORIGINAL,4.262295081967213
BORDERLINE1,4.581967213114754
