index,0
BORDERLINE2,2.9344262295081966
BORDERLINE1,3.30327868852459
SMOTE_SVM,3.5245901639344264
SMOTE,3.6557377049180326
DELAUNAY,4.0
GEOSMOTE,4.532786885245901
ORIGINAL,6.049180327868853
