index,0
ORIGINAL,3.0245901639344264
SMOTE,3.3524590163934427
BORDERLINE1,3.459016393442623
SMOTE_SVM,3.4836065573770494
DELAUNAY,3.5901639344262297
BORDERLINE2,4.090163934426229
