index,0
BORDERLINE2,2.5
DELAUNAY,2.819672131147541
BORDERLINE1,3.098360655737705
SMOTE,3.262295081967213
SMOTE_SVM,3.6065573770491803
ORIGINAL,5.713114754098361
