index,0
ORIGINAL,2.3852459016393444
SMOTE_SVM,2.4754098360655736
SMOTE,2.9836065573770494
BORDERLINE1,3.19672131147541
BORDERLINE2,4.475409836065574
DELAUNAY,5.483606557377049
