index,0
BORDERLINE2,2.8360655737704916
BORDERLINE1,2.8442622950819674
SMOTE_SVM,3.2131147540983607
SMOTE,3.221311475409836
DELAUNAY,3.442622950819672
ORIGINAL,5.442622950819672
