index,0
ORIGINAL,2.8360655737704916
SMOTE,3.098360655737705
SMOTE_SVM,3.377049180327869
DELAUNAY,3.4508196721311477
BORDERLINE1,3.778688524590164
BORDERLINE2,4.459016393442623
