index,0
SMOTE,2.8114754098360657
BORDERLINE2,3.459016393442623
BORDERLINE1,3.5327868852459017
SMOTE_SVM,3.5655737704918034
DELAUNAY,3.7868852459016393
ORIGINAL,3.8442622950819674
