index,0
DELAUNAY,3.5655737704918034
ORIGINAL,3.5737704918032787
SMOTE,3.7950819672131146
SMOTE_SVM,4.131147540983607
GEOSMOTE,4.221311475409836
BORDERLINE2,4.237704918032787
BORDERLINE1,4.475409836065574
