index,0
SMOTE_SVM,2.6639344262295084
SMOTE,3.2950819672131146
DELAUNAY,3.4836065573770494
ORIGINAL,3.5
BORDERLINE1,3.6557377049180326
BORDERLINE2,4.401639344262295
