index,0
BORDERLINE1,3.1721311475409837
SMOTE_SVM,3.180327868852459
DELAUNAY,3.4098360655737703
ORIGINAL,3.540983606557377
SMOTE,3.7540983606557377
BORDERLINE2,3.942622950819672
