index,0
SMOTE,3.040983606557377
DELAUNAY,3.3360655737704916
ORIGINAL,3.3852459016393444
SMOTE_SVM,3.5327868852459017
BORDERLINE2,3.8278688524590163
BORDERLINE1,3.877049180327869
