index,0
SMOTE,3.459016393442623
GEOSMOTE,3.557377049180328
DELAUNAY,3.8524590163934427
ORIGINAL,3.9508196721311477
SMOTE_SVM,4.163934426229508
BORDERLINE2,4.442622950819672
BORDERLINE1,4.573770491803279
