index,0
DELAUNAY,2.5327868852459017
BORDERLINE2,3.2868852459016393
SMOTE_SVM,3.598360655737705
SMOTE,3.622950819672131
ORIGINAL,3.8442622950819674
BORDERLINE1,4.114754098360656
