index,0
SMOTE,3.221311475409836
BORDERLINE2,3.8278688524590163
DELAUNAY,3.942622950819672
BORDERLINE1,3.9508196721311477
SMOTE_SVM,4.016393442622951
ORIGINAL,4.254098360655738
GEOSMOTE,4.786885245901639
