index,0
SMOTE,2.8934426229508197
SMOTE_SVM,3.057377049180328
BORDERLINE1,3.1065573770491803
DELAUNAY,3.2540983606557377
BORDERLINE2,3.721311475409836
ORIGINAL,4.967213114754099
