index,0
ORIGINAL,2.819672131147541
SMOTE,3.098360655737705
DELAUNAY,3.3278688524590163
SMOTE_SVM,3.401639344262295
BORDERLINE1,3.8524590163934427
BORDERLINE2,4.5
