index,0
ORIGINAL,3.098360655737705
SMOTE,3.5
DELAUNAY,3.622950819672131
GEOSMOTE,3.778688524590164
SMOTE_SVM,4.139344262295082
BORDERLINE1,4.672131147540983
BORDERLINE2,5.188524590163935
