index,0
ORIGINAL,2.557377049180328
SMOTE_SVM,3.2868852459016393
SMOTE,3.7704918032786887
BORDERLINE1,3.9754098360655736
GEOSMOTE,4.032786885245901
DELAUNAY,4.540983606557377
BORDERLINE2,5.836065573770492
