index,0
DELAUNAY,3.2704918032786887
SMOTE,3.459016393442623
GEOSMOTE,3.5245901639344264
SMOTE_SVM,3.7868852459016393
BORDERLINE1,4.377049180327869
BORDERLINE2,4.5
ORIGINAL,5.081967213114754
