index,0
SMOTE_SVM,2.9098360655737703
BORDERLINE1,3.0245901639344264
SMOTE,3.1885245901639343
ORIGINAL,3.6311475409836067
BORDERLINE2,3.8524590163934427
DELAUNAY,4.39344262295082
