index,0
BORDERLINE2,2.6639344262295084
DELAUNAY,3.0
BORDERLINE1,3.1147540983606556
SMOTE_SVM,3.3688524590163933
SMOTE,3.4754098360655736
ORIGINAL,5.377049180327869
