index,0
ORIGINAL,3.139344262295082
SMOTE,3.4918032786885247
GEOSMOTE,3.6885245901639343
DELAUNAY,3.9344262295081966
SMOTE_SVM,4.024590163934426
BORDERLINE1,4.581967213114754
BORDERLINE2,5.139344262295082
