index,0
DELAUNAY,2.581967213114754
BORDERLINE2,3.0901639344262297
SMOTE_SVM,3.221311475409836
SMOTE,3.360655737704918
BORDERLINE1,3.9508196721311477
ORIGINAL,4.795081967213115
