index,0
SMOTE,2.9918032786885247
BORDERLINE1,3.139344262295082
DELAUNAY,3.1721311475409837
SMOTE_SVM,3.237704918032787
BORDERLINE2,3.5901639344262297
ORIGINAL,4.868852459016393
