index,0
ORIGINAL,2.418032786885246
SMOTE_SVM,3.4344262295081966
GEOSMOTE,3.4918032786885247
SMOTE,4.114754098360656
BORDERLINE1,4.19672131147541
DELAUNAY,5.122950819672131
BORDERLINE2,5.221311475409836
