index,0
ORIGINAL,2.459016393442623
SMOTE_SVM,3.4262295081967213
GEOSMOTE,3.4754098360655736
SMOTE,4.19672131147541
BORDERLINE1,4.213114754098361
DELAUNAY,5.032786885245901
BORDERLINE2,5.19672131147541
