index,0
DELAUNAY,2.8852459016393444
BORDERLINE2,2.9836065573770494
SMOTE_SVM,3.098360655737705
SMOTE,3.2704918032786887
BORDERLINE1,3.9262295081967213
ORIGINAL,4.836065573770492
