index,0
BORDERLINE2,2.6065573770491803
DELAUNAY,2.639344262295082
SMOTE_SVM,3.3442622950819674
SMOTE,3.5081967213114753
BORDERLINE1,3.639344262295082
ORIGINAL,5.262295081967213
