index,0
SMOTE_SVM,3.2131147540983607
BORDERLINE1,3.5
SMOTE,3.6311475409836067
GEOSMOTE,4.032786885245901
ORIGINAL,4.065573770491803
BORDERLINE2,4.344262295081967
DELAUNAY,5.213114754098361
