index,0
SMOTE,2.9836065573770494
SMOTE_SVM,3.0163934426229506
BORDERLINE1,3.1475409836065573
DELAUNAY,3.3852459016393444
BORDERLINE2,3.6147540983606556
ORIGINAL,4.852459016393443
