index,0
SMOTE,3.0
ORIGINAL,3.237704918032787
DELAUNAY,3.3852459016393444
SMOTE_SVM,3.6721311475409837
BORDERLINE2,3.8114754098360657
BORDERLINE1,3.8934426229508197
