index,0
ORIGINAL,2.8934426229508197
SMOTE_SVM,2.9098360655737703
SMOTE,3.4508196721311477
BORDERLINE1,3.5
DELAUNAY,3.877049180327869
BORDERLINE2,4.368852459016393
