index,0
ORIGINAL,3.3524590163934427
SMOTE,3.639344262295082
BORDERLINE1,3.819672131147541
SMOTE_SVM,3.8442622950819674
GEOSMOTE,4.090163934426229
DELAUNAY,4.622950819672131
BORDERLINE2,4.631147540983607
