index,0
SMOTE,3.4754098360655736
SMOTE_SVM,3.5
GEOSMOTE,3.6885245901639343
BORDERLINE1,3.69672131147541
DELAUNAY,3.7868852459016393
BORDERLINE2,4.221311475409836
ORIGINAL,5.631147540983607
