index,0
ORIGINAL,3.2459016393442623
SMOTE_SVM,3.2540983606557377
GEOSMOTE,3.9098360655737703
SMOTE,4.024590163934426
BORDERLINE1,4.040983606557377
DELAUNAY,4.549180327868853
BORDERLINE2,4.975409836065574
