index,0
SMOTE,3.122950819672131
SMOTE_SVM,3.1639344262295084
ORIGINAL,3.3852459016393444
BORDERLINE1,3.401639344262295
DELAUNAY,3.7704918032786887
BORDERLINE2,4.155737704918033
