index,0
SMOTE,3.377049180327869
SMOTE_SVM,3.4836065573770494
BORDERLINE1,3.5081967213114753
GEOSMOTE,3.7868852459016393
DELAUNAY,3.901639344262295
BORDERLINE2,4.229508196721311
ORIGINAL,5.713114754098361
