index,0
ORIGINAL,3.0491803278688523
GEOSMOTE,3.360655737704918
SMOTE,3.6147540983606556
DELAUNAY,4.0
SMOTE_SVM,4.073770491803279
BORDERLINE1,4.672131147540983
BORDERLINE2,5.229508196721311
