index,0
ORIGINAL,2.9918032786885247
SMOTE,3.1475409836065573
BORDERLINE1,3.3442622950819674
SMOTE_SVM,3.3852459016393444
BORDERLINE2,4.049180327868853
DELAUNAY,4.081967213114754
