index,0
SMOTE,3.418032786885246
SMOTE_SVM,3.5163934426229506
BORDERLINE1,3.5655737704918034
DELAUNAY,3.7049180327868854
GEOSMOTE,3.8360655737704916
BORDERLINE2,4.221311475409836
ORIGINAL,5.737704918032787
