index,0
ORIGINAL,1.9672131147540983
SMOTE_SVM,2.598360655737705
BORDERLINE1,3.3688524590163933
SMOTE,3.959016393442623
DELAUNAY,4.286885245901639
BORDERLINE2,4.819672131147541
