index,0
DELAUNAY,2.9508196721311477
BORDERLINE2,3.081967213114754
BORDERLINE1,3.557377049180328
SMOTE_SVM,3.7950819672131146
SMOTE,3.918032786885246
GEOSMOTE,4.622950819672131
ORIGINAL,6.073770491803279
