index,0
SMOTE,3.1721311475409837
DELAUNAY,3.5081967213114753
BORDERLINE1,3.639344262295082
SMOTE_SVM,3.721311475409836
GEOSMOTE,3.959016393442623
BORDERLINE2,4.081967213114754
ORIGINAL,5.918032786885246
