index,0
ORIGINAL,2.5491803278688523
SMOTE,2.8278688524590163
SMOTE_SVM,3.4262295081967213
DELAUNAY,3.80327868852459
BORDERLINE1,3.9672131147540983
BORDERLINE2,4.426229508196721
