index,0
BORDERLINE2,2.7868852459016393
BORDERLINE1,3.1147540983606556
SMOTE,3.3524590163934427
SMOTE_SVM,3.819672131147541
DELAUNAY,4.204918032786885
GEOSMOTE,4.319672131147541
ORIGINAL,6.401639344262295
