index,0
SMOTE,2.7950819672131146
SMOTE_SVM,2.9262295081967213
BORDERLINE1,2.9672131147540983
DELAUNAY,3.4098360655737703
BORDERLINE2,3.598360655737705
ORIGINAL,5.30327868852459
