index,0
SMOTE_SVM,3.0901639344262297
SMOTE,3.3524590163934427
BORDERLINE1,3.9754098360655736
DELAUNAY,4.024590163934426
GEOSMOTE,4.229508196721311
ORIGINAL,4.5
BORDERLINE2,4.827868852459017
