index,0
SMOTE,3.262295081967213
GEOSMOTE,3.2868852459016393
SMOTE_SVM,3.4918032786885247
BORDERLINE1,3.5
DELAUNAY,4.057377049180328
BORDERLINE2,4.19672131147541
ORIGINAL,6.204918032786885
