index,0
DELAUNAY,3.3442622950819674
SMOTE,3.377049180327869
GEOSMOTE,3.5081967213114753
SMOTE_SVM,3.7459016393442623
BORDERLINE1,4.418032786885246
BORDERLINE2,4.516393442622951
ORIGINAL,5.090163934426229
