index,0
SMOTE,3.3524590163934427
GEOSMOTE,3.3852459016393444
SMOTE_SVM,3.4918032786885247
BORDERLINE1,3.5901639344262297
DELAUNAY,3.6557377049180326
BORDERLINE2,4.319672131147541
ORIGINAL,6.204918032786885
