index,0
ORIGINAL,2.377049180327869
SMOTE_SVM,2.877049180327869
SMOTE,3.3688524590163933
BORDERLINE1,3.5655737704918034
DELAUNAY,3.737704918032787
BORDERLINE2,5.073770491803279
