index,0
ORIGINAL,2.2295081967213113
SMOTE_SVM,2.762295081967213
SMOTE,3.237704918032787
BORDERLINE1,3.459016393442623
DELAUNAY,4.352459016393443
BORDERLINE2,4.959016393442623
