index,0
SMOTE,2.7540983606557377
SMOTE_SVM,3.0327868852459017
DELAUNAY,3.5737704918032787
BORDERLINE1,3.598360655737705
BORDERLINE2,3.7704918032786887
ORIGINAL,4.270491803278689
