index,0
BORDERLINE2,2.7540983606557377
SMOTE_SVM,3.1475409836065573
SMOTE,3.2131147540983607
DELAUNAY,3.2295081967213113
BORDERLINE1,3.418032786885246
ORIGINAL,5.237704918032787
