index,0
SMOTE_SVM,2.942622950819672
SMOTE,3.262295081967213
DELAUNAY,3.319672131147541
ORIGINAL,3.5901639344262297
BORDERLINE1,3.69672131147541
BORDERLINE2,4.188524590163935
