index,0
DELAUNAY,3.5163934426229506
BORDERLINE2,3.6311475409836067
SMOTE_SVM,3.9672131147540983
GEOSMOTE,3.9672131147540983
SMOTE,4.040983606557377
ORIGINAL,4.295081967213115
BORDERLINE1,4.581967213114754
