index,0
ORIGINAL,2.877049180327869
SMOTE,3.377049180327869
GEOSMOTE,3.4262295081967213
SMOTE_SVM,3.959016393442623
BORDERLINE1,4.631147540983607
DELAUNAY,4.672131147540983
BORDERLINE2,5.057377049180328
