index,0
ORIGINAL,2.0655737704918034
SMOTE_SVM,2.80327868852459
DELAUNAY,3.3360655737704916
BORDERLINE1,3.598360655737705
SMOTE,4.19672131147541
BORDERLINE2,5.0
