index,0
DELAUNAY,3.0327868852459017
SMOTE_SVM,3.081967213114754
SMOTE,3.0901639344262297
BORDERLINE1,3.2459016393442623
BORDERLINE2,3.6721311475409837
ORIGINAL,4.877049180327869
