index,0
SMOTE,2.8524590163934427
DELAUNAY,3.0737704918032787
SMOTE_SVM,3.1639344262295084
BORDERLINE1,3.762295081967213
BORDERLINE2,3.80327868852459
ORIGINAL,4.344262295081967
