index,0
ORIGINAL,3.040983606557377
DELAUNAY,3.3524590163934427
SMOTE,3.377049180327869
SMOTE_SVM,3.4836065573770494
BORDERLINE1,3.5163934426229506
BORDERLINE2,4.229508196721311
