index,0
ORIGINAL,2.7459016393442623
SMOTE,3.0327868852459017
SMOTE_SVM,3.3442622950819674
DELAUNAY,3.598360655737705
BORDERLINE1,3.7950819672131146
BORDERLINE2,4.483606557377049
