index,0
ORIGINAL,2.9262295081967213
SMOTE,3.2049180327868854
SMOTE_SVM,3.3934426229508197
BORDERLINE1,3.459016393442623
DELAUNAY,3.9754098360655736
BORDERLINE2,4.040983606557377
