index,0
SMOTE,2.9098360655737703
DELAUNAY,3.2459016393442623
BORDERLINE2,3.557377049180328
BORDERLINE1,3.6065573770491803
SMOTE_SVM,3.721311475409836
ORIGINAL,3.959016393442623
