index,0
SMOTE,3.5163934426229506
DELAUNAY,3.5655737704918034
GEOSMOTE,3.639344262295082
ORIGINAL,3.9672131147540983
SMOTE_SVM,4.221311475409836
BORDERLINE2,4.459016393442623
BORDERLINE1,4.631147540983607
