index,0
SMOTE_SVM,2.721311475409836
ORIGINAL,2.778688524590164
SMOTE,3.2704918032786887
BORDERLINE1,3.3852459016393444
BORDERLINE2,4.204918032786885
DELAUNAY,4.639344262295082
