index,0
DELAUNAY,3.5163934426229506
SMOTE,3.540983606557377
SMOTE_SVM,3.540983606557377
GEOSMOTE,3.7295081967213113
BORDERLINE1,3.7704918032786887
BORDERLINE2,4.262295081967213
ORIGINAL,5.639344262295082
