index,0
SMOTE,2.8114754098360657
SMOTE_SVM,2.8360655737704916
BORDERLINE1,2.9672131147540983
BORDERLINE2,3.6147540983606556
DELAUNAY,3.7950819672131146
ORIGINAL,4.975409836065574
