index,0
SMOTE,2.6639344262295084
BORDERLINE1,2.942622950819672
SMOTE_SVM,2.9836065573770494
BORDERLINE2,3.278688524590164
DELAUNAY,4.122950819672131
ORIGINAL,5.008196721311475
