index,0
SMOTE_SVM,3.098360655737705
BORDERLINE1,3.2459016393442623
DELAUNAY,3.319672131147541
SMOTE,3.4098360655737703
ORIGINAL,3.8688524590163933
BORDERLINE2,4.057377049180328
