index,0
BORDERLINE2,2.942622950819672
SMOTE_SVM,3.0
DELAUNAY,3.0901639344262297
SMOTE,3.262295081967213
BORDERLINE1,3.8524590163934427
ORIGINAL,4.852459016393443
