index,0
SMOTE_SVM,3.3442622950819674
ORIGINAL,3.4754098360655736
DELAUNAY,3.4918032786885247
SMOTE,3.639344262295082
BORDERLINE1,4.336065573770492
GEOSMOTE,4.639344262295082
BORDERLINE2,5.073770491803279
