index,0
SMOTE,2.9836065573770494
SMOTE_SVM,3.0081967213114753
BORDERLINE1,3.0245901639344264
DELAUNAY,3.3852459016393444
BORDERLINE2,3.6639344262295084
ORIGINAL,4.934426229508197
