index,0
ORIGINAL,2.7950819672131146
SMOTE_SVM,3.4344262295081966
SMOTE,3.680327868852459
BORDERLINE1,3.8442622950819674
GEOSMOTE,4.131147540983607
DELAUNAY,4.540983606557377
BORDERLINE2,5.573770491803279
