index,0
ORIGINAL,2.221311475409836
SMOTE_SVM,3.1147540983606556
GEOSMOTE,3.1721311475409837
BORDERLINE1,3.9262295081967213
SMOTE,4.573770491803279
BORDERLINE2,5.434426229508197
DELAUNAY,5.557377049180328
