index,0
ORIGINAL,2.2459016393442623
SMOTE_SVM,3.1311475409836067
GEOSMOTE,3.2049180327868854
BORDERLINE1,3.9672131147540983
SMOTE,4.680327868852459
DELAUNAY,5.262295081967213
BORDERLINE2,5.508196721311475
