index,0
SMOTE_SVM,2.9672131147540983
ORIGINAL,3.0491803278688523
SMOTE,3.3114754098360657
DELAUNAY,3.3934426229508197
BORDERLINE1,3.8278688524590163
BORDERLINE2,4.450819672131147
