index,0
DELAUNAY,2.69672131147541
BORDERLINE2,3.0
SMOTE_SVM,3.180327868852459
SMOTE,3.3524590163934427
BORDERLINE1,3.901639344262295
ORIGINAL,4.868852459016393
