index,0
SMOTE,2.901639344262295
DELAUNAY,3.057377049180328
BORDERLINE1,3.278688524590164
SMOTE_SVM,3.3524590163934427
BORDERLINE2,3.8524590163934427
ORIGINAL,4.557377049180328
