index,0
BORDERLINE1,2.8278688524590163
BORDERLINE2,2.9098360655737703
SMOTE_SVM,3.2459016393442623
SMOTE,3.2540983606557377
DELAUNAY,3.2704918032786887
ORIGINAL,5.491803278688525
