index,0
ORIGINAL,1.7950819672131149
SMOTE_SVM,2.721311475409836
BORDERLINE1,3.6721311475409837
DELAUNAY,3.8114754098360657
SMOTE,4.016393442622951
BORDERLINE2,4.983606557377049
