index,0
ORIGINAL,1.819672131147541
SMOTE_SVM,2.7950819672131146
DELAUNAY,3.3278688524590163
BORDERLINE1,3.721311475409836
SMOTE,4.221311475409836
BORDERLINE2,5.114754098360656
