index,0
SMOTE,3.401639344262295
BORDERLINE1,3.5081967213114753
BORDERLINE2,3.6721311475409837
SMOTE_SVM,3.8114754098360657
GEOSMOTE,3.9754098360655736
DELAUNAY,3.9754098360655736
ORIGINAL,5.655737704918033
