index,0
GEOSMOTE,3.3852459016393444
SMOTE,3.3934426229508197
DELAUNAY,3.418032786885246
SMOTE_SVM,3.557377049180328
BORDERLINE1,3.6721311475409837
BORDERLINE2,4.368852459016393
ORIGINAL,6.204918032786885
