index,0
SMOTE,2.9754098360655736
SMOTE_SVM,3.0
BORDERLINE1,3.1557377049180326
DELAUNAY,3.4098360655737703
BORDERLINE2,3.598360655737705
ORIGINAL,4.860655737704918
