index,0
SMOTE_SVM,3.221311475409836
ORIGINAL,3.2295081967213113
GEOSMOTE,3.877049180327869
SMOTE,3.942622950819672
BORDERLINE1,3.9836065573770494
DELAUNAY,4.844262295081967
BORDERLINE2,4.901639344262295
