index,0
DELAUNAY,3.040983606557377
SMOTE,3.3688524590163933
BORDERLINE2,3.442622950819672
SMOTE_SVM,3.5163934426229506
ORIGINAL,3.6475409836065573
BORDERLINE1,3.9836065573770494
