index,0
BORDERLINE2,2.8278688524590163
DELAUNAY,2.901639344262295
SMOTE_SVM,3.221311475409836
SMOTE,3.30327868852459
BORDERLINE1,3.5081967213114753
ORIGINAL,5.237704918032787
