index,0
SMOTE,3.0081967213114753
BORDERLINE1,3.4098360655737703
SMOTE_SVM,3.442622950819672
GEOSMOTE,3.7868852459016393
BORDERLINE2,3.80327868852459
DELAUNAY,4.737704918032787
ORIGINAL,5.811475409836065
