index,0
SMOTE_SVM,2.6721311475409837
SMOTE,3.2540983606557377
ORIGINAL,3.442622950819672
DELAUNAY,3.5737704918032787
BORDERLINE1,3.6311475409836067
BORDERLINE2,4.426229508196721
