index,0
SMOTE,3.0163934426229506
DELAUNAY,3.1639344262295084
ORIGINAL,3.442622950819672
SMOTE_SVM,3.5491803278688523
BORDERLINE2,3.877049180327869
BORDERLINE1,3.9508196721311477
