index,0
SMOTE_SVM,3.2868852459016393
ORIGINAL,3.30327868852459
GEOSMOTE,3.9508196721311477
SMOTE,4.040983606557377
BORDERLINE1,4.114754098360656
DELAUNAY,4.180327868852459
BORDERLINE2,5.122950819672131
