index,0
BORDERLINE1,2.918032786885246
SMOTE_SVM,2.9672131147540983
ORIGINAL,3.418032786885246
SMOTE,3.557377049180328
BORDERLINE2,3.6475409836065573
DELAUNAY,4.491803278688525
