index,0
ORIGINAL,2.4098360655737703
DELAUNAY,3.4262295081967213
SMOTE_SVM,3.4508196721311477
GEOSMOTE,3.581967213114754
BORDERLINE1,4.213114754098361
SMOTE,5.024590163934426
BORDERLINE2,5.89344262295082
