index,0
SMOTE,2.5737704918032787
SMOTE_SVM,3.1639344262295084
ORIGINAL,3.459016393442623
BORDERLINE1,3.8360655737704916
BORDERLINE2,3.8688524590163933
DELAUNAY,4.098360655737705
