index,0
SMOTE_SVM,2.622950819672131
SMOTE,2.877049180327869
DELAUNAY,3.098360655737705
BORDERLINE1,3.5163934426229506
BORDERLINE2,4.131147540983607
ORIGINAL,4.754098360655738
