index,0
DELAUNAY,3.0163934426229506
BORDERLINE2,3.7459016393442623
GEOSMOTE,4.040983606557377
SMOTE_SVM,4.10655737704918
SMOTE,4.131147540983607
ORIGINAL,4.385245901639344
BORDERLINE1,4.573770491803279
