index,0
BORDERLINE1,2.8934426229508197
SMOTE_SVM,3.098360655737705
SMOTE,3.180327868852459
BORDERLINE2,3.2459016393442623
DELAUNAY,3.442622950819672
ORIGINAL,5.139344262295082
