index,0
SMOTE_SVM,3.3360655737704916
BORDERLINE1,3.6311475409836067
SMOTE,3.7540983606557377
GEOSMOTE,4.155737704918033
ORIGINAL,4.172131147540983
BORDERLINE2,4.459016393442623
DELAUNAY,4.491803278688525
