index,0
DELAUNAY,2.540983606557377
BORDERLINE2,3.1475409836065573
SMOTE_SVM,3.2131147540983607
SMOTE,3.2950819672131146
BORDERLINE1,3.942622950819672
ORIGINAL,4.860655737704918
