index,0
SMOTE_SVM,2.8360655737704916
SMOTE,3.5
GEOSMOTE,3.6885245901639343
ORIGINAL,3.69672131147541
BORDERLINE1,3.8852459016393444
BORDERLINE2,4.795081967213115
DELAUNAY,5.598360655737705
