index,0
SMOTE_SVM,2.6885245901639343
ORIGINAL,2.7704918032786887
SMOTE,3.2704918032786887
BORDERLINE1,3.360655737704918
BORDERLINE2,4.213114754098361
DELAUNAY,4.69672131147541
