index,0
SMOTE,3.0327868852459017
SMOTE_SVM,3.2295081967213113
BORDERLINE1,3.401639344262295
ORIGINAL,3.6065573770491803
DELAUNAY,3.721311475409836
BORDERLINE2,4.008196721311475
