index,0
BORDERLINE1,2.8278688524590163
SMOTE,3.0491803278688523
BORDERLINE2,3.098360655737705
SMOTE_SVM,3.19672131147541
DELAUNAY,3.30327868852459
ORIGINAL,5.524590163934426
