index,0
ORIGINAL,3.5081967213114753
DELAUNAY,3.6639344262295084
SMOTE,3.7704918032786887
SMOTE_SVM,4.122950819672131
GEOSMOTE,4.229508196721311
BORDERLINE2,4.286885245901639
BORDERLINE1,4.418032786885246
