index,0
SMOTE,3.19672131147541
SMOTE_SVM,3.237704918032787
DELAUNAY,3.278688524590164
BORDERLINE1,3.4836065573770494
ORIGINAL,3.737704918032787
BORDERLINE2,4.065573770491803
