index,0
SMOTE,3.057377049180328
DELAUNAY,3.2295081967213113
ORIGINAL,3.4344262295081966
SMOTE_SVM,3.5327868852459017
BORDERLINE2,3.819672131147541
BORDERLINE1,3.9262295081967213
