index,0
ORIGINAL,1.7868852459016393
SMOTE_SVM,2.737704918032787
DELAUNAY,3.3688524590163933
BORDERLINE1,3.7540983606557377
SMOTE,4.237704918032787
BORDERLINE2,5.114754098360656
