index,0
SMOTE,3.0491803278688523
BORDERLINE1,3.5
SMOTE_SVM,3.762295081967213
GEOSMOTE,3.8360655737704916
BORDERLINE2,4.229508196721311
DELAUNAY,4.442622950819672
ORIGINAL,5.180327868852459
