index,0
ORIGINAL,3.3688524590163933
SMOTE,3.7868852459016393
SMOTE_SVM,3.9262295081967213
BORDERLINE1,3.9262295081967213
GEOSMOTE,4.098360655737705
DELAUNAY,4.254098360655738
BORDERLINE2,4.639344262295082
