index,0
BORDERLINE1,2.8688524590163933
BORDERLINE2,2.8688524590163933
SMOTE,3.180327868852459
SMOTE_SVM,3.180327868852459
DELAUNAY,3.459016393442623
ORIGINAL,5.442622950819672
