index,0
ORIGINAL,2.8114754098360657
SMOTE,3.1065573770491803
DELAUNAY,3.2704918032786887
SMOTE_SVM,3.459016393442623
BORDERLINE1,3.860655737704918
BORDERLINE2,4.491803278688525
