index,0
BORDERLINE2,2.4672131147540983
BORDERLINE1,2.7950819672131146
SMOTE,2.9508196721311477
SMOTE_SVM,3.3114754098360657
DELAUNAY,3.9754098360655736
ORIGINAL,5.5
