index,0
BORDERLINE2,2.3442622950819674
SMOTE_SVM,3.0
SMOTE,3.1311475409836067
BORDERLINE1,3.2704918032786887
DELAUNAY,4.0
ORIGINAL,5.254098360655738
