index,0
ORIGINAL,2.5491803278688523
SMOTE_SVM,2.6065573770491803
SMOTE,3.122950819672131
BORDERLINE1,3.3524590163934427
DELAUNAY,4.557377049180328
BORDERLINE2,4.811475409836065
