index,0
DELAUNAY,2.9098360655737703
SMOTE,3.139344262295082
SMOTE_SVM,3.180327868852459
BORDERLINE2,3.2049180327868854
BORDERLINE1,3.3442622950819674
ORIGINAL,5.221311475409836
