index,0
DELAUNAY,3.3114754098360657
SMOTE,3.3278688524590163
BORDERLINE2,3.9508196721311477
BORDERLINE1,4.049180327868853
SMOTE_SVM,4.131147540983607
ORIGINAL,4.385245901639344
GEOSMOTE,4.844262295081967
