index,0
SMOTE,3.1557377049180326
SMOTE_SVM,3.278688524590164
BORDERLINE1,3.401639344262295
DELAUNAY,3.459016393442623
ORIGINAL,3.6721311475409837
BORDERLINE2,4.032786885245901
