index,0
ORIGINAL,2.8934426229508197
GEOSMOTE,3.3360655737704916
SMOTE,3.4754098360655736
SMOTE_SVM,4.057377049180328
DELAUNAY,4.516393442622951
BORDERLINE1,4.680327868852459
BORDERLINE2,5.040983606557377
