index,0
BORDERLINE2,2.622950819672131
BORDERLINE1,3.081967213114754
DELAUNAY,3.098360655737705
SMOTE_SVM,3.377049180327869
SMOTE,3.4098360655737703
ORIGINAL,5.409836065573771
