index,0
SMOTE,3.3524590163934427
GEOSMOTE,3.360655737704918
SMOTE_SVM,3.5245901639344264
BORDERLINE1,3.5901639344262297
DELAUNAY,3.7131147540983607
BORDERLINE2,4.270491803278689
ORIGINAL,6.188524590163935
