index,0
SMOTE_SVM,2.8278688524590163
ORIGINAL,2.9344262295081966
SMOTE,3.139344262295082
BORDERLINE1,3.6639344262295084
DELAUNAY,4.163934426229508
BORDERLINE2,4.270491803278689
