index,0
SMOTE_SVM,3.3360655737704916
BORDERLINE1,3.6475409836065573
SMOTE,3.7459016393442623
GEOSMOTE,4.090163934426229
ORIGINAL,4.180327868852459
BORDERLINE2,4.450819672131147
DELAUNAY,4.549180327868853
