index,0
SMOTE_SVM,3.2131147540983607
ORIGINAL,3.3934426229508197
SMOTE,3.401639344262295
DELAUNAY,4.245901639344262
BORDERLINE1,4.254098360655738
GEOSMOTE,4.483606557377049
BORDERLINE2,5.008196721311475
