index,0
BORDERLINE2,2.69672131147541
BORDERLINE1,3.1147540983606556
DELAUNAY,3.2295081967213113
SMOTE_SVM,3.2868852459016393
SMOTE,3.360655737704918
ORIGINAL,5.311475409836065
