index,0
SMOTE,3.0245901639344264
SMOTE_SVM,3.0901639344262297
DELAUNAY,3.1885245901639343
BORDERLINE1,3.2049180327868854
BORDERLINE2,3.6311475409836067
ORIGINAL,4.860655737704918
