index,0
BORDERLINE1,2.8114754098360657
SMOTE,3.1065573770491803
BORDERLINE2,3.1147540983606556
DELAUNAY,3.2049180327868854
SMOTE_SVM,3.237704918032787
ORIGINAL,5.524590163934426
