index,0
ORIGINAL,2.9836065573770494
SMOTE_SVM,3.1311475409836067
SMOTE,3.6885245901639343
BORDERLINE1,3.8852459016393444
GEOSMOTE,3.942622950819672
DELAUNAY,4.713114754098361
BORDERLINE2,5.655737704918033
