index,0
BORDERLINE2,3.1557377049180326
DELAUNAY,3.3852459016393444
SMOTE,3.4098360655737703
SMOTE_SVM,3.418032786885246
ORIGINAL,3.639344262295082
BORDERLINE1,3.9918032786885247
