index,0
SMOTE,3.0491803278688523
DELAUNAY,3.237704918032787
ORIGINAL,3.4262295081967213
SMOTE_SVM,3.5491803278688523
BORDERLINE2,3.8442622950819674
BORDERLINE1,3.8934426229508197
