index,0
ORIGINAL,3.5327868852459017
SMOTE,3.7540983606557377
DELAUNAY,3.778688524590164
SMOTE_SVM,4.081967213114754
GEOSMOTE,4.213114754098361
BORDERLINE2,4.221311475409836
BORDERLINE1,4.418032786885246
