index,0
BORDERLINE2,3.6639344262295084
DELAUNAY,3.721311475409836
SMOTE_SVM,3.9508196721311477
GEOSMOTE,3.959016393442623
SMOTE,3.9754098360655736
ORIGINAL,4.229508196721311
BORDERLINE1,4.5
