index,0
DELAUNAY,2.877049180327869
SMOTE,2.901639344262295
SMOTE_SVM,3.19672131147541
BORDERLINE1,3.778688524590164
BORDERLINE2,3.877049180327869
ORIGINAL,4.368852459016393
