index,0
ORIGINAL,2.278688524590164
SMOTE_SVM,3.3114754098360657
GEOSMOTE,3.4262295081967213
DELAUNAY,4.098360655737705
BORDERLINE1,4.122950819672131
SMOTE,4.909836065573771
BORDERLINE2,5.852459016393443
