index,0
BORDERLINE1,2.7704918032786887
BORDERLINE2,2.8114754098360657
SMOTE,3.1147540983606556
SMOTE_SVM,3.1639344262295084
DELAUNAY,3.6557377049180326
ORIGINAL,5.483606557377049
