index,0
SMOTE,2.7950819672131146
BORDERLINE1,3.0163934426229506
SMOTE_SVM,3.0491803278688523
DELAUNAY,3.237704918032787
BORDERLINE2,3.5901639344262297
ORIGINAL,5.311475409836065
