index,0
SMOTE,2.918032786885246
DELAUNAY,2.942622950819672
BORDERLINE1,3.1885245901639343
SMOTE_SVM,3.2540983606557377
BORDERLINE2,3.581967213114754
ORIGINAL,5.114754098360656
