index,0
SMOTE_SVM,2.9836065573770494
SMOTE,3.401639344262295
GEOSMOTE,3.4262295081967213
DELAUNAY,3.622950819672131
BORDERLINE1,4.180327868852459
BORDERLINE2,4.868852459016393
ORIGINAL,5.516393442622951
