index,0
ORIGINAL,2.4262295081967213
SMOTE,2.8278688524590163
SMOTE_SVM,3.3114754098360657
BORDERLINE1,3.9262295081967213
DELAUNAY,4.19672131147541
BORDERLINE2,4.311475409836065
