index,0
ORIGINAL,2.9508196721311477
GEOSMOTE,3.4836065573770494
SMOTE,3.5737704918032787
DELAUNAY,3.8114754098360657
SMOTE_SVM,4.19672131147541
BORDERLINE1,4.80327868852459
BORDERLINE2,5.180327868852459
