index,0
ORIGINAL,2.5245901639344264
SMOTE_SVM,3.0901639344262297
BORDERLINE1,3.4098360655737703
SMOTE,3.4344262295081966
DELAUNAY,3.5901639344262297
BORDERLINE2,4.950819672131147
