index,0
BORDERLINE1,3.639344262295082
SMOTE_SVM,3.6721311475409837
GEOSMOTE,3.8524590163934427
DELAUNAY,4.008196721311475
ORIGINAL,4.073770491803279
SMOTE,4.262295081967213
BORDERLINE2,4.491803278688525
