index,0
SMOTE,2.7459016393442623
SMOTE_SVM,3.262295081967213
DELAUNAY,3.4262295081967213
ORIGINAL,3.6065573770491803
BORDERLINE1,3.918032786885246
BORDERLINE2,4.040983606557377
