index,0
DELAUNAY,3.4754098360655736
SMOTE,3.6557377049180326
SMOTE_SVM,3.7540983606557377
BORDERLINE1,3.9836065573770494
GEOSMOTE,4.090163934426229
ORIGINAL,4.319672131147541
BORDERLINE2,4.721311475409836
