index,0
SMOTE_SVM,3.1885245901639343
SMOTE,3.3688524590163933
ORIGINAL,3.3852459016393444
BORDERLINE1,4.131147540983607
GEOSMOTE,4.442622950819672
DELAUNAY,4.549180327868853
BORDERLINE2,4.934426229508197
