index,0
BORDERLINE2,2.819672131147541
SMOTE,2.8442622950819674
BORDERLINE1,3.0
DELAUNAY,3.278688524590164
SMOTE_SVM,3.377049180327869
ORIGINAL,5.680327868852459
