index,0
SMOTE,3.237704918032787
BORDERLINE2,3.3278688524590163
SMOTE_SVM,3.3442622950819674
ORIGINAL,3.4262295081967213
DELAUNAY,3.69672131147541
BORDERLINE1,3.9672131147540983
