index,0
DELAUNAY,2.7704918032786887
BORDERLINE2,2.9262295081967213
SMOTE,2.9344262295081966
BORDERLINE1,3.139344262295082
SMOTE_SVM,3.4918032786885247
ORIGINAL,5.737704918032787
