index,0
ORIGINAL,2.0
GEOSMOTE,3.418032786885246
SMOTE_SVM,3.4754098360655736
DELAUNAY,3.778688524590164
BORDERLINE1,4.401639344262295
SMOTE,4.942622950819672
BORDERLINE2,5.983606557377049
