index,0
ORIGINAL,2.6311475409836067
SMOTE,3.0901639344262297
DELAUNAY,3.1475409836065573
SMOTE_SVM,3.4672131147540983
BORDERLINE1,4.122950819672131
BORDERLINE2,4.540983606557377
