index,0
DELAUNAY,2.7950819672131146
SMOTE,3.19672131147541
BORDERLINE1,3.2950819672131146
BORDERLINE2,3.2950819672131146
SMOTE_SVM,3.459016393442623
ORIGINAL,4.959016393442623
