index,0
BORDERLINE2,2.9344262295081966
DELAUNAY,3.30327868852459
GEOSMOTE,3.6557377049180326
SMOTE_SVM,3.80327868852459
SMOTE,4.016393442622951
BORDERLINE1,4.10655737704918
ORIGINAL,6.180327868852459
