index,0
ORIGINAL,2.4508196721311477
SMOTE,2.877049180327869
SMOTE_SVM,3.377049180327869
DELAUNAY,3.7540983606557377
BORDERLINE1,4.040983606557377
BORDERLINE2,4.5
