index,0
DELAUNAY,2.7868852459016393
BORDERLINE2,2.8278688524590163
SMOTE_SVM,3.30327868852459
SMOTE,3.3114754098360657
BORDERLINE1,3.5
ORIGINAL,5.270491803278689
