index,0
DELAUNAY,3.1311475409836067
ORIGINAL,3.1721311475409837
SMOTE,3.360655737704918
BORDERLINE2,3.680327868852459
SMOTE_SVM,3.69672131147541
BORDERLINE1,3.959016393442623
