index,0
SMOTE,3.319672131147541
SMOTE_SVM,3.4344262295081966
BORDERLINE1,3.5
GEOSMOTE,3.7131147540983607
DELAUNAY,4.131147540983607
BORDERLINE2,4.188524590163935
ORIGINAL,5.713114754098361
