index,0
SMOTE_SVM,3.237704918032787
ORIGINAL,3.262295081967213
GEOSMOTE,3.9262295081967213
SMOTE,3.9754098360655736
BORDERLINE1,4.10655737704918
DELAUNAY,4.418032786885246
BORDERLINE2,5.073770491803279
