index,0
SMOTE_SVM,2.9836065573770494
ORIGINAL,3.057377049180328
DELAUNAY,3.2868852459016393
SMOTE,3.2950819672131146
BORDERLINE1,3.8852459016393444
BORDERLINE2,4.491803278688525
