index,0
ORIGINAL,2.4672131147540983
SMOTE,2.8278688524590163
SMOTE_SVM,3.30327868852459
BORDERLINE1,3.959016393442623
DELAUNAY,4.073770491803279
BORDERLINE2,4.368852459016393
