index,0
SMOTE_SVM,2.9098360655737703
ORIGINAL,2.942622950819672
SMOTE,3.237704918032787
BORDERLINE1,3.7131147540983607
DELAUNAY,3.8934426229508197
BORDERLINE2,4.30327868852459
