index,0
SMOTE_SVM,3.180327868852459
ORIGINAL,3.3852459016393444
SMOTE,3.5245901639344264
DELAUNAY,4.0
BORDERLINE1,4.286885245901639
GEOSMOTE,4.598360655737705
BORDERLINE2,5.024590163934426
