index,0
ORIGINAL,2.6065573770491803
SMOTE_SVM,3.319672131147541
SMOTE,3.7049180327868854
BORDERLINE1,3.9508196721311477
GEOSMOTE,4.008196721311475
DELAUNAY,4.729508196721311
BORDERLINE2,5.680327868852459
