index,0
SMOTE_SVM,2.8524590163934427
SMOTE,3.139344262295082
DELAUNAY,3.1639344262295084
BORDERLINE1,3.5491803278688523
ORIGINAL,3.918032786885246
BORDERLINE2,4.377049180327869
