index,0
ORIGINAL,2.4836065573770494
SMOTE_SVM,3.5901639344262297
GEOSMOTE,3.622950819672131
DELAUNAY,4.270491803278689
SMOTE,4.278688524590164
BORDERLINE1,4.336065573770492
BORDERLINE2,5.418032786885246
