index,0
SMOTE,3.0491803278688523
SMOTE_SVM,3.0491803278688523
BORDERLINE1,3.0491803278688523
DELAUNAY,3.221311475409836
BORDERLINE2,3.6557377049180326
ORIGINAL,4.975409836065574
