index,0
SMOTE,2.9754098360655736
BORDERLINE1,3.0737704918032787
BORDERLINE2,3.0901639344262297
SMOTE_SVM,3.2049180327868854
DELAUNAY,3.7459016393442623
ORIGINAL,4.909836065573771
