index,0
ORIGINAL,1.9918032786885247
SMOTE_SVM,2.598360655737705
BORDERLINE1,3.3688524590163933
SMOTE,3.9672131147540983
DELAUNAY,4.442622950819672
BORDERLINE2,4.631147540983607
