index,0
ORIGINAL,2.7459016393442623
SMOTE,3.081967213114754
SMOTE_SVM,3.3360655737704916
DELAUNAY,3.581967213114754
BORDERLINE1,3.7868852459016393
BORDERLINE2,4.467213114754099
