index,0
BORDERLINE2,2.622950819672131
BORDERLINE1,2.942622950819672
SMOTE_SVM,3.2540983606557377
SMOTE,3.319672131147541
DELAUNAY,3.6147540983606556
ORIGINAL,5.245901639344262
