index,0
BORDERLINE2,2.9098360655737703
BORDERLINE1,3.360655737704918
SMOTE_SVM,3.4754098360655736
SMOTE,3.6475409836065573
DELAUNAY,3.942622950819672
GEOSMOTE,4.581967213114754
ORIGINAL,6.081967213114754
