index,0
ORIGINAL,3.0737704918032787
SMOTE,3.4672131147540983
GEOSMOTE,3.721311475409836
DELAUNAY,4.065573770491803
SMOTE_SVM,4.081967213114754
BORDERLINE1,4.590163934426229
BORDERLINE2,5.0
