index,0
SMOTE_SVM,2.8360655737704916
SMOTE,3.5655737704918034
ORIGINAL,3.737704918032787
GEOSMOTE,3.737704918032787
BORDERLINE1,3.9508196721311477
BORDERLINE2,4.885245901639344
DELAUNAY,5.286885245901639
