index,0
SMOTE,2.9098360655737703
SMOTE_SVM,3.0245901639344264
BORDERLINE1,3.098360655737705
DELAUNAY,3.2704918032786887
BORDERLINE2,3.7049180327868854
ORIGINAL,4.991803278688525
