index,0
SMOTE,2.6475409836065573
BORDERLINE1,2.9754098360655736
SMOTE_SVM,3.0655737704918034
BORDERLINE2,3.3934426229508197
DELAUNAY,3.8688524590163933
ORIGINAL,5.049180327868853
