index,0
SMOTE_SVM,2.942622950819672
SMOTE,3.2049180327868854
ORIGINAL,3.5081967213114753
DELAUNAY,3.557377049180328
BORDERLINE1,3.6639344262295084
BORDERLINE2,4.122950819672131
