index,0
ORIGINAL,3.3934426229508197
DELAUNAY,3.8114754098360657
SMOTE,3.8852459016393444
SMOTE_SVM,4.0
BORDERLINE1,4.024590163934426
GEOSMOTE,4.139344262295082
BORDERLINE2,4.745901639344262
