index,0
SMOTE_SVM,3.418032786885246
GEOSMOTE,3.540983606557377
SMOTE,3.7459016393442623
DELAUNAY,3.9344262295081966
ORIGINAL,4.10655737704918
BORDERLINE1,4.344262295081967
BORDERLINE2,4.909836065573771
