index,0
SMOTE,3.1557377049180326
BORDERLINE2,3.262295081967213
SMOTE_SVM,3.3524590163934427
ORIGINAL,3.4262295081967213
BORDERLINE1,3.877049180327869
DELAUNAY,3.9262295081967213
