index,0
BORDERLINE2,2.860655737704918
DELAUNAY,3.4262295081967213
BORDERLINE1,3.4836065573770494
SMOTE,3.680327868852459
GEOSMOTE,3.7049180327868854
SMOTE_SVM,4.172131147540983
ORIGINAL,6.672131147540983
