index,0
ORIGINAL,2.0327868852459017
GEOSMOTE,3.262295081967213
SMOTE_SVM,3.2950819672131146
BORDERLINE1,4.311475409836065
DELAUNAY,4.434426229508197
SMOTE,4.80327868852459
BORDERLINE2,5.860655737704918
