index,0
ORIGINAL,1.721311475409836
SMOTE_SVM,2.5163934426229506
BORDERLINE1,3.4262295081967213
SMOTE,3.7950819672131146
BORDERLINE2,4.639344262295082
DELAUNAY,4.901639344262295
