index,0
ORIGINAL,1.9836065573770492
GEOSMOTE,3.139344262295082
SMOTE_SVM,3.1557377049180326
BORDERLINE1,4.172131147540983
SMOTE,4.647540983606557
DELAUNAY,5.073770491803279
BORDERLINE2,5.827868852459017
