index,0
SMOTE,2.8524590163934427
DELAUNAY,2.959016393442623
SMOTE_SVM,3.19672131147541
BORDERLINE1,3.721311475409836
BORDERLINE2,3.901639344262295
ORIGINAL,4.368852459016393
