index,0
BORDERLINE2,3.459016393442623
SMOTE_SVM,3.5
GEOSMOTE,3.598360655737705
SMOTE,3.680327868852459
DELAUNAY,3.8278688524590163
BORDERLINE1,4.475409836065574
ORIGINAL,5.459016393442623
