index,0
ORIGINAL,2.581967213114754
SMOTE_SVM,3.2131147540983607
DELAUNAY,3.2868852459016393
SMOTE,3.459016393442623
BORDERLINE1,3.4754098360655736
BORDERLINE2,4.983606557377049
