index,0
SMOTE_SVM,2.942622950819672
SMOTE,3.3278688524590163
GEOSMOTE,3.3360655737704916
BORDERLINE1,4.024590163934426
DELAUNAY,4.139344262295082
BORDERLINE2,4.770491803278689
ORIGINAL,5.459016393442623
