index,0
SMOTE,3.5
BORDERLINE1,3.5491803278688523
BORDERLINE2,3.6639344262295084
DELAUNAY,3.7459016393442623
SMOTE_SVM,3.8360655737704916
GEOSMOTE,3.9508196721311477
ORIGINAL,5.754098360655738
