index,0
ORIGINAL,3.4262295081967213
SMOTE,3.8278688524590163
DELAUNAY,3.877049180327869
SMOTE_SVM,3.9672131147540983
BORDERLINE1,3.9754098360655736
GEOSMOTE,4.213114754098361
BORDERLINE2,4.713114754098361
