index,0
ORIGINAL,2.639344262295082
SMOTE_SVM,3.3360655737704916
SMOTE,3.80327868852459
BORDERLINE1,4.073770491803279
GEOSMOTE,4.139344262295082
DELAUNAY,4.163934426229508
BORDERLINE2,5.844262295081967
