index,0
DELAUNAY,2.9508196721311477
BORDERLINE2,3.0245901639344264
BORDERLINE1,3.418032786885246
SMOTE,3.6065573770491803
SMOTE_SVM,4.065573770491803
GEOSMOTE,4.491803278688525
ORIGINAL,6.442622950819672
