index,0
BORDERLINE2,2.7950819672131146
SMOTE,2.8688524590163933
BORDERLINE1,3.0491803278688523
DELAUNAY,3.1885245901639343
SMOTE_SVM,3.3934426229508197
ORIGINAL,5.704918032786885
