index,0
SMOTE_SVM,2.877049180327869
SMOTE,3.180327868852459
ORIGINAL,3.5327868852459017
BORDERLINE1,3.622950819672131
DELAUNAY,3.639344262295082
BORDERLINE2,4.147540983606557
