index,0
SMOTE,3.0901639344262297
SMOTE_SVM,3.139344262295082
BORDERLINE1,3.30327868852459
ORIGINAL,3.377049180327869
DELAUNAY,3.9672131147540983
BORDERLINE2,4.122950819672131
