index,0
BORDERLINE1,3.2459016393442623
BORDERLINE2,3.3442622950819674
SMOTE_SVM,3.69672131147541
GEOSMOTE,3.69672131147541
SMOTE,3.7950819672131146
DELAUNAY,3.819672131147541
ORIGINAL,6.401639344262295
