index,0
SMOTE,2.6311475409836067
SMOTE_SVM,3.1065573770491803
ORIGINAL,3.3934426229508197
BORDERLINE1,3.7295081967213113
BORDERLINE2,3.737704918032787
DELAUNAY,4.401639344262295
