index,0
ORIGINAL,2.319672131147541
SMOTE_SVM,2.8688524590163933
SMOTE,3.3360655737704916
BORDERLINE1,3.4754098360655736
DELAUNAY,3.918032786885246
BORDERLINE2,5.081967213114754
