index,0
ORIGINAL,2.942622950819672
GEOSMOTE,3.4918032786885247
SMOTE,3.598360655737705
DELAUNAY,3.6557377049180326
SMOTE_SVM,4.188524590163935
BORDERLINE1,4.844262295081967
BORDERLINE2,5.278688524590164
