index,0
SMOTE_SVM,2.581967213114754
SMOTE,3.19672131147541
ORIGINAL,3.3278688524590163
BORDERLINE1,3.5901639344262297
DELAUNAY,3.9672131147540983
BORDERLINE2,4.336065573770492
