index,0
SMOTE_SVM,3.0081967213114753
SMOTE,3.278688524590164
BORDERLINE1,3.942622950819672
GEOSMOTE,4.049180327868853
ORIGINAL,4.39344262295082
DELAUNAY,4.540983606557377
BORDERLINE2,4.786885245901639
