index,0
SMOTE_SVM,2.9098360655737703
SMOTE,3.69672131147541
ORIGINAL,3.8852459016393444
GEOSMOTE,3.901639344262295
BORDERLINE1,4.122950819672131
DELAUNAY,4.459016393442623
BORDERLINE2,5.024590163934426
