index,0
ORIGINAL,2.0245901639344264
GEOSMOTE,3.3360655737704916
SMOTE_SVM,3.3934426229508197
DELAUNAY,3.942622950819672
BORDERLINE1,4.368852459016393
SMOTE,4.926229508196721
BORDERLINE2,6.008196721311475
