index,0
SMOTE_SVM,2.6311475409836067
SMOTE,3.237704918032787
ORIGINAL,3.418032786885246
BORDERLINE1,3.598360655737705
DELAUNAY,3.778688524590164
BORDERLINE2,4.336065573770492
