index,0
BORDERLINE1,2.7868852459016393
SMOTE,3.1311475409836067
BORDERLINE2,3.1311475409836067
DELAUNAY,3.180327868852459
SMOTE_SVM,3.2459016393442623
ORIGINAL,5.524590163934426
