index,0
SMOTE,2.7131147540983607
BORDERLINE1,3.0491803278688523
SMOTE_SVM,3.0655737704918034
BORDERLINE2,3.4262295081967213
DELAUNAY,3.7049180327868854
ORIGINAL,5.040983606557377
