index,0
ORIGINAL,1.7049180327868851
SMOTE_SVM,2.737704918032787
BORDERLINE1,3.6147540983606556
SMOTE,3.9754098360655736
DELAUNAY,4.147540983606557
BORDERLINE2,4.819672131147541
