index,0
SMOTE_SVM,2.8524590163934427
DELAUNAY,3.098360655737705
SMOTE,3.1557377049180326
BORDERLINE1,3.6065573770491803
ORIGINAL,3.9344262295081966
BORDERLINE2,4.352459016393443
