index,0
ORIGINAL,2.5245901639344264
SMOTE,3.0245901639344264
DELAUNAY,3.2540983606557377
SMOTE_SVM,3.4344262295081966
BORDERLINE1,4.155737704918033
BORDERLINE2,4.60655737704918
