index,0
SMOTE,2.901639344262295
DELAUNAY,3.040983606557377
SMOTE_SVM,3.1721311475409837
BORDERLINE1,3.7049180327868854
BORDERLINE2,3.8278688524590163
ORIGINAL,4.352459016393443
