index,0
SMOTE_SVM,3.262295081967213
SMOTE,3.2950819672131146
BORDERLINE1,3.5245901639344264
ORIGINAL,3.737704918032787
GEOSMOTE,3.8114754098360657
BORDERLINE2,4.89344262295082
DELAUNAY,5.475409836065574
