index,0
ORIGINAL,2.1721311475409837
SMOTE_SVM,2.6475409836065573
SMOTE,3.0327868852459017
BORDERLINE1,3.1721311475409837
BORDERLINE2,4.69672131147541
DELAUNAY,5.278688524590164
