index,0
ORIGINAL,2.918032786885246
SMOTE,3.3278688524590163
GEOSMOTE,3.721311475409836
SMOTE_SVM,4.016393442622951
DELAUNAY,4.360655737704918
BORDERLINE1,4.573770491803279
BORDERLINE2,5.081967213114754
