index,0
BORDERLINE2,3.0901639344262297
SMOTE_SVM,3.3934426229508197
SMOTE,3.4262295081967213
DELAUNAY,3.4754098360655736
ORIGINAL,3.6475409836065573
BORDERLINE1,3.9672131147540983
