index,0
SMOTE_SVM,2.918032786885246
ORIGINAL,2.9918032786885247
SMOTE,3.122950819672131
BORDERLINE1,3.7704918032786887
DELAUNAY,3.778688524590164
BORDERLINE2,4.418032786885246
