index,0
SMOTE_SVM,3.262295081967213
ORIGINAL,3.4262295081967213
SMOTE,3.581967213114754
DELAUNAY,3.7540983606557377
BORDERLINE1,4.311475409836065
GEOSMOTE,4.581967213114754
BORDERLINE2,5.081967213114754
