index,0
SMOTE_SVM,2.6885245901639343
ORIGINAL,2.7704918032786887
SMOTE,3.237704918032787
BORDERLINE1,3.262295081967213
BORDERLINE2,4.139344262295082
DELAUNAY,4.901639344262295
