index,0
SMOTE,3.0327868852459017
DELAUNAY,3.221311475409836
ORIGINAL,3.4262295081967213
SMOTE_SVM,3.557377049180328
BORDERLINE2,3.8442622950819674
BORDERLINE1,3.918032786885246
