index,0
DELAUNAY,2.959016393442623
SMOTE,3.3278688524590163
BORDERLINE2,3.5081967213114753
SMOTE_SVM,3.581967213114754
ORIGINAL,3.5901639344262297
BORDERLINE1,4.032786885245901
