index,0
SMOTE,2.8278688524590163
BORDERLINE2,3.3442622950819674
BORDERLINE1,3.459016393442623
SMOTE_SVM,3.598360655737705
ORIGINAL,3.7704918032786887
DELAUNAY,4.0
