index,0
ORIGINAL,1.7131147540983607
SMOTE_SVM,2.540983606557377
BORDERLINE1,3.4672131147540983
SMOTE,3.7868852459016393
BORDERLINE2,4.647540983606557
DELAUNAY,4.844262295081967
