index,0
SMOTE,3.3852459016393444
SMOTE_SVM,3.401639344262295
GEOSMOTE,3.581967213114754
BORDERLINE1,3.6065573770491803
BORDERLINE2,4.139344262295082
DELAUNAY,4.295081967213115
ORIGINAL,5.590163934426229
