index,0
SMOTE,3.5901639344262297
SMOTE_SVM,3.6311475409836067
BORDERLINE1,3.918032786885246
GEOSMOTE,3.9918032786885247
DELAUNAY,4.016393442622951
ORIGINAL,4.213114754098361
BORDERLINE2,4.639344262295082
