index,0
ORIGINAL,1.9918032786885247
SMOTE_SVM,3.3360655737704916
GEOSMOTE,3.3360655737704916
DELAUNAY,3.9836065573770494
BORDERLINE1,4.401639344262295
SMOTE,4.942622950819672
BORDERLINE2,6.008196721311475
