index,0
SMOTE,2.9262295081967213
SMOTE_SVM,3.057377049180328
BORDERLINE1,3.0901639344262297
DELAUNAY,3.19672131147541
BORDERLINE2,3.7131147540983607
ORIGINAL,5.016393442622951
