index,0
SMOTE,3.0245901639344264
BORDERLINE1,3.459016393442623
SMOTE_SVM,3.5491803278688523
GEOSMOTE,3.7868852459016393
BORDERLINE2,3.9098360655737703
DELAUNAY,4.426229508196721
ORIGINAL,5.844262295081967
