index,0
SMOTE,2.598360655737705
BORDERLINE1,2.8852459016393444
SMOTE_SVM,2.918032786885246
BORDERLINE2,3.2704918032786887
DELAUNAY,4.352459016393443
ORIGINAL,4.975409836065574
