index,0
SMOTE,3.0655737704918034
BORDERLINE2,3.7540983606557377
BORDERLINE1,3.8278688524590163
SMOTE_SVM,3.8934426229508197
ORIGINAL,4.090163934426229
GEOSMOTE,4.655737704918033
DELAUNAY,4.713114754098361
