index,0
SMOTE,3.5081967213114753
GEOSMOTE,3.622950819672131
DELAUNAY,3.6475409836065573
ORIGINAL,3.9754098360655736
SMOTE_SVM,4.188524590163935
BORDERLINE2,4.450819672131147
BORDERLINE1,4.60655737704918
