index,0
SMOTE,2.8114754098360657
DELAUNAY,3.0737704918032787
BORDERLINE1,3.1475409836065573
SMOTE_SVM,3.221311475409836
BORDERLINE2,3.5901639344262297
ORIGINAL,5.155737704918033
