index,0
ORIGINAL,3.221311475409836
DELAUNAY,3.401639344262295
SMOTE,3.5245901639344264
SMOTE_SVM,3.8360655737704916
BORDERLINE1,4.295081967213115
GEOSMOTE,4.418032786885246
BORDERLINE2,5.30327868852459
