index,0
ORIGINAL,1.9672131147540983
SMOTE_SVM,2.581967213114754
BORDERLINE1,3.3278688524590163
SMOTE,3.860655737704918
BORDERLINE2,4.557377049180328
DELAUNAY,4.704918032786885
