index,0
SMOTE,2.877049180327869
BORDERLINE1,3.0737704918032787
SMOTE_SVM,3.1147540983606556
BORDERLINE2,3.4262295081967213
DELAUNAY,3.6885245901639343
ORIGINAL,4.819672131147541
