index,0
DELAUNAY,2.639344262295082
BORDERLINE2,3.1147540983606556
BORDERLINE1,3.459016393442623
SMOTE,3.7295081967213113
SMOTE_SVM,4.114754098360656
GEOSMOTE,4.516393442622951
ORIGINAL,6.426229508196721
