index,0
BORDERLINE1,3.278688524590164
BORDERLINE2,3.3278688524590163
GEOSMOTE,3.6885245901639343
SMOTE_SVM,3.737704918032787
DELAUNAY,3.762295081967213
SMOTE,3.80327868852459
ORIGINAL,6.401639344262295
