index,0
SMOTE_SVM,2.8852459016393444
SMOTE,2.918032786885246
BORDERLINE1,3.1147540983606556
ORIGINAL,3.30327868852459
BORDERLINE2,4.245901639344262
DELAUNAY,4.532786885245901
