index,0
SMOTE,3.1311475409836067
BORDERLINE2,3.7049180327868854
BORDERLINE1,3.860655737704918
SMOTE_SVM,3.9344262295081966
ORIGINAL,4.163934426229508
DELAUNAY,4.565573770491803
GEOSMOTE,4.639344262295082
