index,0
SMOTE,3.639344262295082
SMOTE_SVM,3.6639344262295084
DELAUNAY,3.762295081967213
BORDERLINE1,3.9508196721311477
GEOSMOTE,3.9918032786885247
ORIGINAL,4.278688524590164
BORDERLINE2,4.713114754098361
