index,0
DELAUNAY,3.1475409836065573
SMOTE,3.2950819672131146
BORDERLINE2,3.4754098360655736
SMOTE_SVM,3.5163934426229506
ORIGINAL,3.557377049180328
BORDERLINE1,4.008196721311475
