index,0
SMOTE,2.6475409836065573
SMOTE_SVM,3.1721311475409837
ORIGINAL,3.5245901639344264
BORDERLINE1,3.7950819672131146
BORDERLINE2,3.8524590163934427
DELAUNAY,4.008196721311475
