index,0
ORIGINAL,2.1147540983606556
SMOTE_SVM,2.8852459016393444
SMOTE,3.5491803278688523
BORDERLINE1,3.5655737704918034
DELAUNAY,4.39344262295082
BORDERLINE2,4.491803278688525
