index,0
BORDERLINE2,2.581967213114754
BORDERLINE1,2.9754098360655736
DELAUNAY,3.139344262295082
SMOTE,3.1885245901639343
SMOTE_SVM,3.581967213114754
ORIGINAL,5.532786885245901
