index,0
ORIGINAL,2.2868852459016393
SMOTE_SVM,3.2540983606557377
GEOSMOTE,3.3524590163934427
BORDERLINE1,4.090163934426229
DELAUNAY,4.39344262295082
SMOTE,4.860655737704918
BORDERLINE2,5.762295081967213
