index,0
SMOTE,3.319672131147541
GEOSMOTE,3.360655737704918
SMOTE_SVM,3.5
BORDERLINE1,3.598360655737705
DELAUNAY,3.7459016393442623
BORDERLINE2,4.278688524590164
ORIGINAL,6.19672131147541
