index,0
ORIGINAL,2.4836065573770494
SMOTE_SVM,3.540983606557377
GEOSMOTE,3.5737704918032787
SMOTE,4.204918032786885
BORDERLINE1,4.237704918032787
DELAUNAY,4.639344262295082
BORDERLINE2,5.319672131147541
