index,0
ORIGINAL,3.401639344262295
SMOTE,3.8688524590163933
DELAUNAY,3.8688524590163933
SMOTE_SVM,3.942622950819672
BORDERLINE1,3.9918032786885247
GEOSMOTE,4.114754098360656
BORDERLINE2,4.811475409836065
