index,0
SMOTE,3.081967213114754
SMOTE_SVM,3.1557377049180326
BORDERLINE1,3.401639344262295
ORIGINAL,3.5901639344262297
DELAUNAY,3.8442622950819674
BORDERLINE2,3.9262295081967213
