index,0
SMOTE,2.80327868852459
BORDERLINE1,3.1639344262295084
SMOTE_SVM,3.2950819672131146
DELAUNAY,3.4508196721311477
BORDERLINE2,3.737704918032787
ORIGINAL,4.549180327868853
