index,0
SMOTE_SVM,3.401639344262295
BORDERLINE1,3.737704918032787
SMOTE,3.8360655737704916
DELAUNAY,3.8852459016393444
GEOSMOTE,4.278688524590164
ORIGINAL,4.286885245901639
BORDERLINE2,4.573770491803279
