index,0
SMOTE,3.1639344262295084
BORDERLINE2,3.7950819672131146
BORDERLINE1,3.8934426229508197
SMOTE_SVM,3.9672131147540983
ORIGINAL,4.213114754098361
DELAUNAY,4.254098360655738
GEOSMOTE,4.713114754098361
