index,0
SMOTE,2.9918032786885247
SMOTE_SVM,3.0491803278688523
BORDERLINE1,3.057377049180328
DELAUNAY,3.262295081967213
BORDERLINE2,3.680327868852459
ORIGINAL,4.959016393442623
