index,0
SMOTE,2.9836065573770494
BORDERLINE1,3.139344262295082
SMOTE_SVM,3.237704918032787
DELAUNAY,3.2704918032786887
BORDERLINE2,3.540983606557377
ORIGINAL,4.827868852459017
