index,0
SMOTE,2.6885245901639343
SMOTE_SVM,3.2049180327868854
ORIGINAL,3.5245901639344264
DELAUNAY,3.6639344262295084
BORDERLINE1,3.9344262295081966
BORDERLINE2,3.9836065573770494
