index,0
SMOTE,3.1475409836065573
SMOTE_SVM,3.2459016393442623
ORIGINAL,3.418032786885246
BORDERLINE1,3.4754098360655736
DELAUNAY,3.557377049180328
BORDERLINE2,4.155737704918033
