index,0
BORDERLINE2,3.040983606557377
SMOTE_SVM,3.3114754098360657
SMOTE,3.401639344262295
DELAUNAY,3.622950819672131
ORIGINAL,3.6885245901639343
BORDERLINE1,3.9344262295081966
