index,0
ORIGINAL,3.040983606557377
GEOSMOTE,3.4344262295081966
SMOTE,3.639344262295082
DELAUNAY,3.737704918032787
SMOTE_SVM,4.122950819672131
BORDERLINE1,4.795081967213115
BORDERLINE2,5.229508196721311
