index,0
SMOTE,3.0
ORIGINAL,3.2295081967213113
DELAUNAY,3.3688524590163933
SMOTE_SVM,3.7459016393442623
BORDERLINE2,3.7950819672131146
BORDERLINE1,3.860655737704918
