index,0
GEOSMOTE,3.2049180327868854
SMOTE,3.2131147540983607
SMOTE_SVM,3.418032786885246
BORDERLINE1,3.4344262295081966
BORDERLINE2,4.147540983606557
DELAUNAY,4.409836065573771
ORIGINAL,6.172131147540983
