index,0
SMOTE,2.8934426229508197
SMOTE_SVM,3.040983606557377
BORDERLINE1,3.0901639344262297
DELAUNAY,3.2459016393442623
BORDERLINE2,3.7459016393442623
ORIGINAL,4.983606557377049
