index,0
SMOTE_SVM,2.9754098360655736
SMOTE,3.081967213114754
BORDERLINE1,3.2131147540983607
ORIGINAL,3.4098360655737703
DELAUNAY,3.8114754098360657
BORDERLINE2,4.508196721311475
