index,0
SMOTE_SVM,3.0491803278688523
SMOTE,3.360655737704918
BORDERLINE1,3.901639344262295
GEOSMOTE,4.10655737704918
ORIGINAL,4.377049180327869
DELAUNAY,4.508196721311475
BORDERLINE2,4.69672131147541
