index,0
ORIGINAL,2.942622950819672
SMOTE_SVM,2.942622950819672
DELAUNAY,3.4918032786885247
SMOTE,3.5245901639344264
BORDERLINE1,3.598360655737705
BORDERLINE2,4.5
