index,0
SMOTE_SVM,2.7295081967213113
SMOTE,3.237704918032787
ORIGINAL,3.4836065573770494
BORDERLINE1,3.581967213114754
DELAUNAY,3.598360655737705
BORDERLINE2,4.368852459016393
