index,0
ORIGINAL,2.6639344262295084
SMOTE,2.942622950819672
DELAUNAY,3.2131147540983607
SMOTE_SVM,3.5327868852459017
BORDERLINE1,4.081967213114754
BORDERLINE2,4.565573770491803
