index,0
SMOTE,3.622950819672131
SMOTE_SVM,3.7049180327868854
BORDERLINE1,3.8688524590163933
ORIGINAL,3.9754098360655736
DELAUNAY,4.008196721311475
GEOSMOTE,4.065573770491803
BORDERLINE2,4.754098360655738
