index,0
DELAUNAY,2.8278688524590163
BORDERLINE2,2.959016393442623
SMOTE_SVM,3.139344262295082
SMOTE,3.262295081967213
BORDERLINE1,3.8688524590163933
ORIGINAL,4.942622950819672
