index,0
ORIGINAL,2.0655737704918034
SMOTE_SVM,2.8688524590163933
DELAUNAY,3.19672131147541
BORDERLINE1,3.598360655737705
SMOTE,4.278688524590164
BORDERLINE2,4.991803278688525
