index,0
BORDERLINE2,2.459016393442623
BORDERLINE1,2.9754098360655736
DELAUNAY,3.1475409836065573
SMOTE,3.19672131147541
SMOTE_SVM,3.5081967213114753
ORIGINAL,5.713114754098361
