index,0
SMOTE_SVM,2.8934426229508197
SMOTE,2.9672131147540983
BORDERLINE1,3.1557377049180326
ORIGINAL,3.3278688524590163
BORDERLINE2,4.30327868852459
DELAUNAY,4.352459016393443
