index,0
SMOTE_SVM,2.942622950819672
SMOTE,3.221311475409836
DELAUNAY,3.377049180327869
ORIGINAL,3.581967213114754
BORDERLINE1,3.7131147540983607
BORDERLINE2,4.163934426229508
