index,0
SMOTE_SVM,2.9344262295081966
SMOTE,3.221311475409836
DELAUNAY,3.3852459016393444
ORIGINAL,3.5901639344262297
BORDERLINE1,3.7131147540983607
BORDERLINE2,4.155737704918033
