index,0
DELAUNAY,3.0
SMOTE,3.2950819672131146
BORDERLINE1,3.737704918032787
SMOTE_SVM,3.7540983606557377
GEOSMOTE,4.155737704918033
BORDERLINE2,4.163934426229508
ORIGINAL,5.89344262295082
