index,0
SMOTE,3.598360655737705
SMOTE_SVM,3.7049180327868854
BORDERLINE1,3.8852459016393444
DELAUNAY,3.9262295081967213
GEOSMOTE,3.9508196721311477
ORIGINAL,4.245901639344262
BORDERLINE2,4.688524590163935
