index,0
SMOTE,3.2049180327868854
BORDERLINE2,3.7950819672131146
DELAUNAY,3.8934426229508197
BORDERLINE1,3.9508196721311477
SMOTE_SVM,4.040983606557377
ORIGINAL,4.385245901639344
GEOSMOTE,4.729508196721311
