index,0
ORIGINAL,2.6311475409836067
SMOTE_SVM,3.3442622950819674
SMOTE,3.80327868852459
BORDERLINE1,4.073770491803279
GEOSMOTE,4.114754098360656
DELAUNAY,4.237704918032787
BORDERLINE2,5.795081967213115
