index,0
ORIGINAL,3.139344262295082
SMOTE_SVM,3.139344262295082
GEOSMOTE,3.762295081967213
SMOTE,3.778688524590164
BORDERLINE1,3.9098360655737703
BORDERLINE2,4.836065573770492
DELAUNAY,5.434426229508197
