index,0
SMOTE,2.8934426229508197
SMOTE_SVM,3.0491803278688523
BORDERLINE1,3.0737704918032787
DELAUNAY,3.2704918032786887
BORDERLINE2,3.680327868852459
ORIGINAL,5.032786885245901
