index,0
ORIGINAL,2.5327868852459017
SMOTE_SVM,2.6065573770491803
SMOTE,3.2459016393442623
BORDERLINE1,3.4918032786885247
DELAUNAY,4.262295081967213
BORDERLINE2,4.860655737704918
