index,0
ORIGINAL,2.8688524590163933
SMOTE,3.4098360655737703
GEOSMOTE,3.459016393442623
SMOTE_SVM,4.032786885245901
DELAUNAY,4.319672131147541
BORDERLINE1,4.729508196721311
BORDERLINE2,5.180327868852459
