index,0
DELAUNAY,2.3442622950819674
BORDERLINE2,2.6639344262295084
SMOTE_SVM,3.442622950819672
SMOTE,3.581967213114754
BORDERLINE1,3.6885245901639343
ORIGINAL,5.278688524590164
