index,0
DELAUNAY,2.7950819672131146
BORDERLINE2,3.1065573770491803
BORDERLINE1,3.5491803278688523
SMOTE_SVM,3.8114754098360657
SMOTE,3.9098360655737703
GEOSMOTE,4.729508196721311
ORIGINAL,6.098360655737705
