index,0
SMOTE_SVM,2.5081967213114753
SMOTE,3.057377049180328
ORIGINAL,3.262295081967213
BORDERLINE1,3.4836065573770494
BORDERLINE2,4.188524590163935
DELAUNAY,4.5
