index,0
ORIGINAL,2.8852459016393444
SMOTE_SVM,3.6311475409836067
DELAUNAY,3.680327868852459
SMOTE,3.8688524590163933
BORDERLINE1,3.9754098360655736
GEOSMOTE,4.278688524590164
BORDERLINE2,5.680327868852459
