index,0
BORDERLINE2,3.0081967213114753
SMOTE,3.30327868852459
SMOTE_SVM,3.30327868852459
ORIGINAL,3.5327868852459017
BORDERLINE1,3.8852459016393444
DELAUNAY,3.9672131147540983
