index,0
BORDERLINE2,2.7950819672131146
SMOTE,2.80327868852459
BORDERLINE1,2.9262295081967213
SMOTE_SVM,3.3688524590163933
DELAUNAY,3.4262295081967213
ORIGINAL,5.680327868852459
