index,0
BORDERLINE2,3.5655737704918034
SMOTE_SVM,3.860655737704918
GEOSMOTE,3.8852459016393444
SMOTE,3.901639344262295
DELAUNAY,4.155737704918033
ORIGINAL,4.180327868852459
BORDERLINE1,4.450819672131147
