index,0
SMOTE,3.401639344262295
BORDERLINE1,3.4672131147540983
BORDERLINE2,3.6065573770491803
SMOTE_SVM,3.737704918032787
GEOSMOTE,3.778688524590164
DELAUNAY,4.262295081967213
ORIGINAL,5.745901639344262
