index,0
DELAUNAY,2.80327868852459
BORDERLINE2,3.0327868852459017
BORDERLINE1,3.418032786885246
SMOTE,3.6885245901639343
SMOTE_SVM,4.139344262295082
GEOSMOTE,4.491803278688525
ORIGINAL,6.426229508196721
