index,0
SMOTE_SVM,2.7540983606557377
ORIGINAL,2.762295081967213
SMOTE,3.319672131147541
BORDERLINE1,3.319672131147541
BORDERLINE2,4.172131147540983
DELAUNAY,4.672131147540983
