index,0
ORIGINAL,3.122950819672131
SMOTE_SVM,3.1557377049180326
GEOSMOTE,3.7295081967213113
SMOTE,3.80327868852459
BORDERLINE1,3.9508196721311477
BORDERLINE2,4.852459016393443
DELAUNAY,5.385245901639344
