index,0
DELAUNAY,3.1065573770491803
SMOTE,3.122950819672131
BORDERLINE1,3.2049180327868854
BORDERLINE2,3.2540983606557377
SMOTE_SVM,3.3934426229508197
ORIGINAL,4.918032786885246
