index,0
SMOTE,3.459016393442623
BORDERLINE1,3.540983606557377
BORDERLINE2,3.581967213114754
SMOTE_SVM,3.7540983606557377
GEOSMOTE,3.877049180327869
DELAUNAY,4.024590163934426
ORIGINAL,5.762295081967213
