index,0
BORDERLINE2,2.581967213114754
DELAUNAY,2.581967213114754
BORDERLINE1,3.1147540983606556
SMOTE,3.262295081967213
SMOTE_SVM,3.7131147540983607
ORIGINAL,5.745901639344262
