index,0
DELAUNAY,3.0655737704918034
BORDERLINE2,3.0737704918032787
SMOTE,3.1639344262295084
SMOTE_SVM,3.1885245901639343
BORDERLINE1,3.3524590163934427
ORIGINAL,5.155737704918033
