index,0
DELAUNAY,3.057377049180328
BORDERLINE2,3.098360655737705
SMOTE,3.139344262295082
SMOTE_SVM,3.19672131147541
BORDERLINE1,3.360655737704918
ORIGINAL,5.147540983606557
