index,0
ORIGINAL,2.2540983606557377
SMOTE_SVM,3.0901639344262297
DELAUNAY,3.4672131147540983
BORDERLINE1,3.7131147540983607
SMOTE,3.7868852459016393
BORDERLINE2,4.688524590163935
