index,0
ORIGINAL,2.860655737704918
GEOSMOTE,3.3688524590163933
SMOTE,3.401639344262295
SMOTE_SVM,3.9344262295081966
BORDERLINE1,4.639344262295082
DELAUNAY,4.770491803278689
BORDERLINE2,5.024590163934426
