index,0
ORIGINAL,2.8278688524590163
SMOTE_SVM,3.5491803278688523
SMOTE,3.8114754098360657
BORDERLINE1,3.901639344262295
DELAUNAY,4.065573770491803
GEOSMOTE,4.180327868852459
BORDERLINE2,5.663934426229508
