index,0
SMOTE,2.9098360655737703
ORIGINAL,3.1065573770491803
SMOTE_SVM,3.598360655737705
BORDERLINE2,3.6475409836065573
BORDERLINE1,3.69672131147541
DELAUNAY,4.040983606557377
