index,0
BORDERLINE2,3.581967213114754
DELAUNAY,3.7868852459016393
SMOTE_SVM,3.9262295081967213
SMOTE,3.9836065573770494
GEOSMOTE,3.9918032786885247
ORIGINAL,4.270491803278689
BORDERLINE1,4.459016393442623
