index,0
BORDERLINE1,3.5
SMOTE_SVM,3.5163934426229506
GEOSMOTE,3.7049180327868854
ORIGINAL,3.942622950819672
SMOTE,4.204918032786885
BORDERLINE2,4.286885245901639
DELAUNAY,4.844262295081967
