index,0
SMOTE,2.80327868852459
SMOTE_SVM,3.0
BORDERLINE1,3.0
DELAUNAY,3.2868852459016393
BORDERLINE2,3.6065573770491803
ORIGINAL,5.30327868852459
