index,0
DELAUNAY,2.3442622950819674
BORDERLINE2,3.2295081967213113
GEOSMOTE,3.80327868852459
SMOTE_SVM,3.942622950819672
SMOTE,4.188524590163935
BORDERLINE1,4.295081967213115
ORIGINAL,6.19672131147541
