index,0
DELAUNAY,2.80327868852459
SMOTE,2.9262295081967213
BORDERLINE1,3.221311475409836
SMOTE_SVM,3.2868852459016393
BORDERLINE2,3.6475409836065573
ORIGINAL,5.114754098360656
