index,0
SMOTE,3.401639344262295
SMOTE_SVM,3.442622950819672
BORDERLINE1,3.5081967213114753
GEOSMOTE,3.80327868852459
DELAUNAY,3.877049180327869
BORDERLINE2,4.204918032786885
ORIGINAL,5.762295081967213
