index,0
ORIGINAL,3.1147540983606556
SMOTE_SVM,3.122950819672131
GEOSMOTE,3.69672131147541
SMOTE,3.7704918032786887
BORDERLINE1,3.8278688524590163
BORDERLINE2,4.786885245901639
DELAUNAY,5.680327868852459
