index,0
SMOTE_SVM,2.5655737704918034
SMOTE,2.778688524590164
BORDERLINE1,3.418032786885246
DELAUNAY,3.418032786885246
BORDERLINE2,4.090163934426229
ORIGINAL,4.729508196721311
