index,0
ORIGINAL,3.0245901639344264
SMOTE,3.3360655737704916
BORDERLINE1,3.4262295081967213
SMOTE_SVM,3.4754098360655736
DELAUNAY,3.680327868852459
BORDERLINE2,4.057377049180328
