index,0
SMOTE_SVM,3.0901639344262297
SMOTE,3.7295081967213113
ORIGINAL,3.959016393442623
GEOSMOTE,3.959016393442623
BORDERLINE1,4.122950819672131
DELAUNAY,4.147540983606557
BORDERLINE2,4.991803278688525
