index,0
SMOTE,3.1885245901639343
SMOTE_SVM,3.262295081967213
ORIGINAL,3.377049180327869
BORDERLINE1,3.4262295081967213
DELAUNAY,3.598360655737705
BORDERLINE2,4.147540983606557
