index,0
SMOTE,2.8524590163934427
BORDERLINE2,3.401639344262295
BORDERLINE1,3.4918032786885247
SMOTE_SVM,3.581967213114754
ORIGINAL,3.819672131147541
DELAUNAY,3.8524590163934427
