index,0
DELAUNAY,2.8934426229508197
BORDERLINE1,3.057377049180328
SMOTE_SVM,3.19672131147541
SMOTE,3.262295081967213
BORDERLINE2,3.3934426229508197
ORIGINAL,5.19672131147541
