index,0
SMOTE_SVM,2.8114754098360657
SMOTE,3.1311475409836067
DELAUNAY,3.2540983606557377
BORDERLINE1,3.6311475409836067
BORDERLINE2,3.6475409836065573
ORIGINAL,4.524590163934426
