index,0
SMOTE,3.057377049180328
SMOTE_SVM,3.057377049180328
DELAUNAY,3.0901639344262297
BORDERLINE1,3.2459016393442623
BORDERLINE2,3.6721311475409837
ORIGINAL,4.877049180327869
