index,0
SMOTE,2.721311475409836
BORDERLINE1,3.1721311475409837
SMOTE_SVM,3.2704918032786887
DELAUNAY,3.622950819672131
BORDERLINE2,3.721311475409836
ORIGINAL,4.491803278688525
