index,0
SMOTE,3.5737704918032787
SMOTE_SVM,3.680327868852459
BORDERLINE1,3.877049180327869
GEOSMOTE,3.9836065573770494
DELAUNAY,4.0
ORIGINAL,4.19672131147541
BORDERLINE2,4.688524590163935
