index,0
ORIGINAL,2.581967213114754
DELAUNAY,3.180327868852459
SMOTE_SVM,3.2540983606557377
SMOTE,3.5081967213114753
BORDERLINE1,3.5081967213114753
BORDERLINE2,4.967213114754099
