index,0
SMOTE,3.139344262295082
SMOTE_SVM,3.2540983606557377
ORIGINAL,3.3688524590163933
BORDERLINE1,3.442622950819672
DELAUNAY,3.6311475409836067
BORDERLINE2,4.163934426229508
