index,0
ORIGINAL,2.4344262295081966
SMOTE_SVM,3.1065573770491803
SMOTE,3.540983606557377
BORDERLINE1,3.737704918032787
GEOSMOTE,3.762295081967213
BORDERLINE2,5.409836065573771
DELAUNAY,6.008196721311475
