index,0
SMOTE,2.8524590163934427
SMOTE_SVM,3.0163934426229506
DELAUNAY,3.0327868852459017
BORDERLINE1,3.081967213114754
BORDERLINE2,3.7049180327868854
ORIGINAL,5.311475409836065
