index,0
SMOTE,3.0491803278688523
DELAUNAY,3.319672131147541
ORIGINAL,3.442622950819672
SMOTE_SVM,3.540983606557377
BORDERLINE2,3.762295081967213
BORDERLINE1,3.8852459016393444
