index,0
BORDERLINE2,3.0163934426229506
BORDERLINE1,3.3934426229508197
DELAUNAY,3.6147540983606556
SMOTE_SVM,3.6639344262295084
SMOTE,3.7295081967213113
GEOSMOTE,4.565573770491803
ORIGINAL,6.016393442622951
