index,0
DELAUNAY,3.1065573770491803
SMOTE,3.30327868852459
ORIGINAL,3.4918032786885247
SMOTE_SVM,3.4918032786885247
BORDERLINE2,3.5081967213114753
BORDERLINE1,4.098360655737705
