index,0
ORIGINAL,2.6885245901639343
SMOTE_SVM,2.7459016393442623
SMOTE,3.360655737704918
BORDERLINE1,3.5491803278688523
DELAUNAY,3.6721311475409837
BORDERLINE2,4.983606557377049
