index,0
DELAUNAY,2.5491803278688523
BORDERLINE2,2.80327868852459
BORDERLINE1,3.262295081967213
SMOTE_SVM,3.4508196721311477
SMOTE,3.5327868852459017
ORIGINAL,5.401639344262295
