index,0
DELAUNAY,3.1475409836065573
SMOTE,3.278688524590164
BORDERLINE2,3.4754098360655736
SMOTE_SVM,3.5491803278688523
ORIGINAL,3.5655737704918034
BORDERLINE1,3.9836065573770494
