index,0
SMOTE,3.2049180327868854
BORDERLINE1,3.5737704918032787
SMOTE_SVM,3.860655737704918
DELAUNAY,3.8688524590163933
GEOSMOTE,3.9918032786885247
BORDERLINE2,4.311475409836065
ORIGINAL,5.188524590163935
