index,0
ORIGINAL,2.581967213114754
SMOTE_SVM,2.7131147540983607
SMOTE,3.2950819672131146
BORDERLINE1,3.540983606557377
DELAUNAY,3.9344262295081966
BORDERLINE2,4.934426229508197
