index,0
ORIGINAL,2.7131147540983607
SMOTE,3.0491803278688523
SMOTE_SVM,3.319672131147541
DELAUNAY,3.6311475409836067
BORDERLINE1,3.69672131147541
BORDERLINE2,4.590163934426229
