index,0
SMOTE,2.8442622950819674
SMOTE_SVM,3.0655737704918034
BORDERLINE1,3.2131147540983607
BORDERLINE2,3.4098360655737703
DELAUNAY,3.4672131147540983
ORIGINAL,5.0
