index,0
BORDERLINE1,3.262295081967213
BORDERLINE2,3.3114754098360657
SMOTE_SVM,3.6147540983606556
GEOSMOTE,3.6147540983606556
SMOTE,3.69672131147541
DELAUNAY,4.147540983606557
ORIGINAL,6.352459016393443
