index,0
ORIGINAL,2.557377049180328
SMOTE,3.0081967213114753
SMOTE_SVM,3.4508196721311477
DELAUNAY,3.5
BORDERLINE1,4.049180327868853
BORDERLINE2,4.434426229508197
