index,0
SMOTE_SVM,3.081967213114754
ORIGINAL,3.3524590163934427
SMOTE,3.360655737704918
BORDERLINE1,4.147540983606557
GEOSMOTE,4.30327868852459
BORDERLINE2,4.827868852459017
DELAUNAY,4.926229508196721
