index,0
SMOTE,2.9918032786885247
BORDERLINE1,3.0491803278688523
SMOTE_SVM,3.0655737704918034
DELAUNAY,3.2950819672131146
BORDERLINE2,3.6475409836065573
ORIGINAL,4.950819672131147
