index,0
ORIGINAL,2.8114754098360657
SMOTE_SVM,3.401639344262295
SMOTE,3.6475409836065573
BORDERLINE1,3.7868852459016393
GEOSMOTE,4.073770491803279
DELAUNAY,4.680327868852459
BORDERLINE2,5.598360655737705
