index,0
ORIGINAL,3.098360655737705
SMOTE,3.319672131147541
DELAUNAY,3.3852459016393444
SMOTE_SVM,3.6311475409836067
BORDERLINE2,3.6639344262295084
BORDERLINE1,3.901639344262295
