index,0
SMOTE_SVM,2.7868852459016393
SMOTE,3.098360655737705
DELAUNAY,3.3852459016393444
BORDERLINE1,3.5081967213114753
ORIGINAL,3.918032786885246
BORDERLINE2,4.30327868852459
