index,0
SMOTE_SVM,3.581967213114754
BORDERLINE1,3.622950819672131
GEOSMOTE,3.7540983606557377
ORIGINAL,4.040983606557377
SMOTE,4.221311475409836
DELAUNAY,4.270491803278689
BORDERLINE2,4.508196721311475
