index,0
ORIGINAL,3.0245901639344264
SMOTE,3.3524590163934427
SMOTE_SVM,3.4262295081967213
DELAUNAY,3.442622950819672
BORDERLINE1,3.557377049180328
BORDERLINE2,4.19672131147541
