index,0
ORIGINAL,2.6065573770491803
SMOTE,2.918032786885246
SMOTE_SVM,3.262295081967213
BORDERLINE1,3.540983606557377
DELAUNAY,4.270491803278689
BORDERLINE2,4.401639344262295
