index,0
SMOTE,3.3852459016393444
SMOTE_SVM,3.4344262295081966
BORDERLINE1,3.5081967213114753
GEOSMOTE,3.762295081967213
DELAUNAY,3.959016393442623
BORDERLINE2,4.245901639344262
ORIGINAL,5.704918032786885
