index,0
SMOTE,3.057377049180328
DELAUNAY,3.1311475409836067
ORIGINAL,3.442622950819672
SMOTE_SVM,3.5655737704918034
BORDERLINE2,3.8524590163934427
BORDERLINE1,3.9508196721311477
