index,0
ORIGINAL,3.3278688524590163
SMOTE_SVM,3.377049180327869
DELAUNAY,3.9754098360655736
GEOSMOTE,3.9836065573770494
SMOTE,4.073770491803279
BORDERLINE1,4.122950819672131
BORDERLINE2,5.139344262295082
