index,0
DELAUNAY,2.9344262295081966
SMOTE,3.0245901639344264
BORDERLINE1,3.1885245901639343
SMOTE_SVM,3.237704918032787
BORDERLINE2,3.7131147540983607
ORIGINAL,4.901639344262295
