index,0
BORDERLINE1,2.7868852459016393
SMOTE,3.098360655737705
BORDERLINE2,3.098360655737705
SMOTE_SVM,3.2131147540983607
DELAUNAY,3.278688524590164
ORIGINAL,5.524590163934426
