index,0
SMOTE,2.8278688524590163
DELAUNAY,3.0655737704918034
BORDERLINE1,3.1721311475409837
SMOTE_SVM,3.262295081967213
BORDERLINE2,3.557377049180328
ORIGINAL,5.114754098360656
