index,0
SMOTE,3.4344262295081966
SMOTE_SVM,3.4754098360655736
GEOSMOTE,3.639344262295082
BORDERLINE1,3.6721311475409837
DELAUNAY,3.959016393442623
BORDERLINE2,4.204918032786885
ORIGINAL,5.614754098360656
