index,0
BORDERLINE2,3.0245901639344264
BORDERLINE1,3.401639344262295
DELAUNAY,3.459016393442623
SMOTE_SVM,3.6639344262295084
SMOTE,3.7540983606557377
GEOSMOTE,4.598360655737705
ORIGINAL,6.098360655737705
