index,0
SMOTE_SVM,2.7049180327868854
ORIGINAL,2.7950819672131146
SMOTE,3.2459016393442623
BORDERLINE1,3.3442622950819674
BORDERLINE2,4.188524590163935
DELAUNAY,4.721311475409836
