index,0
SMOTE_SVM,2.8114754098360657
SMOTE,3.098360655737705
DELAUNAY,3.540983606557377
BORDERLINE1,3.5655737704918034
BORDERLINE2,3.598360655737705
ORIGINAL,4.385245901639344
