index,0
BORDERLINE2,2.9262295081967213
DELAUNAY,3.262295081967213
BORDERLINE1,3.3852459016393444
SMOTE,3.5327868852459017
SMOTE_SVM,4.0
GEOSMOTE,4.467213114754099
ORIGINAL,6.426229508196721
