index,0
ORIGINAL,3.1475409836065573
SMOTE,3.4672131147540983
SMOTE_SVM,3.7868852459016393
DELAUNAY,4.040983606557377
BORDERLINE1,4.237704918032787
GEOSMOTE,4.295081967213115
BORDERLINE2,5.024590163934426
