index,0
BORDERLINE1,2.778688524590164
BORDERLINE2,2.819672131147541
SMOTE,3.0655737704918034
SMOTE_SVM,3.2049180327868854
DELAUNAY,3.622950819672131
ORIGINAL,5.508196721311475
