index,0
ORIGINAL,2.360655737704918
SMOTE_SVM,2.918032786885246
SMOTE,3.3524590163934427
BORDERLINE1,3.581967213114754
DELAUNAY,3.721311475409836
BORDERLINE2,5.065573770491803
