index,0
SMOTE,3.0163934426229506
ORIGINAL,3.2131147540983607
DELAUNAY,3.418032786885246
BORDERLINE2,3.7295081967213113
SMOTE_SVM,3.778688524590164
BORDERLINE1,3.8442622950819674
