index,0
SMOTE,3.2950819672131146
GEOSMOTE,3.2950819672131146
SMOTE_SVM,3.5081967213114753
BORDERLINE1,3.5491803278688523
DELAUNAY,3.918032786885246
BORDERLINE2,4.245901639344262
ORIGINAL,6.188524590163935
