index,0
SMOTE,3.3278688524590163
ORIGINAL,3.5163934426229506
DELAUNAY,3.7295081967213113
SMOTE_SVM,4.204918032786885
BORDERLINE2,4.30327868852459
BORDERLINE1,4.377049180327869
GEOSMOTE,4.540983606557377
