index,0
SMOTE,3.3934426229508197
SMOTE_SVM,3.4918032786885247
BORDERLINE1,3.5327868852459017
GEOSMOTE,3.7868852459016393
DELAUNAY,3.8442622950819674
BORDERLINE2,4.229508196721311
ORIGINAL,5.721311475409836
