index,0
DELAUNAY,2.8524590163934427
BORDERLINE2,3.0901639344262297
SMOTE_SVM,3.2459016393442623
SMOTE,3.2540983606557377
BORDERLINE1,3.4344262295081966
ORIGINAL,5.122950819672131
