index,0
SMOTE_SVM,3.3934426229508197
SMOTE,3.442622950819672
BORDERLINE1,3.69672131147541
ORIGINAL,3.918032786885246
GEOSMOTE,4.057377049180328
DELAUNAY,4.311475409836065
BORDERLINE2,5.180327868852459
