index,0
SMOTE,2.860655737704918
SMOTE_SVM,2.860655737704918
BORDERLINE1,3.098360655737705
ORIGINAL,3.2131147540983607
BORDERLINE2,4.229508196721311
DELAUNAY,4.737704918032787
