index,0
BORDERLINE2,2.6147540983606556
DELAUNAY,3.0081967213114753
BORDERLINE1,3.081967213114754
SMOTE,3.19672131147541
SMOTE_SVM,3.5901639344262297
ORIGINAL,5.508196721311475
