index,0
ORIGINAL,2.942622950819672
SMOTE,3.2950819672131146
GEOSMOTE,3.6557377049180326
SMOTE_SVM,3.9754098360655736
BORDERLINE1,4.549180327868853
DELAUNAY,4.631147540983607
BORDERLINE2,4.950819672131147
