index,0
SMOTE,2.8278688524590163
BORDERLINE1,3.0901639344262297
SMOTE_SVM,3.1639344262295084
BORDERLINE2,3.5163934426229506
DELAUNAY,3.5327868852459017
ORIGINAL,4.868852459016393
