index,0
BORDERLINE2,3.040983606557377
BORDERLINE1,3.3934426229508197
DELAUNAY,3.5327868852459017
SMOTE_SVM,3.6721311475409837
SMOTE,3.7540983606557377
GEOSMOTE,4.598360655737705
ORIGINAL,6.008196721311475
