index,0
ORIGINAL,2.6311475409836067
SMOTE_SVM,2.721311475409836
SMOTE,3.262295081967213
BORDERLINE1,3.4344262295081966
DELAUNAY,4.081967213114754
BORDERLINE2,4.868852459016393
