index,0
BORDERLINE2,3.4508196721311477
SMOTE_SVM,3.557377049180328
GEOSMOTE,3.5737704918032787
DELAUNAY,3.5901639344262297
SMOTE,3.819672131147541
BORDERLINE1,4.475409836065574
ORIGINAL,5.532786885245901
