index,0
SMOTE_SVM,3.3114754098360657
BORDERLINE1,3.622950819672131
SMOTE,3.7540983606557377
GEOSMOTE,4.10655737704918
ORIGINAL,4.221311475409836
BORDERLINE2,4.450819672131147
DELAUNAY,4.532786885245901
