index,0
SMOTE,3.639344262295082
DELAUNAY,3.8114754098360657
BORDERLINE1,3.8524590163934427
SMOTE_SVM,3.877049180327869
ORIGINAL,3.9836065573770494
GEOSMOTE,4.040983606557377
BORDERLINE2,4.795081967213115
