index,0
SMOTE,3.2131147540983607
GEOSMOTE,3.3360655737704916
SMOTE_SVM,3.5901639344262297
DELAUNAY,4.213114754098361
BORDERLINE1,4.245901639344262
BORDERLINE2,4.418032786885246
ORIGINAL,4.983606557377049
