index,0
SMOTE,3.0081967213114753
DELAUNAY,3.19672131147541
ORIGINAL,3.442622950819672
SMOTE_SVM,3.5491803278688523
BORDERLINE2,3.8524590163934427
BORDERLINE1,3.9508196721311477
