index,0
ORIGINAL,2.80327868852459
SMOTE,3.1147540983606556
DELAUNAY,3.3278688524590163
SMOTE_SVM,3.3934426229508197
BORDERLINE1,3.819672131147541
BORDERLINE2,4.540983606557377
