index,0
SMOTE_SVM,3.122950819672131
SMOTE,3.442622950819672
DELAUNAY,3.6475409836065573
BORDERLINE1,4.073770491803279
GEOSMOTE,4.286885245901639
ORIGINAL,4.524590163934426
BORDERLINE2,4.901639344262295
