index,0
BORDERLINE2,2.5081967213114753
BORDERLINE1,2.8934426229508197
SMOTE_SVM,3.0901639344262297
SMOTE,3.139344262295082
DELAUNAY,4.057377049180328
ORIGINAL,5.311475409836065
