index,0
DELAUNAY,2.7868852459016393
BORDERLINE2,2.9344262295081966
SMOTE,3.0655737704918034
BORDERLINE1,3.1065573770491803
SMOTE_SVM,3.4344262295081966
ORIGINAL,5.672131147540983
