index,0
SMOTE,2.8360655737704916
DELAUNAY,3.057377049180328
SMOTE_SVM,3.1475409836065573
BORDERLINE1,3.737704918032787
BORDERLINE2,3.877049180327869
ORIGINAL,4.344262295081967
