index,0
BORDERLINE2,2.4344262295081966
BORDERLINE1,2.9754098360655736
DELAUNAY,3.1475409836065573
SMOTE,3.1721311475409837
SMOTE_SVM,3.5655737704918034
ORIGINAL,5.704918032786885
