index,0
ORIGINAL,2.7131147540983607
SMOTE,2.9508196721311477
SMOTE_SVM,3.2704918032786887
BORDERLINE1,3.6639344262295084
DELAUNAY,4.114754098360656
BORDERLINE2,4.286885245901639
