index,0
ORIGINAL,1.7049180327868851
SMOTE_SVM,2.6147540983606556
BORDERLINE1,3.5245901639344264
SMOTE,3.9262295081967213
DELAUNAY,4.459016393442623
BORDERLINE2,4.770491803278689
