index,0
ORIGINAL,2.7295081967213113
SMOTE,3.0327868852459017
SMOTE_SVM,3.3688524590163933
DELAUNAY,3.6065573770491803
BORDERLINE1,3.7049180327868854
BORDERLINE2,4.557377049180328
