index,0
SMOTE_SVM,2.8852459016393444
DELAUNAY,2.959016393442623
SMOTE,3.2049180327868854
BORDERLINE2,3.5327868852459017
BORDERLINE1,3.7131147540983607
ORIGINAL,4.704918032786885
