index,0
DELAUNAY,2.7950819672131146
SMOTE,3.0
SMOTE_SVM,3.2540983606557377
BORDERLINE1,3.737704918032787
BORDERLINE2,3.8524590163934427
ORIGINAL,4.360655737704918
