index,0
ORIGINAL,2.6147540983606556
SMOTE_SVM,3.3934426229508197
SMOTE,3.7540983606557377
BORDERLINE1,3.9672131147540983
GEOSMOTE,4.057377049180328
DELAUNAY,4.409836065573771
BORDERLINE2,5.80327868852459
