index,0
DELAUNAY,3.377049180327869
BORDERLINE2,3.4754098360655736
SMOTE_SVM,3.639344262295082
GEOSMOTE,3.6475409836065573
SMOTE,3.8278688524590163
BORDERLINE1,4.508196721311475
ORIGINAL,5.524590163934426
