index,0
SMOTE,3.0163934426229506
SMOTE_SVM,3.1311475409836067
BORDERLINE1,3.401639344262295
ORIGINAL,3.6475409836065573
DELAUNAY,3.8934426229508197
BORDERLINE2,3.9098360655737703
