index,0
SMOTE_SVM,3.459016393442623
GEOSMOTE,3.5245901639344264
SMOTE,3.680327868852459
ORIGINAL,4.098360655737705
DELAUNAY,4.213114754098361
BORDERLINE1,4.237704918032787
BORDERLINE2,4.786885245901639
