index,0
SMOTE_SVM,3.0901639344262297
SMOTE,3.360655737704918
BORDERLINE1,3.942622950819672
GEOSMOTE,4.172131147540983
DELAUNAY,4.278688524590164
ORIGINAL,4.377049180327869
BORDERLINE2,4.778688524590164
