index,0
SMOTE,3.3524590163934427
SMOTE_SVM,3.377049180327869
BORDERLINE1,3.4836065573770494
GEOSMOTE,3.7704918032786887
DELAUNAY,4.139344262295082
BORDERLINE2,4.155737704918033
ORIGINAL,5.721311475409836
