index,0
ORIGINAL,2.6557377049180326
SMOTE,2.9262295081967213
SMOTE_SVM,3.2131147540983607
BORDERLINE1,3.6475409836065573
DELAUNAY,4.245901639344262
BORDERLINE2,4.311475409836065
