index,0
DELAUNAY,2.2459016393442623
BORDERLINE2,3.2540983606557377
GEOSMOTE,3.8360655737704916
SMOTE_SVM,3.959016393442623
SMOTE,4.188524590163935
BORDERLINE1,4.30327868852459
ORIGINAL,6.213114754098361
