index,0
SMOTE_SVM,2.6147540983606556
SMOTE,2.8852459016393444
DELAUNAY,3.0655737704918034
BORDERLINE1,3.557377049180328
BORDERLINE2,4.131147540983607
ORIGINAL,4.745901639344262
