index,0
ORIGINAL,2.9918032786885247
GEOSMOTE,3.3688524590163933
SMOTE,3.581967213114754
DELAUNAY,4.10655737704918
SMOTE_SVM,4.114754098360656
BORDERLINE1,4.729508196721311
BORDERLINE2,5.10655737704918
