index,0
ORIGINAL,3.0163934426229506
SMOTE,3.3114754098360657
SMOTE_SVM,3.680327868852459
BORDERLINE1,4.040983606557377
GEOSMOTE,4.245901639344262
DELAUNAY,4.631147540983607
BORDERLINE2,5.073770491803279
