index,0
SMOTE_SVM,2.5163934426229506
SMOTE,3.0491803278688523
ORIGINAL,3.2540983606557377
BORDERLINE1,3.401639344262295
BORDERLINE2,4.213114754098361
DELAUNAY,4.565573770491803
