index,0
ORIGINAL,2.639344262295082
SMOTE,3.0655737704918034
DELAUNAY,3.3360655737704916
SMOTE_SVM,3.418032786885246
BORDERLINE1,4.0
BORDERLINE2,4.540983606557377
