index,0
ORIGINAL,2.1885245901639343
SMOTE_SVM,3.0081967213114753
BORDERLINE1,3.680327868852459
SMOTE,3.7295081967213113
DELAUNAY,3.7295081967213113
BORDERLINE2,4.663934426229508
