index,0
ORIGINAL,2.9344262295081966
DELAUNAY,2.9918032786885247
SMOTE,3.1885245901639343
SMOTE_SVM,3.459016393442623
BORDERLINE1,3.9098360655737703
BORDERLINE2,4.516393442622951
