index,0
DELAUNAY,2.9918032786885247
BORDERLINE1,3.081967213114754
BORDERLINE2,3.139344262295082
SMOTE,3.2049180327868854
SMOTE_SVM,3.3278688524590163
ORIGINAL,5.254098360655738
