index,0
DELAUNAY,3.0081967213114753
BORDERLINE2,3.0655737704918034
SMOTE,3.19672131147541
SMOTE_SVM,3.19672131147541
BORDERLINE1,3.377049180327869
ORIGINAL,5.155737704918033
