index,0
SMOTE,2.9836065573770494
SMOTE_SVM,3.0081967213114753
BORDERLINE1,3.0081967213114753
DELAUNAY,3.3934426229508197
BORDERLINE2,3.6311475409836067
ORIGINAL,4.975409836065574
