index,0
ORIGINAL,3.057377049180328
SMOTE,3.3688524590163933
SMOTE_SVM,3.4508196721311477
BORDERLINE1,3.4754098360655736
DELAUNAY,3.4754098360655736
BORDERLINE2,4.172131147540983
