index,0
DELAUNAY,2.9262295081967213
SMOTE,2.942622950819672
SMOTE_SVM,3.221311475409836
BORDERLINE1,3.7049180327868854
BORDERLINE2,3.8360655737704916
ORIGINAL,4.368852459016393
