index,0
SMOTE,3.0163934426229506
BORDERLINE1,3.442622950819672
SMOTE_SVM,3.459016393442623
GEOSMOTE,3.7868852459016393
BORDERLINE2,3.877049180327869
DELAUNAY,4.598360655737705
ORIGINAL,5.819672131147541
