index,0
BORDERLINE2,2.9918032786885247
BORDERLINE1,3.442622950819672
DELAUNAY,3.5327868852459017
SMOTE_SVM,3.622950819672131
SMOTE,3.721311475409836
GEOSMOTE,4.60655737704918
ORIGINAL,6.081967213114754
