index,0
DELAUNAY,3.2295081967213113
SMOTE,3.2950819672131146
BORDERLINE1,3.7295081967213113
SMOTE_SVM,3.901639344262295
GEOSMOTE,4.114754098360656
BORDERLINE2,4.450819672131147
ORIGINAL,5.278688524590164
