index,0
DELAUNAY,2.5901639344262297
BORDERLINE2,2.778688524590164
BORDERLINE1,3.221311475409836
SMOTE_SVM,3.4836065573770494
SMOTE,3.5327868852459017
ORIGINAL,5.39344262295082
