index,0
BORDERLINE1,3.2868852459016393
BORDERLINE2,3.2950819672131146
GEOSMOTE,3.639344262295082
SMOTE_SVM,3.6557377049180326
SMOTE,3.7295081967213113
DELAUNAY,4.040983606557377
ORIGINAL,6.352459016393443
