index,0
SMOTE_SVM,2.9918032786885247
BORDERLINE1,3.19672131147541
SMOTE,3.3442622950819674
DELAUNAY,3.6639344262295084
ORIGINAL,3.7540983606557377
BORDERLINE2,4.049180327868853
