index,0
SMOTE_SVM,3.278688524590164
ORIGINAL,3.459016393442623
SMOTE,3.5737704918032787
DELAUNAY,3.639344262295082
BORDERLINE1,4.368852459016393
GEOSMOTE,4.598360655737705
BORDERLINE2,5.081967213114754
