index,0
DELAUNAY,2.7704918032786887
SMOTE,2.9508196721311477
BORDERLINE2,3.0081967213114753
BORDERLINE1,3.1311475409836067
SMOTE_SVM,3.4508196721311477
ORIGINAL,5.688524590163935
