index,0
SMOTE,3.2704918032786887
DELAUNAY,3.3442622950819674
BORDERLINE2,3.418032786885246
SMOTE_SVM,3.442622950819672
ORIGINAL,3.5327868852459017
BORDERLINE1,3.9918032786885247
