index,0
DELAUNAY,2.8442622950819674
SMOTE,3.3934426229508197
BORDERLINE2,3.5081967213114753
SMOTE_SVM,3.581967213114754
ORIGINAL,3.639344262295082
BORDERLINE1,4.032786885245901
