index,0
SMOTE,2.7704918032786887
BORDERLINE1,3.0737704918032787
SMOTE_SVM,3.1311475409836067
DELAUNAY,3.4344262295081966
BORDERLINE2,3.459016393442623
ORIGINAL,5.131147540983607
