index,0
SMOTE,2.6721311475409837
BORDERLINE1,2.9754098360655736
SMOTE_SVM,3.0
BORDERLINE2,3.3524590163934427
DELAUNAY,3.9836065573770494
ORIGINAL,5.016393442622951
