index,0
SMOTE,2.7459016393442623
BORDERLINE1,2.9508196721311477
SMOTE_SVM,2.959016393442623
BORDERLINE2,3.5245901639344264
DELAUNAY,3.581967213114754
ORIGINAL,5.237704918032787
