index,0
SMOTE_SVM,3.0655737704918034
SMOTE,3.2459016393442623
DELAUNAY,3.2704918032786887
BORDERLINE1,3.3360655737704916
ORIGINAL,3.4918032786885247
BORDERLINE2,4.590163934426229
