index,0
SMOTE,3.1557377049180326
BORDERLINE1,3.6557377049180326
DELAUNAY,3.762295081967213
SMOTE_SVM,3.8934426229508197
GEOSMOTE,3.9836065573770494
BORDERLINE2,4.311475409836065
ORIGINAL,5.237704918032787
