index,0
SMOTE,3.3442622950819674
BORDERLINE1,3.4918032786885247
BORDERLINE2,3.6475409836065573
SMOTE_SVM,3.778688524590164
GEOSMOTE,3.877049180327869
DELAUNAY,4.114754098360656
ORIGINAL,5.745901639344262
