index,0
ORIGINAL,2.9672131147540983
SMOTE,3.319672131147541
GEOSMOTE,3.7459016393442623
SMOTE_SVM,4.016393442622951
DELAUNAY,4.213114754098361
BORDERLINE1,4.622950819672131
BORDERLINE2,5.114754098360656
