index,0
BORDERLINE2,2.8360655737704916
SMOTE_SVM,3.1475409836065573
SMOTE,3.2049180327868854
DELAUNAY,3.2049180327868854
BORDERLINE1,3.4262295081967213
ORIGINAL,5.180327868852459
