index,0
DELAUNAY,2.3360655737704916
BORDERLINE2,3.1557377049180326
SMOTE_SVM,3.2868852459016393
SMOTE,3.3688524590163933
BORDERLINE1,3.9754098360655736
ORIGINAL,4.877049180327869
