index,0
SMOTE,2.9344262295081966
SMOTE_SVM,3.0655737704918034
BORDERLINE1,3.0901639344262297
DELAUNAY,3.19672131147541
BORDERLINE2,3.7295081967213113
ORIGINAL,4.983606557377049
