index,0
BORDERLINE1,3.139344262295082
SMOTE_SVM,3.1721311475409837
DELAUNAY,3.4344262295081966
ORIGINAL,3.5327868852459017
SMOTE,3.7868852459016393
BORDERLINE2,3.9344262295081966
