index,0
DELAUNAY,3.0163934426229506
SMOTE,3.0737704918032787
ORIGINAL,3.2868852459016393
SMOTE_SVM,3.8114754098360657
BORDERLINE2,3.8688524590163933
BORDERLINE1,3.942622950819672
