index,0
SMOTE_SVM,2.8852459016393444
ORIGINAL,2.9508196721311477
SMOTE,3.459016393442623
BORDERLINE1,3.4754098360655736
DELAUNAY,3.877049180327869
BORDERLINE2,4.352459016393443
