index,0
SMOTE,3.5081967213114753
SMOTE_SVM,3.5327868852459017
DELAUNAY,3.598360655737705
GEOSMOTE,3.7049180327868854
BORDERLINE1,3.7459016393442623
BORDERLINE2,4.254098360655738
ORIGINAL,5.655737704918033
