index,0
SMOTE_SVM,3.1639344262295084
ORIGINAL,3.180327868852459
GEOSMOTE,3.8114754098360657
SMOTE,3.877049180327869
BORDERLINE1,3.9754098360655736
BORDERLINE2,4.926229508196721
DELAUNAY,5.065573770491803
