index,0
BORDERLINE1,3.5737704918032787
SMOTE_SVM,3.598360655737705
GEOSMOTE,3.7704918032786887
ORIGINAL,4.016393442622951
SMOTE,4.270491803278689
DELAUNAY,4.360655737704918
BORDERLINE2,4.409836065573771
