index,0
SMOTE_SVM,3.0327868852459017
SMOTE,3.2540983606557377
BORDERLINE1,3.8934426229508197
GEOSMOTE,4.0
ORIGINAL,4.39344262295082
BORDERLINE2,4.69672131147541
DELAUNAY,4.729508196721311
