index,0
DELAUNAY,2.80327868852459
BORDERLINE2,2.9508196721311477
SMOTE,2.9754098360655736
BORDERLINE1,3.098360655737705
SMOTE_SVM,3.459016393442623
ORIGINAL,5.713114754098361
