index,0
SMOTE,3.040983606557377
DELAUNAY,3.3524590163934427
ORIGINAL,3.4344262295081966
SMOTE_SVM,3.540983606557377
BORDERLINE2,3.762295081967213
BORDERLINE1,3.8688524590163933
