index,0
SMOTE,2.6721311475409837
BORDERLINE1,3.0081967213114753
SMOTE_SVM,3.098360655737705
BORDERLINE2,3.442622950819672
DELAUNAY,3.721311475409836
ORIGINAL,5.057377049180328
