index,0
BORDERLINE2,2.819672131147541
DELAUNAY,2.8442622950819674
SMOTE_SVM,3.262295081967213
SMOTE,3.3360655737704916
BORDERLINE1,3.4836065573770494
ORIGINAL,5.254098360655738
