index,0
SMOTE_SVM,2.901639344262295
SMOTE,2.9508196721311477
BORDERLINE1,3.139344262295082
BORDERLINE2,3.5737704918032787
DELAUNAY,3.598360655737705
ORIGINAL,4.836065573770492
