index,0
ORIGINAL,2.2868852459016393
SMOTE_SVM,3.2131147540983607
GEOSMOTE,3.319672131147541
BORDERLINE1,4.049180327868853
DELAUNAY,4.581967213114754
SMOTE,4.836065573770492
BORDERLINE2,5.713114754098361
