index,0
ORIGINAL,2.3360655737704916
SMOTE_SVM,2.9508196721311477
SMOTE,3.3278688524590163
BORDERLINE1,3.540983606557377
DELAUNAY,3.7704918032786887
BORDERLINE2,5.073770491803279
