index,0
ORIGINAL,3.2459016393442623
DELAUNAY,3.5491803278688523
SMOTE,3.557377049180328
SMOTE_SVM,3.901639344262295
GEOSMOTE,4.319672131147541
BORDERLINE1,4.327868852459017
BORDERLINE2,5.098360655737705
