index,0
BORDERLINE2,2.6885245901639343
BORDERLINE1,3.278688524590164
SMOTE,3.401639344262295
GEOSMOTE,3.4344262295081966
SMOTE_SVM,3.9098360655737703
DELAUNAY,4.614754098360656
ORIGINAL,6.672131147540983
