index,0
ORIGINAL,3.2049180327868854
SMOTE,3.4836065573770494
SMOTE_SVM,3.7704918032786887
DELAUNAY,4.040983606557377
GEOSMOTE,4.254098360655738
BORDERLINE1,4.262295081967213
BORDERLINE2,4.983606557377049
