index,0
BORDERLINE2,2.7868852459016393
BORDERLINE1,3.3934426229508197
SMOTE,3.4918032786885247
GEOSMOTE,3.581967213114754
DELAUNAY,4.008196721311475
SMOTE_SVM,4.065573770491803
ORIGINAL,6.672131147540983
