index,0
ORIGINAL,2.942622950819672
SMOTE,3.2459016393442623
GEOSMOTE,3.6639344262295084
SMOTE_SVM,3.9836065573770494
BORDERLINE1,4.483606557377049
DELAUNAY,4.688524590163935
BORDERLINE2,4.991803278688525
