index,0
ORIGINAL,2.860655737704918
SMOTE,3.4262295081967213
GEOSMOTE,3.4836065573770494
SMOTE_SVM,4.032786885245901
DELAUNAY,4.295081967213115
BORDERLINE1,4.713114754098361
BORDERLINE2,5.188524590163935
