index,0
ORIGINAL,2.377049180327869
SMOTE_SVM,2.901639344262295
SMOTE,3.1065573770491803
BORDERLINE1,3.1721311475409837
BORDERLINE2,4.573770491803279
DELAUNAY,4.868852459016393
