index,0
SMOTE_SVM,3.4836065573770494
SMOTE,3.5
GEOSMOTE,3.6885245901639343
BORDERLINE1,3.69672131147541
DELAUNAY,3.7704918032786887
BORDERLINE2,4.229508196721311
ORIGINAL,5.631147540983607
