index,0
SMOTE_SVM,3.4754098360655736
BORDERLINE1,3.737704918032787
SMOTE,3.8524590163934427
DELAUNAY,3.860655737704918
GEOSMOTE,4.188524590163935
ORIGINAL,4.327868852459017
BORDERLINE2,4.557377049180328
