index,0
ORIGINAL,2.319672131147541
SMOTE_SVM,3.401639344262295
GEOSMOTE,3.4672131147540983
DELAUNAY,3.7540983606557377
BORDERLINE1,4.19672131147541
SMOTE,4.991803278688525
BORDERLINE2,5.868852459016393
