index,0
SMOTE_SVM,3.1721311475409837
SMOTE,3.5081967213114753
DELAUNAY,3.5245901639344264
BORDERLINE1,4.057377049180328
GEOSMOTE,4.245901639344262
ORIGINAL,4.565573770491803
BORDERLINE2,4.926229508196721
