index,0
BORDERLINE2,2.942622950819672
DELAUNAY,3.0163934426229506
BORDERLINE1,3.5901639344262297
SMOTE,3.7459016393442623
GEOSMOTE,3.819672131147541
SMOTE_SVM,4.213114754098361
ORIGINAL,6.672131147540983
