index,0
SMOTE,2.721311475409836
BORDERLINE1,3.1885245901639343
SMOTE_SVM,3.2540983606557377
DELAUNAY,3.639344262295082
BORDERLINE2,3.6721311475409837
ORIGINAL,4.524590163934426
