index,0
ORIGINAL,1.9754098360655739
SMOTE_SVM,2.6721311475409837
BORDERLINE1,3.418032786885246
SMOTE,4.016393442622951
DELAUNAY,4.204918032786885
BORDERLINE2,4.713114754098361
