index,0
SMOTE_SVM,3.3524590163934427
GEOSMOTE,3.4672131147540983
SMOTE,3.7131147540983607
ORIGINAL,4.049180327868853
BORDERLINE1,4.254098360655738
DELAUNAY,4.30327868852459
BORDERLINE2,4.860655737704918
