index,0
SMOTE_SVM,2.581967213114754
SMOTE,3.1311475409836067
ORIGINAL,3.3114754098360657
BORDERLINE1,3.5163934426229506
DELAUNAY,4.147540983606557
BORDERLINE2,4.311475409836065
