index,0
BORDERLINE2,3.5655737704918034
SMOTE_SVM,3.901639344262295
DELAUNAY,3.9262295081967213
SMOTE,3.959016393442623
GEOSMOTE,3.9672131147540983
ORIGINAL,4.19672131147541
BORDERLINE1,4.483606557377049
