index,0
BORDERLINE2,2.7131147540983607
DELAUNAY,2.860655737704918
BORDERLINE1,3.1311475409836067
SMOTE_SVM,3.4508196721311477
SMOTE,3.4754098360655736
ORIGINAL,5.368852459016393
