index,0
ORIGINAL,2.6311475409836067
SMOTE,2.8524590163934427
SMOTE_SVM,3.418032786885246
DELAUNAY,3.8278688524590163
BORDERLINE1,3.9344262295081966
BORDERLINE2,4.336065573770492
