index,0
SMOTE_SVM,2.540983606557377
SMOTE,2.8278688524590163
DELAUNAY,3.319672131147541
BORDERLINE1,3.4672131147540983
BORDERLINE2,4.090163934426229
ORIGINAL,4.754098360655738
