index,0
SMOTE_SVM,2.8688524590163933
ORIGINAL,2.942622950819672
SMOTE,3.1639344262295084
BORDERLINE1,3.7049180327868854
DELAUNAY,3.9262295081967213
BORDERLINE2,4.39344262295082
