index,0
SMOTE,3.19672131147541
ORIGINAL,3.3524590163934427
SMOTE_SVM,3.3688524590163933
BORDERLINE2,3.4098360655737703
DELAUNAY,3.639344262295082
BORDERLINE1,4.032786885245901
