index,0
DELAUNAY,2.9836065573770494
SMOTE,3.0
SMOTE_SVM,3.081967213114754
BORDERLINE1,3.1557377049180326
BORDERLINE2,3.7868852459016393
ORIGINAL,4.991803278688525
