index,0
SMOTE,2.819672131147541
BORDERLINE1,3.1885245901639343
SMOTE_SVM,3.3442622950819674
DELAUNAY,3.377049180327869
BORDERLINE2,3.7704918032786887
ORIGINAL,4.5
