index,0
ORIGINAL,2.6885245901639343
SMOTE,2.9836065573770494
SMOTE_SVM,3.237704918032787
BORDERLINE1,3.598360655737705
DELAUNAY,4.188524590163935
BORDERLINE2,4.30327868852459
