index,0
SMOTE_SVM,3.418032786885246
GEOSMOTE,3.6147540983606556
SMOTE,3.7540983606557377
DELAUNAY,3.8934426229508197
ORIGINAL,4.098360655737705
BORDERLINE1,4.344262295081967
BORDERLINE2,4.877049180327869
