index,0
SMOTE,3.442622950819672
SMOTE_SVM,3.459016393442623
BORDERLINE1,3.5655737704918034
DELAUNAY,3.721311475409836
GEOSMOTE,3.819672131147541
BORDERLINE2,4.245901639344262
ORIGINAL,5.745901639344262
