index,0
DELAUNAY,3.0163934426229506
SMOTE,3.057377049180328
SMOTE_SVM,3.1065573770491803
BORDERLINE1,3.237704918032787
BORDERLINE2,3.581967213114754
ORIGINAL,5.0
