index,0
BORDERLINE2,3.1885245901639343
SMOTE_SVM,3.3688524590163933
DELAUNAY,3.3852459016393444
SMOTE,3.401639344262295
ORIGINAL,3.680327868852459
BORDERLINE1,3.9754098360655736
