index,0
SMOTE_SVM,3.3934426229508197
BORDERLINE1,3.6639344262295084
SMOTE,3.80327868852459
ORIGINAL,4.19672131147541
GEOSMOTE,4.204918032786885
DELAUNAY,4.270491803278689
BORDERLINE2,4.467213114754099
