index,0
ORIGINAL,2.6721311475409837
SMOTE,2.9508196721311477
SMOTE_SVM,3.278688524590164
BORDERLINE1,3.5655737704918034
DELAUNAY,4.081967213114754
BORDERLINE2,4.450819672131147
