index,0
BORDERLINE2,2.7459016393442623
BORDERLINE1,3.0655737704918034
SMOTE,3.2704918032786887
SMOTE_SVM,3.7459016393442623
GEOSMOTE,4.245901639344262
DELAUNAY,4.508196721311475
ORIGINAL,6.418032786885246
