index,0
ORIGINAL,2.2459016393442623
SMOTE_SVM,2.9672131147540983
SMOTE,3.6721311475409837
DELAUNAY,3.6885245901639343
BORDERLINE1,3.7295081967213113
BORDERLINE2,4.69672131147541
