index,0
SMOTE_SVM,3.0245901639344264
SMOTE,3.7868852459016393
GEOSMOTE,3.959016393442623
ORIGINAL,3.9754098360655736
DELAUNAY,4.032786885245901
BORDERLINE1,4.19672131147541
BORDERLINE2,5.024590163934426
