index,0
BORDERLINE2,2.9754098360655736
SMOTE,3.0737704918032787
SMOTE_SVM,3.1147540983606556
BORDERLINE1,3.2295081967213113
DELAUNAY,3.5245901639344264
ORIGINAL,5.081967213114754
