index,0
ORIGINAL,2.8278688524590163
SMOTE_SVM,3.6065573770491803
SMOTE,3.7540983606557377
BORDERLINE1,3.8934426229508197
GEOSMOTE,4.131147540983607
DELAUNAY,4.204918032786885
BORDERLINE2,5.581967213114754
