index,0
SMOTE_SVM,2.8852459016393444
SMOTE,3.1065573770491803
ORIGINAL,3.5163934426229506
BORDERLINE1,3.557377049180328
DELAUNAY,3.8934426229508197
BORDERLINE2,4.040983606557377
