index,0
DELAUNAY,3.0163934426229506
SMOTE,3.081967213114754
ORIGINAL,3.2704918032786887
SMOTE_SVM,3.8278688524590163
BORDERLINE1,3.901639344262295
BORDERLINE2,3.901639344262295
