index,0
ORIGINAL,2.7868852459016393
SMOTE,3.040983606557377
DELAUNAY,3.0655737704918034
SMOTE_SVM,3.5
BORDERLINE1,4.114754098360656
BORDERLINE2,4.491803278688525
