index,0
BORDERLINE1,2.7540983606557377
SMOTE,2.9262295081967213
BORDERLINE2,3.0081967213114753
SMOTE_SVM,3.0327868852459017
DELAUNAY,3.7459016393442623
ORIGINAL,5.532786885245901
