index,0
SMOTE,2.9344262295081966
ORIGINAL,3.1557377049180326
DELAUNAY,3.69672131147541
SMOTE_SVM,3.7131147540983607
BORDERLINE2,3.7131147540983607
BORDERLINE1,3.7868852459016393
