index,0
SMOTE,2.6721311475409837
BORDERLINE2,2.7868852459016393
BORDERLINE1,2.860655737704918
SMOTE_SVM,3.2459016393442623
DELAUNAY,3.762295081967213
ORIGINAL,5.672131147540983
