index,0
SMOTE_SVM,3.2049180327868854
DELAUNAY,3.3442622950819674
SMOTE,3.4672131147540983
BORDERLINE1,4.131147540983607
GEOSMOTE,4.327868852459017
ORIGINAL,4.540983606557377
BORDERLINE2,4.983606557377049
