index,0
SMOTE,3.057377049180328
SMOTE_SVM,3.221311475409836
ORIGINAL,3.3852459016393444
BORDERLINE1,3.401639344262295
DELAUNAY,3.8688524590163933
BORDERLINE2,4.065573770491803
