index,0
ORIGINAL,1.8032786885245902
SMOTE_SVM,2.6557377049180326
BORDERLINE1,3.6147540983606556
DELAUNAY,3.8688524590163933
SMOTE,4.065573770491803
BORDERLINE2,4.991803278688525
