index,0
SMOTE,2.942622950819672
BORDERLINE1,2.9918032786885247
SMOTE_SVM,3.0081967213114753
DELAUNAY,3.442622950819672
BORDERLINE2,3.6065573770491803
ORIGINAL,5.008196721311475
