index,0
SMOTE_SVM,3.377049180327869
BORDERLINE1,3.7295081967213113
SMOTE,3.7704918032786887
DELAUNAY,4.0
GEOSMOTE,4.229508196721311
ORIGINAL,4.311475409836065
BORDERLINE2,4.581967213114754
