index,0
SMOTE,3.1557377049180326
SMOTE_SVM,3.2459016393442623
ORIGINAL,3.4508196721311477
BORDERLINE1,3.4672131147540983
DELAUNAY,3.5081967213114753
BORDERLINE2,4.172131147540983
