index,0
ORIGINAL,2.6065573770491803
SMOTE_SVM,3.377049180327869
SMOTE,3.778688524590164
BORDERLINE1,4.032786885245901
GEOSMOTE,4.098360655737705
DELAUNAY,4.30327868852459
BORDERLINE2,5.80327868852459
