index,0
ORIGINAL,3.2868852459016393
SMOTE_SVM,3.377049180327869
GEOSMOTE,3.959016393442623
DELAUNAY,4.008196721311475
SMOTE,4.057377049180328
BORDERLINE1,4.163934426229508
BORDERLINE2,5.147540983606557
