index,0
ORIGINAL,2.540983606557377
SMOTE,2.9672131147540983
SMOTE_SVM,3.377049180327869
DELAUNAY,3.680327868852459
BORDERLINE1,4.073770491803279
BORDERLINE2,4.360655737704918
