index,0
ORIGINAL,2.237704918032787
SMOTE_SVM,3.081967213114754
DELAUNAY,3.4098360655737703
BORDERLINE1,3.762295081967213
SMOTE,3.778688524590164
BORDERLINE2,4.729508196721311
