index,0
SMOTE_SVM,2.901639344262295
ORIGINAL,3.0163934426229506
SMOTE,3.1885245901639343
BORDERLINE1,3.7295081967213113
DELAUNAY,3.7459016393442623
BORDERLINE2,4.418032786885246
