index,0
BORDERLINE2,2.6557377049180326
SMOTE,2.7704918032786887
BORDERLINE1,2.8278688524590163
SMOTE_SVM,3.1885245901639343
DELAUNAY,3.8278688524590163
ORIGINAL,5.729508196721311
