index,0
SMOTE_SVM,3.2540983606557377
ORIGINAL,3.4098360655737703
SMOTE,3.5327868852459017
DELAUNAY,3.942622950819672
BORDERLINE1,4.262295081967213
GEOSMOTE,4.557377049180328
BORDERLINE2,5.040983606557377
