index,0
ORIGINAL,3.0655737704918034
SMOTE,3.401639344262295
SMOTE_SVM,3.7950819672131146
DELAUNAY,4.098360655737705
BORDERLINE1,4.155737704918033
GEOSMOTE,4.319672131147541
BORDERLINE2,5.163934426229508
