index,0
ORIGINAL,2.360655737704918
SMOTE_SVM,2.8852459016393444
SMOTE,3.139344262295082
BORDERLINE1,3.1639344262295084
BORDERLINE2,4.60655737704918
DELAUNAY,4.844262295081967
