index,0
ORIGINAL,3.0245901639344264
SMOTE,3.360655737704918
SMOTE_SVM,3.778688524590164
BORDERLINE1,4.10655737704918
DELAUNAY,4.155737704918033
GEOSMOTE,4.319672131147541
BORDERLINE2,5.254098360655738
