index,0
BORDERLINE2,2.8688524590163933
SMOTE_SVM,2.9508196721311477
SMOTE,3.0655737704918034
BORDERLINE1,3.7131147540983607
DELAUNAY,3.721311475409836
ORIGINAL,4.680327868852459
