index,0
SMOTE,3.3442622950819674
ORIGINAL,3.5
DELAUNAY,3.8114754098360657
SMOTE_SVM,4.237704918032787
BORDERLINE2,4.237704918032787
BORDERLINE1,4.360655737704918
GEOSMOTE,4.508196721311475
