index,0
ORIGINAL,3.0
SMOTE,3.319672131147541
DELAUNAY,3.418032786885246
SMOTE_SVM,3.4836065573770494
BORDERLINE1,3.540983606557377
BORDERLINE2,4.237704918032787
