index,0
ORIGINAL,2.4836065573770494
SMOTE,2.918032786885246
SMOTE_SVM,3.3934426229508197
DELAUNAY,3.6147540983606556
BORDERLINE1,4.065573770491803
BORDERLINE2,4.524590163934426
