index,0
DELAUNAY,2.8114754098360657
SMOTE,3.0
BORDERLINE2,3.0
BORDERLINE1,3.0491803278688523
SMOTE_SVM,3.459016393442623
ORIGINAL,5.680327868852459
