index,0
BORDERLINE2,2.9344262295081966
GEOSMOTE,3.6311475409836067
DELAUNAY,3.6557377049180326
SMOTE_SVM,3.6885245901639343
SMOTE,3.9344262295081966
BORDERLINE1,4.016393442622951
ORIGINAL,6.139344262295082
