index,0
SMOTE,2.7540983606557377
BORDERLINE1,3.1475409836065573
SMOTE_SVM,3.1557377049180326
DELAUNAY,3.2950819672131146
BORDERLINE2,3.5491803278688523
ORIGINAL,5.098360655737705
