index,0
SMOTE_SVM,2.959016393442623
SMOTE,3.278688524590164
GEOSMOTE,3.3360655737704916
BORDERLINE1,4.049180327868853
DELAUNAY,4.081967213114754
BORDERLINE2,4.80327868852459
ORIGINAL,5.491803278688525
