index,0
SMOTE,3.4508196721311477
SMOTE_SVM,3.4754098360655736
BORDERLINE1,3.5327868852459017
DELAUNAY,3.7131147540983607
GEOSMOTE,3.8442622950819674
BORDERLINE2,4.237704918032787
ORIGINAL,5.745901639344262
