index,0
SMOTE,3.2131147540983607
GEOSMOTE,3.30327868852459
SMOTE_SVM,3.5491803278688523
BORDERLINE1,4.245901639344262
DELAUNAY,4.278688524590164
BORDERLINE2,4.409836065573771
ORIGINAL,5.0
