index,0
SMOTE,3.0
ORIGINAL,3.221311475409836
DELAUNAY,3.5737704918032787
SMOTE_SVM,3.7131147540983607
BORDERLINE2,3.7131147540983607
BORDERLINE1,3.778688524590164
