index,0
ORIGINAL,3.1065573770491803
DELAUNAY,3.237704918032787
SMOTE,3.3360655737704916
SMOTE_SVM,3.6885245901639343
BORDERLINE2,3.7295081967213113
BORDERLINE1,3.901639344262295
