index,0
DELAUNAY,3.3852459016393444
BORDERLINE2,3.721311475409836
GEOSMOTE,3.9836065573770494
SMOTE_SVM,4.016393442622951
SMOTE,4.081967213114754
ORIGINAL,4.311475409836065
BORDERLINE1,4.5
