index,0
BORDERLINE1,3.0655737704918034
DELAUNAY,3.0737704918032787
BORDERLINE2,3.1147540983606556
SMOTE,3.1557377049180326
SMOTE_SVM,3.2704918032786887
ORIGINAL,5.319672131147541
