index,0
ORIGINAL,3.057377049180328
SMOTE,3.3852459016393444
SMOTE_SVM,3.6475409836065573
BORDERLINE1,4.073770491803279
GEOSMOTE,4.163934426229508
DELAUNAY,4.770491803278689
BORDERLINE2,4.901639344262295
