index,0
SMOTE,3.3360655737704916
GEOSMOTE,3.360655737704918
SMOTE_SVM,3.5245901639344264
DELAUNAY,3.5901639344262297
BORDERLINE1,3.6557377049180326
BORDERLINE2,4.344262295081967
ORIGINAL,6.188524590163935
