index,0
ORIGINAL,3.1147540983606556
SMOTE,3.3114754098360657
DELAUNAY,3.3934426229508197
BORDERLINE2,3.639344262295082
SMOTE_SVM,3.6475409836065573
BORDERLINE1,3.8934426229508197
