index,0
SMOTE,3.3524590163934427
SMOTE_SVM,3.442622950819672
BORDERLINE1,3.540983606557377
GEOSMOTE,3.7868852459016393
DELAUNAY,3.959016393442623
BORDERLINE2,4.213114754098361
ORIGINAL,5.704918032786885
