index,0
DELAUNAY,3.0163934426229506
BORDERLINE2,3.0245901639344264
GEOSMOTE,3.7131147540983607
SMOTE_SVM,3.8278688524590163
SMOTE,4.057377049180328
BORDERLINE1,4.172131147540983
ORIGINAL,6.188524590163935
