index,0
SMOTE_SVM,3.2049180327868854
SMOTE,3.4672131147540983
DELAUNAY,3.4836065573770494
BORDERLINE1,4.098360655737705
GEOSMOTE,4.336065573770492
ORIGINAL,4.5
BORDERLINE2,4.909836065573771
