index,0
BORDERLINE1,2.8524590163934427
BORDERLINE2,2.877049180327869
SMOTE,3.2540983606557377
SMOTE_SVM,3.262295081967213
DELAUNAY,3.262295081967213
ORIGINAL,5.491803278688525
