index,0
SMOTE_SVM,3.401639344262295
SMOTE,3.4344262295081966
BORDERLINE1,3.6639344262295084
ORIGINAL,3.8934426229508197
GEOSMOTE,4.0
DELAUNAY,4.434426229508197
BORDERLINE2,5.172131147540983
