index,0
ORIGINAL,1.778688524590164
SMOTE_SVM,2.598360655737705
BORDERLINE1,3.5245901639344264
SMOTE,3.9672131147540983
DELAUNAY,4.204918032786885
BORDERLINE2,4.926229508196721
