index,0
ORIGINAL,3.0081967213114753
SMOTE,3.3688524590163933
SMOTE_SVM,3.4262295081967213
BORDERLINE1,3.5163934426229506
DELAUNAY,3.639344262295082
BORDERLINE2,4.040983606557377
