index,0
SMOTE,2.9672131147540983
SMOTE_SVM,3.122950819672131
BORDERLINE1,3.3360655737704916
ORIGINAL,3.5655737704918034
BORDERLINE2,3.8360655737704916
DELAUNAY,4.172131147540983
