index,0
SMOTE_SVM,2.860655737704918
SMOTE,3.5163934426229506
ORIGINAL,3.6885245901639343
GEOSMOTE,3.7049180327868854
BORDERLINE1,3.9344262295081966
BORDERLINE2,4.778688524590164
DELAUNAY,5.516393442622951
