index,0
SMOTE_SVM,2.5491803278688523
SMOTE,3.2049180327868854
ORIGINAL,3.4098360655737703
BORDERLINE1,3.581967213114754
DELAUNAY,3.8524590163934427
BORDERLINE2,4.401639344262295
