index,0
SMOTE_SVM,3.0245901639344264
SMOTE,3.0737704918032787
BORDERLINE1,3.1885245901639343
ORIGINAL,3.401639344262295
DELAUNAY,3.9344262295081966
BORDERLINE2,4.377049180327869
