index,0
SMOTE,3.19672131147541
GEOSMOTE,3.2049180327868854
SMOTE_SVM,3.360655737704918
BORDERLINE1,3.459016393442623
BORDERLINE2,4.147540983606557
DELAUNAY,4.491803278688525
ORIGINAL,6.139344262295082
