index,0
ORIGINAL,2.5
SMOTE_SVM,3.0081967213114753
SMOTE,3.319672131147541
BORDERLINE1,3.377049180327869
DELAUNAY,3.8852459016393444
BORDERLINE2,4.909836065573771
