index,0
SMOTE_SVM,3.1065573770491803
BORDERLINE1,3.1147540983606556
ORIGINAL,3.540983606557377
DELAUNAY,3.6475409836065573
SMOTE,3.6721311475409837
BORDERLINE2,3.918032786885246
