index,0
SMOTE,3.1311475409836067
BORDERLINE1,3.5655737704918034
SMOTE_SVM,3.721311475409836
GEOSMOTE,3.901639344262295
BORDERLINE2,4.204918032786885
DELAUNAY,4.245901639344262
ORIGINAL,5.229508196721311
