index,0
SMOTE,3.5
BORDERLINE1,3.622950819672131
DELAUNAY,3.6557377049180326
BORDERLINE2,3.7459016393442623
SMOTE_SVM,3.8442622950819674
GEOSMOTE,3.8934426229508197
ORIGINAL,5.737704918032787
