index,0
ORIGINAL,2.0901639344262297
SMOTE_SVM,2.819672131147541
SMOTE,3.4672131147540983
BORDERLINE1,3.5081967213114753
BORDERLINE2,4.360655737704918
DELAUNAY,4.754098360655738
