index,0
DELAUNAY,2.442622950819672
BORDERLINE2,2.9672131147540983
SMOTE_SVM,3.319672131147541
SMOTE,3.4262295081967213
BORDERLINE1,3.5737704918032787
ORIGINAL,5.270491803278689
