index,0
SMOTE,2.8114754098360657
BORDERLINE1,3.2131147540983607
SMOTE_SVM,3.319672131147541
DELAUNAY,3.377049180327869
BORDERLINE2,3.7540983606557377
ORIGINAL,4.524590163934426
