index,0
ORIGINAL,1.9180327868852458
GEOSMOTE,3.098360655737705
SMOTE_SVM,3.139344262295082
BORDERLINE1,4.114754098360656
SMOTE,4.491803278688525
BORDERLINE2,5.540983606557377
DELAUNAY,5.69672131147541
