index,0
SMOTE_SVM,3.057377049180328
SMOTE,3.1557377049180326
BORDERLINE1,3.2704918032786887
ORIGINAL,3.4344262295081966
DELAUNAY,3.557377049180328
BORDERLINE2,4.524590163934426
