index,0
SMOTE,3.639344262295082
SMOTE_SVM,3.7540983606557377
DELAUNAY,3.7540983606557377
BORDERLINE1,3.9508196721311477
ORIGINAL,3.9836065573770494
GEOSMOTE,4.016393442622951
BORDERLINE2,4.901639344262295
