index,0
SMOTE_SVM,3.0163934426229506
SMOTE,3.377049180327869
GEOSMOTE,3.4262295081967213
DELAUNAY,3.6721311475409837
BORDERLINE1,4.147540983606557
BORDERLINE2,4.844262295081967
ORIGINAL,5.516393442622951
