index,0
DELAUNAY,2.377049180327869
BORDERLINE2,2.8360655737704916
BORDERLINE1,3.1885245901639343
SMOTE,3.4098360655737703
SMOTE_SVM,3.680327868852459
ORIGINAL,5.508196721311475
