index,0
BORDERLINE2,2.737704918032787
SMOTE_SVM,3.081967213114754
SMOTE,3.122950819672131
BORDERLINE1,3.3442622950819674
DELAUNAY,3.5
ORIGINAL,5.213114754098361
