index,0
ORIGINAL,2.5737704918032787
SMOTE,2.7950819672131146
SMOTE_SVM,3.3852459016393444
BORDERLINE1,3.942622950819672
DELAUNAY,4.008196721311475
BORDERLINE2,4.295081967213115
