index,0
DELAUNAY,3.2950819672131146
BORDERLINE2,3.557377049180328
GEOSMOTE,3.6311475409836067
SMOTE_SVM,3.6885245901639343
SMOTE,3.80327868852459
BORDERLINE1,4.540983606557377
ORIGINAL,5.483606557377049
