index,0
BORDERLINE2,2.942622950819672
BORDERLINE1,3.3442622950819674
SMOTE_SVM,3.540983606557377
SMOTE,3.598360655737705
DELAUNAY,3.918032786885246
GEOSMOTE,4.598360655737705
ORIGINAL,6.057377049180328
