index,0
SMOTE_SVM,3.4344262295081966
SMOTE,3.442622950819672
GEOSMOTE,3.6311475409836067
BORDERLINE1,3.680327868852459
DELAUNAY,4.016393442622951
BORDERLINE2,4.19672131147541
ORIGINAL,5.598360655737705
