index,0
BORDERLINE2,3.360655737704918
SMOTE_SVM,3.5163934426229506
GEOSMOTE,3.581967213114754
SMOTE,3.737704918032787
DELAUNAY,3.8114754098360657
BORDERLINE1,4.450819672131147
ORIGINAL,5.540983606557377
