index,0
SMOTE,2.9098360655737703
DELAUNAY,3.3278688524590163
BORDERLINE2,3.4508196721311477
BORDERLINE1,3.6147540983606556
SMOTE_SVM,3.69672131147541
ORIGINAL,4.0
