index,0
SMOTE_SVM,2.9098360655737703
SMOTE,3.180327868852459
ORIGINAL,3.557377049180328
BORDERLINE1,3.6147540983606556
DELAUNAY,3.6639344262295084
BORDERLINE2,4.073770491803279
