index,0
SMOTE,3.319672131147541
GEOSMOTE,3.360655737704918
SMOTE_SVM,3.4918032786885247
BORDERLINE1,3.557377049180328
DELAUNAY,3.819672131147541
BORDERLINE2,4.262295081967213
ORIGINAL,6.188524590163935
