index,0
DELAUNAY,2.737704918032787
SMOTE,3.19672131147541
BORDERLINE1,3.2704918032786887
BORDERLINE2,3.3442622950819674
SMOTE_SVM,3.459016393442623
ORIGINAL,4.991803278688525
