index,0
ORIGINAL,2.4262295081967213
SMOTE_SVM,2.9344262295081966
SMOTE,3.1721311475409837
BORDERLINE1,3.2704918032786887
DELAUNAY,4.442622950819672
BORDERLINE2,4.754098360655738
