index,0
SMOTE,3.5163934426229506
GEOSMOTE,3.6475409836065573
DELAUNAY,3.721311475409836
ORIGINAL,3.959016393442623
SMOTE_SVM,4.180327868852459
BORDERLINE2,4.409836065573771
BORDERLINE1,4.565573770491803
