index,0
ORIGINAL,2.2950819672131146
SMOTE_SVM,3.3524590163934427
GEOSMOTE,3.4508196721311477
DELAUNAY,4.090163934426229
BORDERLINE1,4.131147540983607
SMOTE,4.868852459016393
BORDERLINE2,5.811475409836065
