index,0
SMOTE,2.6557377049180326
SMOTE_SVM,3.2459016393442623
ORIGINAL,3.5
DELAUNAY,3.8114754098360657
BORDERLINE1,3.860655737704918
BORDERLINE2,3.9262295081967213
