index,0
BORDERLINE2,2.721311475409836
SMOTE_SVM,3.0737704918032787
SMOTE,3.1147540983606556
BORDERLINE1,3.30327868852459
DELAUNAY,3.540983606557377
ORIGINAL,5.245901639344262
