index,0
ORIGINAL,2.4262295081967213
SMOTE_SVM,3.4344262295081966
GEOSMOTE,3.459016393442623
SMOTE,4.024590163934426
BORDERLINE1,4.114754098360656
BORDERLINE2,5.180327868852459
DELAUNAY,5.360655737704918
