index,0
ORIGINAL,2.598360655737705
SMOTE_SVM,2.7295081967213113
SMOTE,3.30327868852459
BORDERLINE1,3.5163934426229506
DELAUNAY,3.8278688524590163
BORDERLINE2,5.024590163934426
