index,0
SMOTE,2.9098360655737703
SMOTE_SVM,3.0491803278688523
BORDERLINE1,3.0737704918032787
DELAUNAY,3.2540983606557377
BORDERLINE2,3.69672131147541
ORIGINAL,5.016393442622951
