index,0
BORDERLINE1,3.098360655737705
SMOTE,3.1147540983606556
BORDERLINE2,3.2131147540983607
DELAUNAY,3.3114754098360657
SMOTE_SVM,3.360655737704918
ORIGINAL,4.901639344262295
