index,0
ORIGINAL,2.877049180327869
DELAUNAY,3.0245901639344264
SMOTE,3.1639344262295084
SMOTE_SVM,3.4344262295081966
BORDERLINE1,3.819672131147541
BORDERLINE2,4.680327868852459
