index,0
SMOTE,2.918032786885246
SMOTE_SVM,3.0081967213114753
BORDERLINE1,3.0163934426229506
DELAUNAY,3.5081967213114753
BORDERLINE2,3.6065573770491803
ORIGINAL,4.942622950819672
