index,0
DELAUNAY,2.5491803278688523
BORDERLINE2,3.0737704918032787
SMOTE_SVM,3.2459016393442623
SMOTE,3.319672131147541
BORDERLINE1,3.9262295081967213
ORIGINAL,4.885245901639344
