index,0
ORIGINAL,3.319672131147541
SMOTE,3.762295081967213
SMOTE_SVM,3.9262295081967213
BORDERLINE1,3.9344262295081966
GEOSMOTE,4.065573770491803
DELAUNAY,4.319672131147541
BORDERLINE2,4.672131147540983
