index,0
SMOTE_SVM,2.7868852459016393
SMOTE,3.0163934426229506
BORDERLINE2,3.4754098360655736
BORDERLINE1,3.5901639344262297
DELAUNAY,3.598360655737705
ORIGINAL,4.532786885245901
