index,0
DELAUNAY,2.7950819672131146
BORDERLINE2,2.8278688524590163
SMOTE_SVM,3.278688524590164
SMOTE,3.3524590163934427
BORDERLINE1,3.5491803278688523
ORIGINAL,5.19672131147541
