index,0
SMOTE_SVM,2.7868852459016393
ORIGINAL,2.9508196721311477
SMOTE,3.081967213114754
BORDERLINE1,3.6639344262295084
BORDERLINE2,4.237704918032787
DELAUNAY,4.278688524590164
