index,0
BORDERLINE2,2.8442622950819674
BORDERLINE1,3.221311475409836
SMOTE,3.3852459016393444
SMOTE_SVM,3.877049180327869
DELAUNAY,3.901639344262295
GEOSMOTE,4.344262295081967
ORIGINAL,6.426229508196721
