index,0
ORIGINAL,2.0327868852459017
SMOTE_SVM,2.721311475409836
BORDERLINE1,3.4918032786885247
DELAUNAY,3.721311475409836
SMOTE,4.147540983606557
BORDERLINE2,4.885245901639344
