index,0
SMOTE_SVM,2.7704918032786887
SMOTE,3.1557377049180326
DELAUNAY,3.2540983606557377
BORDERLINE2,3.4672131147540983
BORDERLINE1,3.6885245901639343
ORIGINAL,4.663934426229508
