index,0
SMOTE_SVM,3.2049180327868854
ORIGINAL,3.3688524590163933
SMOTE,3.4672131147540983
BORDERLINE1,4.172131147540983
GEOSMOTE,4.368852459016393
DELAUNAY,4.491803278688525
BORDERLINE2,4.926229508196721
