index,0
ORIGINAL,3.0655737704918034
SMOTE,3.442622950819672
GEOSMOTE,3.7295081967213113
SMOTE_SVM,4.065573770491803
DELAUNAY,4.114754098360656
BORDERLINE1,4.565573770491803
BORDERLINE2,5.016393442622951
