index,0
SMOTE_SVM,2.5
SMOTE,3.139344262295082
ORIGINAL,3.2868852459016393
BORDERLINE1,3.4508196721311477
BORDERLINE2,4.213114754098361
DELAUNAY,4.409836065573771
