index,0
SMOTE_SVM,2.9098360655737703
SMOTE,3.1475409836065573
BORDERLINE1,3.8442622950819674
GEOSMOTE,3.959016393442623
ORIGINAL,4.336065573770492
BORDERLINE2,4.614754098360656
DELAUNAY,5.188524590163935
