index,0
SMOTE,3.0163934426229506
BORDERLINE1,3.4754098360655736
SMOTE_SVM,3.557377049180328
GEOSMOTE,3.8524590163934427
BORDERLINE2,3.9672131147540983
DELAUNAY,4.270491803278689
ORIGINAL,5.860655737704918
