index,0
SMOTE,3.4262295081967213
SMOTE_SVM,3.4262295081967213
GEOSMOTE,3.6311475409836067
BORDERLINE1,3.69672131147541
DELAUNAY,3.9508196721311477
BORDERLINE2,4.213114754098361
ORIGINAL,5.655737704918033
