index,0
SMOTE_SVM,3.1147540983606556
ORIGINAL,3.3524590163934427
SMOTE,3.3934426229508197
BORDERLINE1,4.131147540983607
GEOSMOTE,4.327868852459017
DELAUNAY,4.811475409836065
BORDERLINE2,4.868852459016393
