index,0
SMOTE,2.8934426229508197
BORDERLINE2,3.401639344262295
DELAUNAY,3.5081967213114753
BORDERLINE1,3.5491803278688523
SMOTE_SVM,3.6557377049180326
ORIGINAL,3.9918032786885247
