index,0
SMOTE,2.9098360655737703
ORIGINAL,3.139344262295082
SMOTE_SVM,3.598360655737705
BORDERLINE2,3.7295081967213113
BORDERLINE1,3.7868852459016393
DELAUNAY,3.8360655737704916
