index,0
SMOTE_SVM,2.942622950819672
SMOTE,3.2131147540983607
DELAUNAY,3.3442622950819674
ORIGINAL,3.5901639344262297
BORDERLINE1,3.7131147540983607
BORDERLINE2,4.19672131147541
