index,0
BORDERLINE2,2.6639344262295084
SMOTE_SVM,2.9672131147540983
SMOTE,2.9836065573770494
BORDERLINE1,3.2540983606557377
DELAUNAY,3.9344262295081966
ORIGINAL,5.19672131147541
