index,0
SMOTE,2.9262295081967213
DELAUNAY,3.0
SMOTE_SVM,3.2131147540983607
BORDERLINE1,3.69672131147541
BORDERLINE2,3.819672131147541
ORIGINAL,4.344262295081967
