index,0
SMOTE,3.1885245901639343
BORDERLINE1,3.5491803278688523
SMOTE_SVM,3.8114754098360657
DELAUNAY,3.9508196721311477
GEOSMOTE,3.9836065573770494
BORDERLINE2,4.278688524590164
ORIGINAL,5.237704918032787
