index,0
ORIGINAL,2.3442622950819674
SMOTE_SVM,2.877049180327869
SMOTE,3.0491803278688523
BORDERLINE1,3.1885245901639343
BORDERLINE2,4.524590163934426
DELAUNAY,5.016393442622951
