index,0
ORIGINAL,3.0901639344262297
SMOTE,3.401639344262295
SMOTE_SVM,3.8114754098360657
DELAUNAY,3.9098360655737703
BORDERLINE1,4.19672131147541
GEOSMOTE,4.336065573770492
BORDERLINE2,5.254098360655738
