index,0
SMOTE_SVM,3.5081967213114753
SMOTE,3.639344262295082
DELAUNAY,3.69672131147541
BORDERLINE1,3.7868852459016393
ORIGINAL,3.9672131147540983
GEOSMOTE,4.098360655737705
BORDERLINE2,5.30327868852459
