index,0
SMOTE,3.1065573770491803
DELAUNAY,3.19672131147541
ORIGINAL,3.2704918032786887
BORDERLINE2,3.7540983606557377
SMOTE_SVM,3.8114754098360657
BORDERLINE1,3.860655737704918
