index,0
SMOTE,2.918032786885246
ORIGINAL,3.360655737704918
SMOTE_SVM,3.442622950819672
DELAUNAY,3.6885245901639343
BORDERLINE2,3.778688524590164
BORDERLINE1,3.8114754098360657
