index,0
SMOTE,3.360655737704918
GEOSMOTE,3.4918032786885247
DELAUNAY,3.5245901639344264
SMOTE_SVM,3.7295081967213113
BORDERLINE1,4.352459016393443
BORDERLINE2,4.475409836065574
ORIGINAL,5.065573770491803
