index,0
ORIGINAL,1.9754098360655739
SMOTE_SVM,2.6065573770491803
BORDERLINE1,3.401639344262295
SMOTE,4.016393442622951
DELAUNAY,4.155737704918033
BORDERLINE2,4.844262295081967
