index,0
SMOTE,2.6639344262295084
BORDERLINE1,3.1147540983606556
SMOTE_SVM,3.2459016393442623
BORDERLINE2,3.6885245901639343
DELAUNAY,3.7950819672131146
ORIGINAL,4.491803278688525
