index,0
BORDERLINE2,2.581967213114754
DELAUNAY,2.6639344262295084
BORDERLINE1,3.1065573770491803
SMOTE,3.2868852459016393
SMOTE_SVM,3.639344262295082
ORIGINAL,5.721311475409836
