index,0
SMOTE_SVM,2.8114754098360657
SMOTE,3.139344262295082
DELAUNAY,3.2704918032786887
BORDERLINE2,3.459016393442623
BORDERLINE1,3.7049180327868854
ORIGINAL,4.614754098360656
