index,0
SMOTE,3.4098360655737703
SMOTE_SVM,3.459016393442623
BORDERLINE1,3.540983606557377
DELAUNAY,3.762295081967213
GEOSMOTE,3.860655737704918
BORDERLINE2,4.245901639344262
ORIGINAL,5.721311475409836
