index,0
SMOTE_SVM,3.2459016393442623
BORDERLINE1,3.6147540983606556
SMOTE,3.680327868852459
GEOSMOTE,4.139344262295082
ORIGINAL,4.180327868852459
BORDERLINE2,4.442622950819672
DELAUNAY,4.69672131147541
