index,0
ORIGINAL,2.8114754098360657
SMOTE_SVM,2.901639344262295
SMOTE,3.4672131147540983
BORDERLINE1,3.6639344262295084
GEOSMOTE,3.7131147540983607
BORDERLINE2,5.336065573770492
DELAUNAY,6.10655737704918
