index,0
SMOTE,2.8360655737704916
BORDERLINE2,3.3278688524590163
BORDERLINE1,3.4344262295081966
SMOTE_SVM,3.5655737704918034
ORIGINAL,3.7868852459016393
DELAUNAY,4.049180327868853
