index,0
SMOTE_SVM,2.901639344262295
SMOTE,3.180327868852459
ORIGINAL,3.540983606557377
DELAUNAY,3.6065573770491803
BORDERLINE1,3.6557377049180326
BORDERLINE2,4.114754098360656
