index,0
DELAUNAY,2.80327868852459
BORDERLINE2,2.901639344262295
SMOTE_SVM,3.2295081967213113
SMOTE,3.3278688524590163
BORDERLINE1,3.5327868852459017
ORIGINAL,5.204918032786885
