index,0
BORDERLINE1,2.7950819672131146
SMOTE,3.0655737704918034
BORDERLINE2,3.081967213114754
SMOTE_SVM,3.180327868852459
DELAUNAY,3.360655737704918
ORIGINAL,5.516393442622951
