index,0
BORDERLINE2,2.377049180327869
SMOTE_SVM,3.098360655737705
SMOTE,3.2131147540983607
BORDERLINE1,3.3360655737704916
DELAUNAY,3.721311475409836
ORIGINAL,5.254098360655738
