index,0
SMOTE_SVM,3.2868852459016393
SMOTE,3.3114754098360657
BORDERLINE1,3.557377049180328
ORIGINAL,3.7459016393442623
GEOSMOTE,3.7704918032786887
BORDERLINE2,4.868852459016393
DELAUNAY,5.459016393442623
