index,0
SMOTE_SVM,2.778688524590164
ORIGINAL,2.942622950819672
SMOTE,3.1065573770491803
BORDERLINE1,3.639344262295082
BORDERLINE2,4.262295081967213
DELAUNAY,4.270491803278689
