index,0
SMOTE_SVM,2.80327868852459
ORIGINAL,2.918032786885246
SMOTE,3.442622950819672
BORDERLINE1,3.540983606557377
DELAUNAY,3.8688524590163933
BORDERLINE2,4.426229508196721
