index,0
DELAUNAY,2.639344262295082
BORDERLINE2,2.9508196721311477
SMOTE_SVM,3.262295081967213
SMOTE,3.3524590163934427
BORDERLINE1,3.598360655737705
ORIGINAL,5.19672131147541
