index,0
SMOTE,3.0327868852459017
SMOTE_SVM,3.1311475409836067
BORDERLINE1,3.278688524590164
ORIGINAL,3.6147540983606556
BORDERLINE2,3.860655737704918
DELAUNAY,4.081967213114754
