index,0
SMOTE,3.4918032786885247
GEOSMOTE,3.6065573770491803
DELAUNAY,3.8852459016393444
ORIGINAL,3.9672131147540983
SMOTE_SVM,4.163934426229508
BORDERLINE2,4.360655737704918
BORDERLINE1,4.524590163934426
