index,0
BORDERLINE2,2.8934426229508197
DELAUNAY,3.0163934426229506
SMOTE_SVM,3.040983606557377
SMOTE,3.2868852459016393
BORDERLINE1,3.9098360655737703
ORIGINAL,4.852459016393443
