index,0
SMOTE,3.2049180327868854
BORDERLINE1,3.6147540983606556
DELAUNAY,3.6147540983606556
SMOTE_SVM,3.69672131147541
GEOSMOTE,3.942622950819672
BORDERLINE2,4.032786885245901
ORIGINAL,5.89344262295082
