index,0
BORDERLINE2,2.8688524590163933
GEOSMOTE,3.6147540983606556
SMOTE_SVM,3.6475409836065573
SMOTE,3.8360655737704916
DELAUNAY,3.877049180327869
BORDERLINE1,3.9918032786885247
ORIGINAL,6.163934426229508
