index,0
SMOTE_SVM,3.3852459016393444
BORDERLINE1,3.69672131147541
SMOTE,3.8114754098360657
DELAUNAY,4.016393442622951
GEOSMOTE,4.229508196721311
ORIGINAL,4.262295081967213
BORDERLINE2,4.598360655737705
