index,0
BORDERLINE1,3.2950819672131146
BORDERLINE2,3.3442622950819674
GEOSMOTE,3.7131147540983607
DELAUNAY,3.7131147540983607
SMOTE_SVM,3.7295081967213113
SMOTE,3.80327868852459
ORIGINAL,6.401639344262295
