index,0
ORIGINAL,2.7459016393442623
SMOTE_SVM,2.8114754098360657
SMOTE,3.377049180327869
DELAUNAY,3.4836065573770494
BORDERLINE1,3.598360655737705
BORDERLINE2,4.983606557377049
