index,0
SMOTE_SVM,3.4344262295081966
GEOSMOTE,3.557377049180328
SMOTE,3.7540983606557377
DELAUNAY,3.8934426229508197
ORIGINAL,4.10655737704918
BORDERLINE1,4.368852459016393
BORDERLINE2,4.885245901639344
