index,0
SMOTE,3.3524590163934427
GEOSMOTE,3.360655737704918
SMOTE_SVM,3.5081967213114753
BORDERLINE1,3.5737704918032787
DELAUNAY,3.7295081967213113
BORDERLINE2,4.286885245901639
ORIGINAL,6.188524590163935
