index,0
SMOTE,3.2704918032786887
GEOSMOTE,3.401639344262295
SMOTE_SVM,3.6721311475409837
DELAUNAY,3.80327868852459
BORDERLINE1,4.30327868852459
BORDERLINE2,4.491803278688525
ORIGINAL,5.057377049180328
