index,0
ORIGINAL,3.4672131147540983
SMOTE,3.69672131147541
SMOTE_SVM,4.0
DELAUNAY,4.114754098360656
BORDERLINE2,4.172131147540983
GEOSMOTE,4.204918032786885
BORDERLINE1,4.344262295081967
