index,0
SMOTE,3.057377049180328
SMOTE_SVM,3.0737704918032787
DELAUNAY,3.0901639344262297
BORDERLINE1,3.221311475409836
BORDERLINE2,3.6639344262295084
ORIGINAL,4.89344262295082
