index,0
SMOTE,2.7704918032786887
DELAUNAY,3.2540983606557377
SMOTE_SVM,3.3360655737704916
ORIGINAL,3.6885245901639343
BORDERLINE1,3.9672131147540983
BORDERLINE2,3.9836065573770494
