index,0
SMOTE_SVM,2.9918032786885247
SMOTE,3.2540983606557377
GEOSMOTE,3.319672131147541
BORDERLINE1,4.024590163934426
DELAUNAY,4.172131147540983
BORDERLINE2,4.754098360655738
ORIGINAL,5.483606557377049
