index,0
SMOTE,2.9672131147540983
SMOTE_SVM,3.0
BORDERLINE1,3.2295081967213113
DELAUNAY,3.3360655737704916
BORDERLINE2,3.598360655737705
ORIGINAL,4.868852459016393
