index,0
SMOTE,2.680327868852459
BORDERLINE1,2.9918032786885247
SMOTE_SVM,3.0901639344262297
BORDERLINE2,3.3852459016393444
DELAUNAY,3.8114754098360657
ORIGINAL,5.040983606557377
