index,0
SMOTE,3.0163934426229506
DELAUNAY,3.2295081967213113
ORIGINAL,3.4344262295081966
SMOTE_SVM,3.540983606557377
BORDERLINE2,3.8278688524590163
BORDERLINE1,3.9508196721311477
