index,0
ORIGINAL,2.8688524590163933
DELAUNAY,3.1147540983606556
SMOTE,3.1311475409836067
SMOTE_SVM,3.4508196721311477
BORDERLINE1,3.877049180327869
BORDERLINE2,4.557377049180328
