index,0
ORIGINAL,1.959016393442623
SMOTE_SVM,2.6557377049180326
BORDERLINE1,3.3688524590163933
SMOTE,3.9262295081967213
DELAUNAY,4.483606557377049
BORDERLINE2,4.60655737704918
