index,0
ORIGINAL,2.8852459016393444
GEOSMOTE,3.4836065573770494
SMOTE,3.5081967213114753
SMOTE_SVM,4.057377049180328
DELAUNAY,4.163934426229508
BORDERLINE1,4.737704918032787
BORDERLINE2,5.163934426229508
