index,0
SMOTE,3.0327868852459017
DELAUNAY,3.1311475409836067
SMOTE_SVM,3.1639344262295084
BORDERLINE1,3.19672131147541
BORDERLINE2,3.6311475409836067
ORIGINAL,4.844262295081967
