index,0
ORIGINAL,2.5
SMOTE_SVM,3.1885245901639343
SMOTE,3.377049180327869
BORDERLINE1,3.4508196721311477
DELAUNAY,3.5327868852459017
BORDERLINE2,4.950819672131147
