index,0
ORIGINAL,2.6147540983606556
SMOTE,3.0
DELAUNAY,3.377049180327869
SMOTE_SVM,3.4754098360655736
BORDERLINE1,4.073770491803279
BORDERLINE2,4.459016393442623
