index,0
SMOTE_SVM,2.9098360655737703
BORDERLINE1,3.1147540983606556
SMOTE,3.237704918032787
ORIGINAL,3.7131147540983607
BORDERLINE2,3.8852459016393444
DELAUNAY,4.139344262295082
