index,0
BORDERLINE2,2.959016393442623
SMOTE_SVM,3.0491803278688523
SMOTE,3.1475409836065573
DELAUNAY,3.19672131147541
BORDERLINE1,3.8688524590163933
ORIGINAL,4.778688524590164
