index,0
ORIGINAL,3.5327868852459017
SMOTE,3.7540983606557377
DELAUNAY,3.877049180327869
SMOTE_SVM,4.057377049180328
BORDERLINE2,4.204918032786885
GEOSMOTE,4.221311475409836
BORDERLINE1,4.352459016393443
