index,0
SMOTE,3.098360655737705
SMOTE_SVM,3.262295081967213
BORDERLINE1,3.442622950819672
DELAUNAY,3.622950819672131
ORIGINAL,3.6639344262295084
BORDERLINE2,3.9098360655737703
