index,0
ORIGINAL,3.0245901639344264
GEOSMOTE,3.4508196721311477
SMOTE,3.5491803278688523
DELAUNAY,3.9508196721311477
SMOTE_SVM,4.131147540983607
BORDERLINE1,4.745901639344262
BORDERLINE2,5.147540983606557
