index,0
ORIGINAL,3.0901639344262297
SMOTE,3.3360655737704916
SMOTE_SVM,3.7131147540983607
BORDERLINE1,4.114754098360656
GEOSMOTE,4.245901639344262
DELAUNAY,4.590163934426229
BORDERLINE2,4.909836065573771
