index,0
SMOTE_SVM,3.4344262295081966
DELAUNAY,3.721311475409836
BORDERLINE1,3.7459016393442623
SMOTE,3.8524590163934427
GEOSMOTE,4.295081967213115
ORIGINAL,4.336065573770492
BORDERLINE2,4.614754098360656
