index,0
BORDERLINE2,2.459016393442623
BORDERLINE1,2.7868852459016393
SMOTE,2.959016393442623
SMOTE_SVM,3.3278688524590163
DELAUNAY,4.008196721311475
ORIGINAL,5.459016393442623
