index,0
SMOTE,3.4754098360655736
SMOTE_SVM,3.557377049180328
GEOSMOTE,3.737704918032787
BORDERLINE1,3.7459016393442623
ORIGINAL,4.155737704918033
BORDERLINE2,4.508196721311475
DELAUNAY,4.819672131147541
