index,0
SMOTE_SVM,2.6147540983606556
SMOTE,3.1557377049180326
ORIGINAL,3.3688524590163933
BORDERLINE1,3.5081967213114753
DELAUNAY,4.065573770491803
BORDERLINE2,4.286885245901639
