index,0
ORIGINAL,2.9918032786885247
SMOTE,3.2868852459016393
SMOTE_SVM,3.4508196721311477
BORDERLINE1,3.5163934426229506
DELAUNAY,3.6475409836065573
BORDERLINE2,4.10655737704918
