index,0
ORIGINAL,2.459016393442623
SMOTE,2.9098360655737703
SMOTE_SVM,3.377049180327869
DELAUNAY,3.8360655737704916
BORDERLINE1,4.024590163934426
BORDERLINE2,4.39344262295082
