index,0
SMOTE,3.3114754098360657
GEOSMOTE,3.401639344262295
DELAUNAY,3.6475409836065573
SMOTE_SVM,3.721311475409836
BORDERLINE1,4.409836065573771
BORDERLINE2,4.450819672131147
ORIGINAL,5.057377049180328
