index,0
SMOTE_SVM,2.8114754098360657
ORIGINAL,2.9262295081967213
BORDERLINE1,3.4508196721311477
SMOTE,3.459016393442623
DELAUNAY,4.0
BORDERLINE2,4.352459016393443
