index,0
ORIGINAL,3.4836065573770494
SMOTE,3.721311475409836
DELAUNAY,3.8688524590163933
SMOTE_SVM,4.057377049180328
BORDERLINE2,4.19672131147541
GEOSMOTE,4.221311475409836
BORDERLINE1,4.450819672131147
