index,0
BORDERLINE1,2.7868852459016393
BORDERLINE2,2.8360655737704916
SMOTE,3.1311475409836067
SMOTE_SVM,3.139344262295082
DELAUNAY,3.639344262295082
ORIGINAL,5.467213114754099
