index,0
SMOTE_SVM,3.3852459016393444
GEOSMOTE,3.459016393442623
SMOTE,3.6639344262295084
ORIGINAL,4.032786885245901
BORDERLINE1,4.245901639344262
DELAUNAY,4.426229508196721
BORDERLINE2,4.786885245901639
