index,0
ORIGINAL,3.1147540983606556
SMOTE_SVM,3.122950819672131
GEOSMOTE,3.7131147540983607
SMOTE,3.80327868852459
BORDERLINE1,3.9262295081967213
BORDERLINE2,4.860655737704918
DELAUNAY,5.459016393442623
