index,0
SMOTE,3.0
DELAUNAY,3.180327868852459
SMOTE_SVM,3.1885245901639343
BORDERLINE1,3.19672131147541
BORDERLINE2,3.5491803278688523
ORIGINAL,4.885245901639344
