index,0
SMOTE,2.901639344262295
DELAUNAY,3.0491803278688523
BORDERLINE1,3.262295081967213
SMOTE_SVM,3.360655737704918
BORDERLINE2,3.8524590163934427
ORIGINAL,4.573770491803279
