index,0
SMOTE_SVM,3.1557377049180326
SMOTE,3.3688524590163933
DELAUNAY,3.8688524590163933
BORDERLINE1,4.016393442622951
GEOSMOTE,4.213114754098361
ORIGINAL,4.524590163934426
BORDERLINE2,4.852459016393443
