index,0
BORDERLINE1,3.540983606557377
SMOTE_SVM,3.598360655737705
GEOSMOTE,3.8278688524590163
ORIGINAL,4.008196721311475
SMOTE,4.204918032786885
DELAUNAY,4.377049180327869
BORDERLINE2,4.442622950819672
