index,0
SMOTE,2.8524590163934427
BORDERLINE2,3.442622950819672
DELAUNAY,3.5163934426229506
BORDERLINE1,3.557377049180328
SMOTE_SVM,3.7049180327868854
ORIGINAL,3.9262295081967213
