index,0
SMOTE,3.1147540983606556
BORDERLINE1,3.540983606557377
SMOTE_SVM,3.5901639344262297
GEOSMOTE,3.877049180327869
DELAUNAY,3.959016393442623
BORDERLINE2,3.9836065573770494
ORIGINAL,5.934426229508197
