index,0
ORIGINAL,3.0245901639344264
SMOTE_SVM,3.1885245901639343
SMOTE,3.7704918032786887
GEOSMOTE,4.008196721311475
BORDERLINE1,4.024590163934426
DELAUNAY,4.278688524590164
BORDERLINE2,5.704918032786885
