index,0
DELAUNAY,2.918032786885246
SMOTE,3.3688524590163933
BORDERLINE2,3.5245901639344264
ORIGINAL,3.5327868852459017
SMOTE_SVM,3.5327868852459017
BORDERLINE1,4.122950819672131
