index,0
SMOTE,3.0
ORIGINAL,3.19672131147541
DELAUNAY,3.3360655737704916
SMOTE_SVM,3.7950819672131146
BORDERLINE2,3.8114754098360657
BORDERLINE1,3.860655737704918
