index,0
ORIGINAL,3.098360655737705
SMOTE,3.3114754098360657
DELAUNAY,3.557377049180328
BORDERLINE2,3.581967213114754
SMOTE_SVM,3.622950819672131
BORDERLINE1,3.8278688524590163
