index,0
BORDERLINE2,2.8688524590163933
DELAUNAY,3.081967213114754
SMOTE_SVM,3.139344262295082
SMOTE,3.2540983606557377
BORDERLINE1,3.459016393442623
ORIGINAL,5.19672131147541
