index,0
ORIGINAL,2.2540983606557377
SMOTE_SVM,3.1639344262295084
GEOSMOTE,3.2540983606557377
BORDERLINE1,3.9836065573770494
SMOTE,4.754098360655738
DELAUNAY,4.885245901639344
BORDERLINE2,5.704918032786885
