index,0
BORDERLINE1,3.4262295081967213
SMOTE_SVM,3.442622950819672
GEOSMOTE,3.6639344262295084
ORIGINAL,3.918032786885246
SMOTE,4.10655737704918
BORDERLINE2,4.237704918032787
DELAUNAY,5.204918032786885
