index,0
BORDERLINE2,2.737704918032787
DELAUNAY,3.057377049180328
SMOTE_SVM,3.221311475409836
SMOTE,3.278688524590164
BORDERLINE1,3.4508196721311477
ORIGINAL,5.254098360655738
