index,0
DELAUNAY,3.3934426229508197
SMOTE,3.401639344262295
GEOSMOTE,3.5081967213114753
SMOTE_SVM,3.778688524590164
BORDERLINE1,4.352459016393443
BORDERLINE2,4.483606557377049
ORIGINAL,5.081967213114754
