index,0
SMOTE,3.098360655737705
BORDERLINE1,3.1311475409836067
DELAUNAY,3.1311475409836067
BORDERLINE2,3.2868852459016393
SMOTE_SVM,3.377049180327869
ORIGINAL,4.975409836065574
