index,0
ORIGINAL,3.5
SMOTE,3.7459016393442623
DELAUNAY,4.032786885245901
SMOTE_SVM,4.057377049180328
BORDERLINE2,4.139344262295082
GEOSMOTE,4.180327868852459
BORDERLINE1,4.344262295081967
