index,0
SMOTE,3.0491803278688523
BORDERLINE2,3.778688524590164
BORDERLINE1,3.8360655737704916
SMOTE_SVM,3.9262295081967213
ORIGINAL,4.155737704918033
DELAUNAY,4.598360655737705
GEOSMOTE,4.655737704918033
