index,0
BORDERLINE1,2.7459016393442623
BORDERLINE2,2.7868852459016393
SMOTE,3.0163934426229506
SMOTE_SVM,3.122950819672131
DELAUNAY,3.8524590163934427
ORIGINAL,5.475409836065574
