index,0
ORIGINAL,2.5245901639344264
SMOTE_SVM,3.639344262295082
GEOSMOTE,3.6639344262295084
SMOTE,4.213114754098361
BORDERLINE1,4.270491803278689
DELAUNAY,4.319672131147541
BORDERLINE2,5.368852459016393
