index,0
ORIGINAL,3.081967213114754
SMOTE,3.3524590163934427
SMOTE_SVM,3.680327868852459
BORDERLINE1,4.139344262295082
GEOSMOTE,4.163934426229508
DELAUNAY,4.69672131147541
BORDERLINE2,4.885245901639344
