index,0
SMOTE_SVM,2.9672131147540983
SMOTE,3.2049180327868854
DELAUNAY,3.401639344262295
ORIGINAL,3.581967213114754
BORDERLINE1,3.7049180327868854
BORDERLINE2,4.139344262295082
