index,0
ORIGINAL,3.081967213114754
SMOTE,3.2868852459016393
DELAUNAY,3.4344262295081966
SMOTE_SVM,3.622950819672131
BORDERLINE2,3.639344262295082
BORDERLINE1,3.9344262295081966
