index,0
BORDERLINE2,2.6639344262295084
BORDERLINE1,3.1147540983606556
DELAUNAY,3.2049180327868854
SMOTE_SVM,3.2950819672131146
SMOTE,3.3442622950819674
ORIGINAL,5.377049180327869
