index,0
SMOTE,3.221311475409836
DELAUNAY,3.5163934426229506
BORDERLINE2,3.9508196721311477
BORDERLINE1,4.008196721311475
SMOTE_SVM,4.10655737704918
ORIGINAL,4.352459016393443
GEOSMOTE,4.844262295081967
