index,0
BORDERLINE2,2.8360655737704916
BORDERLINE1,3.221311475409836
SMOTE_SVM,3.418032786885246
SMOTE,3.5163934426229506
GEOSMOTE,4.483606557377049
DELAUNAY,4.508196721311475
ORIGINAL,6.016393442622951
