index,0
BORDERLINE2,2.581967213114754
DELAUNAY,2.7540983606557377
BORDERLINE1,3.0655737704918034
SMOTE,3.237704918032787
SMOTE_SVM,3.6311475409836067
ORIGINAL,5.729508196721311
