index,0
SMOTE,3.19672131147541
DELAUNAY,3.680327868852459
BORDERLINE1,3.69672131147541
SMOTE_SVM,3.80327868852459
GEOSMOTE,4.065573770491803
BORDERLINE2,4.352459016393443
ORIGINAL,5.204918032786885
