index,0
SMOTE,3.3934426229508197
SMOTE_SVM,3.4754098360655736
BORDERLINE1,3.540983606557377
DELAUNAY,3.7950819672131146
GEOSMOTE,3.80327868852459
BORDERLINE2,4.262295081967213
ORIGINAL,5.729508196721311
