index,0
BORDERLINE2,2.877049180327869
SMOTE_SVM,3.0081967213114753
SMOTE,3.1721311475409837
DELAUNAY,3.2950819672131146
BORDERLINE1,3.819672131147541
ORIGINAL,4.827868852459017
