index,0
ORIGINAL,3.139344262295082
SMOTE,3.4754098360655736
DELAUNAY,3.7295081967213113
SMOTE_SVM,3.7950819672131146
BORDERLINE1,4.19672131147541
GEOSMOTE,4.360655737704918
BORDERLINE2,5.30327868852459
