index,0
SMOTE,3.3852459016393444
SMOTE_SVM,3.4672131147540983
BORDERLINE1,3.5
GEOSMOTE,3.80327868852459
DELAUNAY,3.8688524590163933
BORDERLINE2,4.245901639344262
ORIGINAL,5.729508196721311
