index,0
SMOTE,2.8524590163934427
SMOTE_SVM,2.9918032786885247
BORDERLINE1,3.1147540983606556
BORDERLINE2,3.3934426229508197
DELAUNAY,3.778688524590164
ORIGINAL,4.868852459016393
