index,0
SMOTE,3.1311475409836067
SMOTE_SVM,3.2295081967213113
BORDERLINE1,3.442622950819672
DELAUNAY,3.4672131147540983
ORIGINAL,3.7131147540983607
BORDERLINE2,4.016393442622951
