index,0
DELAUNAY,2.7540983606557377
SMOTE,2.9508196721311477
BORDERLINE1,3.2704918032786887
SMOTE_SVM,3.2950819672131146
BORDERLINE2,3.639344262295082
ORIGINAL,5.090163934426229
