index,0
BORDERLINE2,2.9098360655737703
DELAUNAY,3.442622950819672
GEOSMOTE,3.6721311475409837
SMOTE_SVM,3.7295081967213113
SMOTE,3.9918032786885247
BORDERLINE1,4.081967213114754
ORIGINAL,6.172131147540983
