index,0
SMOTE,3.2704918032786887
DELAUNAY,3.278688524590164
SMOTE_SVM,3.442622950819672
BORDERLINE2,3.4508196721311477
ORIGINAL,3.459016393442623
BORDERLINE1,4.098360655737705
