index,0
DELAUNAY,3.5245901639344264
ORIGINAL,3.5737704918032787
SMOTE,3.8524590163934427
SMOTE_SVM,4.122950819672131
GEOSMOTE,4.19672131147541
BORDERLINE2,4.245901639344262
BORDERLINE1,4.483606557377049
