index,0
SMOTE_SVM,2.8852459016393444
ORIGINAL,2.9344262295081966
SMOTE,3.4508196721311477
BORDERLINE1,3.459016393442623
DELAUNAY,3.8688524590163933
BORDERLINE2,4.401639344262295
