index,0
ORIGINAL,2.778688524590164
SMOTE_SVM,3.319672131147541
SMOTE,3.581967213114754
BORDERLINE1,3.7459016393442623
GEOSMOTE,3.9918032786885247
DELAUNAY,5.221311475409836
BORDERLINE2,5.360655737704918
