index,0
BORDERLINE2,2.598360655737705
BORDERLINE1,2.9918032786885247
SMOTE,3.1557377049180326
DELAUNAY,3.262295081967213
SMOTE_SVM,3.5
ORIGINAL,5.491803278688525
