index,0
SMOTE_SVM,3.278688524590164
SMOTE,3.401639344262295
BORDERLINE1,3.6475409836065573
ORIGINAL,3.8442622950819674
GEOSMOTE,3.9098360655737703
DELAUNAY,4.89344262295082
BORDERLINE2,5.024590163934426
