index,0
SMOTE_SVM,2.9754098360655736
SMOTE,3.8114754098360657
ORIGINAL,3.8934426229508197
GEOSMOTE,3.9836065573770494
DELAUNAY,4.131147540983607
BORDERLINE1,4.172131147540983
BORDERLINE2,5.032786885245901
