index,0
BORDERLINE1,3.19672131147541
BORDERLINE2,3.2459016393442623
GEOSMOTE,3.5327868852459017
SMOTE,3.6147540983606556
SMOTE_SVM,3.680327868852459
DELAUNAY,4.311475409836065
ORIGINAL,6.418032786885246
