index,0
SMOTE_SVM,2.7049180327868854
SMOTE,3.0491803278688523
BORDERLINE1,3.3934426229508197
ORIGINAL,3.7950819672131146
DELAUNAY,3.9672131147540983
BORDERLINE2,4.090163934426229
