index,0
SMOTE,3.4918032786885247
BORDERLINE1,3.5163934426229506
BORDERLINE2,3.7049180327868854
DELAUNAY,3.7950819672131146
SMOTE_SVM,3.8114754098360657
GEOSMOTE,3.959016393442623
ORIGINAL,5.721311475409836
