index,0
SMOTE_SVM,2.7049180327868854
SMOTE,3.3114754098360657
DELAUNAY,3.442622950819672
ORIGINAL,3.4754098360655736
BORDERLINE1,3.6639344262295084
BORDERLINE2,4.401639344262295
