index,0
ORIGINAL,2.3688524590163933
SMOTE_SVM,2.9098360655737703
SMOTE,3.3524590163934427
BORDERLINE1,3.581967213114754
DELAUNAY,3.6721311475409837
BORDERLINE2,5.114754098360656
