index,0
ORIGINAL,2.5901639344262297
SMOTE_SVM,3.262295081967213
SMOTE,3.6721311475409837
BORDERLINE1,3.8934426229508197
GEOSMOTE,3.9836065573770494
DELAUNAY,4.844262295081967
BORDERLINE2,5.754098360655738
