index,0
SMOTE_SVM,3.262295081967213
ORIGINAL,3.4508196721311477
SMOTE,3.5901639344262297
DELAUNAY,3.762295081967213
BORDERLINE1,4.311475409836065
GEOSMOTE,4.581967213114754
BORDERLINE2,5.040983606557377
