index,0
SMOTE_SVM,3.2049180327868854
ORIGINAL,3.3114754098360657
SMOTE,3.5245901639344264
BORDERLINE1,4.172131147540983
DELAUNAY,4.327868852459017
GEOSMOTE,4.532786885245901
BORDERLINE2,4.926229508196721
