index,0
SMOTE_SVM,3.360655737704918
SMOTE,3.401639344262295
GEOSMOTE,3.5901639344262297
BORDERLINE1,3.6639344262295084
BORDERLINE2,4.163934426229508
DELAUNAY,4.221311475409836
ORIGINAL,5.598360655737705
