index,0
ORIGINAL,3.122950819672131
SMOTE_SVM,3.2049180327868854
SMOTE,3.8278688524590163
DELAUNAY,4.016393442622951
GEOSMOTE,4.049180327868853
BORDERLINE1,4.073770491803279
BORDERLINE2,5.704918032786885
