index,0
SMOTE_SVM,3.4262295081967213
SMOTE,3.4754098360655736
BORDERLINE1,3.6557377049180326
ORIGINAL,3.8852459016393444
GEOSMOTE,4.008196721311475
DELAUNAY,4.483606557377049
BORDERLINE2,5.065573770491803
