index,0
ORIGINAL,2.6065573770491803
SMOTE_SVM,2.737704918032787
SMOTE,3.237704918032787
BORDERLINE1,3.4098360655737703
DELAUNAY,4.073770491803279
BORDERLINE2,4.934426229508197
