index,0
ORIGINAL,2.9754098360655736
SMOTE,3.377049180327869
GEOSMOTE,3.7704918032786887
SMOTE_SVM,4.073770491803279
DELAUNAY,4.122950819672131
BORDERLINE1,4.581967213114754
BORDERLINE2,5.098360655737705
