index,0
ORIGINAL,3.5655737704918034
DELAUNAY,3.6885245901639343
SMOTE,3.8114754098360657
SMOTE_SVM,4.081967213114754
GEOSMOTE,4.155737704918033
BORDERLINE2,4.254098360655738
BORDERLINE1,4.442622950819672
