index,0
ORIGINAL,2.459016393442623
SMOTE,2.860655737704918
SMOTE_SVM,3.377049180327869
DELAUNAY,3.7540983606557377
BORDERLINE1,4.057377049180328
BORDERLINE2,4.491803278688525
