index,0
BORDERLINE1,2.959016393442623
BORDERLINE2,3.0327868852459017
SMOTE,3.1147540983606556
SMOTE_SVM,3.262295081967213
DELAUNAY,3.3852459016393444
ORIGINAL,5.245901639344262
