index,0
BORDERLINE2,3.081967213114754
SMOTE_SVM,3.3360655737704916
SMOTE,3.3442622950819674
ORIGINAL,3.6475409836065573
DELAUNAY,3.69672131147541
BORDERLINE1,3.8934426229508197
