index,0
SMOTE_SVM,2.9918032786885247
SMOTE,3.0
BORDERLINE1,3.040983606557377
DELAUNAY,3.3852459016393444
BORDERLINE2,3.6311475409836067
ORIGINAL,4.950819672131147
