index,0
ORIGINAL,2.180327868852459
SMOTE_SVM,3.040983606557377
DELAUNAY,3.6721311475409837
BORDERLINE1,3.7049180327868854
SMOTE,3.7131147540983607
BORDERLINE2,4.688524590163935
