index,0
ORIGINAL,3.5491803278688523
DELAUNAY,3.622950819672131
SMOTE,3.778688524590164
SMOTE_SVM,4.098360655737705
GEOSMOTE,4.213114754098361
BORDERLINE2,4.286885245901639
BORDERLINE1,4.450819672131147
