index,0
DELAUNAY,3.0081967213114753
SMOTE,3.098360655737705
ORIGINAL,3.2868852459016393
BORDERLINE2,3.8360655737704916
SMOTE_SVM,3.8442622950819674
BORDERLINE1,3.9262295081967213
