index,0
ORIGINAL,2.639344262295082
SMOTE,2.9508196721311477
DELAUNAY,3.2295081967213113
SMOTE_SVM,3.5655737704918034
BORDERLINE1,4.081967213114754
BORDERLINE2,4.532786885245901
