index,0
SMOTE,3.19672131147541
DELAUNAY,3.30327868852459
SMOTE_SVM,3.401639344262295
BORDERLINE1,3.401639344262295
ORIGINAL,3.4836065573770494
BORDERLINE2,4.213114754098361
