index,0
ORIGINAL,2.7704918032786887
SMOTE,2.9918032786885247
DELAUNAY,3.3442622950819674
SMOTE_SVM,3.4344262295081966
BORDERLINE1,3.9754098360655736
BORDERLINE2,4.483606557377049
