index,0
SMOTE_SVM,2.9344262295081966
SMOTE,3.1639344262295084
ORIGINAL,3.557377049180328
DELAUNAY,3.622950819672131
BORDERLINE1,3.6311475409836067
BORDERLINE2,4.090163934426229
