index,0
ORIGINAL,1.819672131147541
SMOTE_SVM,2.7540983606557377
DELAUNAY,3.360655737704918
BORDERLINE1,3.737704918032787
SMOTE,4.254098360655738
BORDERLINE2,5.073770491803279
