index,0
ORIGINAL,3.3852459016393444
SMOTE,3.8442622950819674
BORDERLINE1,3.9344262295081966
SMOTE_SVM,3.942622950819672
DELAUNAY,4.090163934426229
GEOSMOTE,4.131147540983607
BORDERLINE2,4.672131147540983
