index,0
ORIGINAL,2.0081967213114753
SMOTE_SVM,3.2540983606557377
GEOSMOTE,3.2704918032786887
BORDERLINE1,4.262295081967213
DELAUNAY,4.549180327868853
SMOTE,4.770491803278689
BORDERLINE2,5.885245901639344
