index,0
ORIGINAL,2.762295081967213
SMOTE,2.9672131147540983
DELAUNAY,3.278688524590164
SMOTE_SVM,3.581967213114754
BORDERLINE1,4.008196721311475
BORDERLINE2,4.401639344262295
