index,0
SMOTE,2.8934426229508197
ORIGINAL,3.081967213114754
SMOTE_SVM,3.5901639344262297
BORDERLINE2,3.7049180327868854
BORDERLINE1,3.7540983606557377
DELAUNAY,3.9754098360655736
