index,0
SMOTE,2.918032786885246
SMOTE_SVM,3.057377049180328
BORDERLINE1,3.1311475409836067
DELAUNAY,3.139344262295082
BORDERLINE2,3.7704918032786887
ORIGINAL,4.983606557377049
