index,0
SMOTE_SVM,2.762295081967213
SMOTE,3.098360655737705
DELAUNAY,3.5491803278688523
BORDERLINE1,3.5655737704918034
BORDERLINE2,3.581967213114754
ORIGINAL,4.442622950819672
