index,0
BORDERLINE1,2.8278688524590163
SMOTE,2.9918032786885247
SMOTE_SVM,3.0655737704918034
BORDERLINE2,3.0901639344262297
DELAUNAY,3.5245901639344264
ORIGINAL,5.5
