index,0
SMOTE,2.721311475409836
BORDERLINE1,3.1065573770491803
SMOTE_SVM,3.2049180327868854
BORDERLINE2,3.6557377049180326
DELAUNAY,3.8278688524590163
ORIGINAL,4.483606557377049
