index,0
BORDERLINE2,2.6311475409836067
DELAUNAY,2.8442622950819674
BORDERLINE1,3.0655737704918034
SMOTE,3.2868852459016393
SMOTE_SVM,3.6557377049180326
ORIGINAL,5.516393442622951
