index,0
SMOTE_SVM,2.639344262295082
SMOTE,3.2704918032786887
ORIGINAL,3.3934426229508197
BORDERLINE1,3.6475409836065573
DELAUNAY,3.6885245901639343
BORDERLINE2,4.360655737704918
