index,0
ORIGINAL,3.5163934426229506
SMOTE,3.778688524590164
DELAUNAY,3.8114754098360657
SMOTE_SVM,4.073770491803279
GEOSMOTE,4.180327868852459
BORDERLINE2,4.204918032786885
BORDERLINE1,4.434426229508197
