index,0
SMOTE,2.8934426229508197
SMOTE_SVM,3.0491803278688523
BORDERLINE1,3.1475409836065573
BORDERLINE2,3.3852459016393444
DELAUNAY,3.6147540983606556
ORIGINAL,4.909836065573771
