index,0
SMOTE_SVM,3.442622950819672
GEOSMOTE,3.5491803278688523
SMOTE,3.737704918032787
DELAUNAY,3.9836065573770494
ORIGINAL,4.098360655737705
BORDERLINE1,4.336065573770492
BORDERLINE2,4.852459016393443
