index,0
ORIGINAL,2.5655737704918034
SMOTE,2.918032786885246
SMOTE_SVM,3.262295081967213
BORDERLINE1,3.5327868852459017
DELAUNAY,4.311475409836065
BORDERLINE2,4.409836065573771
