index,0
ORIGINAL,2.2049180327868854
GEOSMOTE,3.2704918032786887
SMOTE_SVM,3.2950819672131146
BORDERLINE1,4.040983606557377
SMOTE,4.704918032786885
DELAUNAY,4.885245901639344
BORDERLINE2,5.598360655737705
