index,0
SMOTE_SVM,3.3278688524590163
SMOTE,3.3688524590163933
BORDERLINE1,3.4508196721311477
GEOSMOTE,3.762295081967213
BORDERLINE2,4.081967213114754
DELAUNAY,4.286885245901639
ORIGINAL,5.721311475409836
