index,0
SMOTE,2.860655737704918
SMOTE_SVM,2.9262295081967213
BORDERLINE1,3.0327868852459017
DELAUNAY,3.5491803278688523
BORDERLINE2,3.6557377049180326
ORIGINAL,4.975409836065574
