index,0
DELAUNAY,2.9344262295081966
SMOTE_SVM,3.122950819672131
SMOTE,3.1311475409836067
BORDERLINE1,3.2540983606557377
BORDERLINE2,3.680327868852459
ORIGINAL,4.877049180327869
