index,0
SMOTE,3.081967213114754
BORDERLINE2,3.0901639344262297
BORDERLINE1,3.122950819672131
SMOTE_SVM,3.30327868852459
DELAUNAY,3.459016393442623
ORIGINAL,4.942622950819672
