index,0
ORIGINAL,3.1475409836065573
DELAUNAY,3.180327868852459
SMOTE,3.3442622950819674
SMOTE_SVM,3.6639344262295084
BORDERLINE2,3.7295081967213113
BORDERLINE1,3.9344262295081966
