index,0
SMOTE,2.901639344262295
SMOTE_SVM,3.0327868852459017
BORDERLINE1,3.098360655737705
DELAUNAY,3.237704918032787
BORDERLINE2,3.7459016393442623
ORIGINAL,4.983606557377049
