index,0
SMOTE_SVM,3.0327868852459017
SMOTE,3.1721311475409837
BORDERLINE1,3.2868852459016393
ORIGINAL,3.442622950819672
DELAUNAY,3.5163934426229506
BORDERLINE2,4.549180327868853
