index,0
DELAUNAY,2.4836065573770494
BORDERLINE2,3.122950819672131
BORDERLINE1,3.5
SMOTE,3.7459016393442623
SMOTE_SVM,4.188524590163935
GEOSMOTE,4.557377049180328
ORIGINAL,6.401639344262295
