index,0
SMOTE,3.5
SMOTE_SVM,3.5163934426229506
DELAUNAY,3.6475409836065573
GEOSMOTE,3.6885245901639343
BORDERLINE1,3.7540983606557377
BORDERLINE2,4.254098360655738
ORIGINAL,5.639344262295082
