index,0
SMOTE,2.7459016393442623
BORDERLINE1,3.180327868852459
SMOTE_SVM,3.2049180327868854
BORDERLINE2,3.6639344262295084
DELAUNAY,3.6639344262295084
ORIGINAL,4.540983606557377
