index,0
SMOTE,3.139344262295082
BORDERLINE1,3.540983606557377
SMOTE_SVM,3.7868852459016393
GEOSMOTE,3.918032786885246
DELAUNAY,4.049180327868853
BORDERLINE2,4.327868852459017
ORIGINAL,5.237704918032787
