index,0
SMOTE,3.0081967213114753
SMOTE_SVM,3.0327868852459017
BORDERLINE1,3.180327868852459
DELAUNAY,3.2868852459016393
BORDERLINE2,3.6311475409836067
ORIGINAL,4.860655737704918
