index,0
ORIGINAL,2.7295081967213113
SMOTE_SVM,3.3524590163934427
SMOTE,3.581967213114754
BORDERLINE1,3.7704918032786887
GEOSMOTE,4.016393442622951
DELAUNAY,5.098360655737705
BORDERLINE2,5.450819672131147
