index,0
SMOTE_SVM,3.0327868852459017
BORDERLINE1,3.0491803278688523
ORIGINAL,3.4918032786885247
SMOTE,3.6557377049180326
BORDERLINE2,3.8278688524590163
DELAUNAY,3.942622950819672
