index,0
SMOTE,3.1065573770491803
BORDERLINE1,3.5737704918032787
SMOTE_SVM,3.7704918032786887
GEOSMOTE,3.918032786885246
DELAUNAY,4.204918032786885
BORDERLINE2,4.213114754098361
ORIGINAL,5.213114754098361
