index,0
ORIGINAL,2.3934426229508197
SMOTE_SVM,3.3688524590163933
GEOSMOTE,3.4262295081967213
SMOTE,4.032786885245901
BORDERLINE1,4.139344262295082
BORDERLINE2,5.090163934426229
DELAUNAY,5.549180327868853
