index,0
DELAUNAY,3.6311475409836067
BORDERLINE2,3.6721311475409837
SMOTE_SVM,3.9508196721311477
GEOSMOTE,3.959016393442623
SMOTE,4.016393442622951
ORIGINAL,4.237704918032787
BORDERLINE1,4.532786885245901
