index,0
SMOTE_SVM,2.9754098360655736
BORDERLINE1,3.122950819672131
SMOTE,3.3114754098360657
ORIGINAL,3.7540983606557377
BORDERLINE2,3.8934426229508197
DELAUNAY,3.942622950819672
