index,0
SMOTE_SVM,2.9098360655737703
ORIGINAL,2.9344262295081966
SMOTE,3.5081967213114753
BORDERLINE1,3.5163934426229506
DELAUNAY,3.6475409836065573
BORDERLINE2,4.483606557377049
