index,0
ORIGINAL,2.2049180327868854
SMOTE_SVM,3.0327868852459017
BORDERLINE1,3.6639344262295084
SMOTE,3.69672131147541
DELAUNAY,3.8278688524590163
BORDERLINE2,4.573770491803279
