index,0
SMOTE,3.3524590163934427
ORIGINAL,3.4836065573770494
DELAUNAY,3.918032786885246
SMOTE_SVM,4.147540983606557
BORDERLINE2,4.262295081967213
BORDERLINE1,4.360655737704918
GEOSMOTE,4.475409836065574
