index,0
ORIGINAL,2.7459016393442623
SMOTE,3.040983606557377
SMOTE_SVM,3.4098360655737703
DELAUNAY,3.4508196721311477
BORDERLINE1,3.721311475409836
BORDERLINE2,4.631147540983607
