index,0
ORIGINAL,3.3114754098360657
SMOTE_SVM,3.319672131147541
GEOSMOTE,3.9672131147540983
SMOTE,4.040983606557377
BORDERLINE1,4.122950819672131
DELAUNAY,4.204918032786885
BORDERLINE2,5.032786885245901
