index,0
ORIGINAL,2.19672131147541
SMOTE_SVM,2.7131147540983607
SMOTE,3.1147540983606556
BORDERLINE1,3.19672131147541
BORDERLINE2,4.598360655737705
DELAUNAY,5.180327868852459
