index,0
BORDERLINE2,2.3278688524590163
BORDERLINE1,2.7950819672131146
SMOTE,2.942622950819672
SMOTE_SVM,3.3360655737704916
DELAUNAY,3.877049180327869
ORIGINAL,5.721311475409836
