index,0
ORIGINAL,2.7049180327868854
SMOTE,2.9672131147540983
SMOTE_SVM,3.4918032786885247
DELAUNAY,3.5081967213114753
BORDERLINE1,3.9836065573770494
BORDERLINE2,4.344262295081967
