index,0
SMOTE_SVM,2.5491803278688523
SMOTE,2.8278688524590163
BORDERLINE1,3.3934426229508197
DELAUNAY,3.4754098360655736
BORDERLINE2,4.057377049180328
ORIGINAL,4.69672131147541
