index,0
BORDERLINE1,2.7950819672131146
BORDERLINE2,2.8934426229508197
SMOTE_SVM,3.2295081967213113
SMOTE,3.237704918032787
DELAUNAY,3.3688524590163933
ORIGINAL,5.475409836065574
