index,0
SMOTE_SVM,3.098360655737705
SMOTE,3.2950819672131146
BORDERLINE1,3.9836065573770494
DELAUNAY,4.098360655737705
GEOSMOTE,4.180327868852459
ORIGINAL,4.483606557377049
BORDERLINE2,4.860655737704918
