index,0
SMOTE_SVM,2.6065573770491803
SMOTE,2.9098360655737703
DELAUNAY,3.0
BORDERLINE1,3.557377049180328
BORDERLINE2,4.172131147540983
ORIGINAL,4.754098360655738
