index,0
ORIGINAL,3.2950819672131146
SMOTE_SVM,3.3524590163934427
GEOSMOTE,3.9836065573770494
DELAUNAY,4.040983606557377
SMOTE,4.090163934426229
BORDERLINE1,4.147540983606557
BORDERLINE2,5.090163934426229
