index,0
BORDERLINE2,2.8360655737704916
SMOTE,2.8852459016393444
BORDERLINE1,3.0
DELAUNAY,3.19672131147541
SMOTE_SVM,3.401639344262295
ORIGINAL,5.680327868852459
