index,0
BORDERLINE1,3.2049180327868854
BORDERLINE2,3.262295081967213
GEOSMOTE,3.5655737704918034
SMOTE_SVM,3.6147540983606556
SMOTE,3.680327868852459
DELAUNAY,4.295081967213115
ORIGINAL,6.377049180327869
