index,0
BORDERLINE2,2.8688524590163933
SMOTE_SVM,3.0491803278688523
SMOTE,3.2131147540983607
DELAUNAY,3.221311475409836
BORDERLINE1,3.80327868852459
ORIGINAL,4.844262295081967
