index,0
BORDERLINE1,2.7868852459016393
SMOTE,3.1147540983606556
BORDERLINE2,3.1147540983606556
SMOTE_SVM,3.2295081967213113
DELAUNAY,3.2295081967213113
ORIGINAL,5.524590163934426
