index,0
ORIGINAL,2.4508196721311477
SMOTE_SVM,3.4754098360655736
GEOSMOTE,3.6065573770491803
SMOTE,4.229508196721311
BORDERLINE1,4.229508196721311
DELAUNAY,4.721311475409836
BORDERLINE2,5.286885245901639
