index,0
SMOTE_SVM,3.0491803278688523
ORIGINAL,3.0737704918032787
DELAUNAY,3.180327868852459
SMOTE,3.360655737704918
BORDERLINE1,3.8524590163934427
BORDERLINE2,4.483606557377049
