index,0
SMOTE,3.1475409836065573
SMOTE_SVM,3.2049180327868854
BORDERLINE1,3.4508196721311477
DELAUNAY,3.5327868852459017
ORIGINAL,3.6721311475409837
BORDERLINE2,3.9918032786885247
