index,0
DELAUNAY,2.959016393442623
SMOTE,3.360655737704918
ORIGINAL,3.4918032786885247
BORDERLINE2,3.5327868852459017
SMOTE_SVM,3.540983606557377
BORDERLINE1,4.114754098360656
