index,0
SMOTE_SVM,3.4098360655737703
GEOSMOTE,3.557377049180328
SMOTE,3.7540983606557377
DELAUNAY,3.959016393442623
ORIGINAL,4.10655737704918
BORDERLINE1,4.344262295081967
BORDERLINE2,4.868852459016393
