index,0
SMOTE_SVM,3.0901639344262297
SMOTE,3.1147540983606556
BORDERLINE1,3.262295081967213
ORIGINAL,3.442622950819672
DELAUNAY,3.598360655737705
BORDERLINE2,4.491803278688525
