index,0
BORDERLINE2,2.6721311475409837
BORDERLINE1,3.0655737704918034
SMOTE,3.278688524590164
SMOTE_SVM,3.69672131147541
GEOSMOTE,4.221311475409836
DELAUNAY,4.713114754098361
ORIGINAL,6.352459016393443
