index,0
ORIGINAL,2.5245901639344264
SMOTE,2.918032786885246
DELAUNAY,3.3934426229508197
SMOTE_SVM,3.4262295081967213
BORDERLINE1,4.122950819672131
BORDERLINE2,4.614754098360656
