index,0
ORIGINAL,2.762295081967213
SMOTE_SVM,3.4754098360655736
SMOTE,3.69672131147541
BORDERLINE1,3.8114754098360657
GEOSMOTE,4.065573770491803
DELAUNAY,4.69672131147541
BORDERLINE2,5.491803278688525
