index,0
SMOTE,3.098360655737705
SMOTE_SVM,3.2131147540983607
BORDERLINE1,3.418032786885246
DELAUNAY,3.6475409836065573
ORIGINAL,3.6639344262295084
BORDERLINE2,3.959016393442623
