index,0
SMOTE,3.4508196721311477
BORDERLINE1,3.6065573770491803
BORDERLINE2,3.6639344262295084
DELAUNAY,3.80327868852459
SMOTE_SVM,3.8114754098360657
GEOSMOTE,3.942622950819672
ORIGINAL,5.721311475409836
