index,0
DELAUNAY,3.0163934426229506
BORDERLINE2,3.0737704918032787
SMOTE,3.180327868852459
SMOTE_SVM,3.2049180327868854
BORDERLINE1,3.3934426229508197
ORIGINAL,5.131147540983607
