index,0
SMOTE,3.6639344262295084
SMOTE_SVM,3.721311475409836
DELAUNAY,3.8524590163934427
ORIGINAL,3.8934426229508197
BORDERLINE1,3.9836065573770494
GEOSMOTE,4.065573770491803
BORDERLINE2,4.819672131147541
