index,0
BORDERLINE1,3.237704918032787
BORDERLINE2,3.278688524590164
GEOSMOTE,3.639344262295082
SMOTE_SVM,3.6721311475409837
SMOTE,3.737704918032787
DELAUNAY,4.040983606557377
ORIGINAL,6.39344262295082
