index,0
ORIGINAL,2.4754098360655736
SMOTE_SVM,2.5491803278688523
SMOTE,3.122950819672131
BORDERLINE1,3.3278688524590163
BORDERLINE2,4.631147540983607
DELAUNAY,4.89344262295082
