index,0
SMOTE_SVM,3.0655737704918034
BORDERLINE1,3.221311475409836
SMOTE,3.418032786885246
DELAUNAY,3.4508196721311477
ORIGINAL,3.80327868852459
BORDERLINE2,4.040983606557377
