index,0
ORIGINAL,2.5245901639344264
SMOTE_SVM,3.5901639344262297
GEOSMOTE,3.680327868852459
DELAUNAY,4.090163934426229
SMOTE,4.286885245901639
BORDERLINE1,4.385245901639344
BORDERLINE2,5.442622950819672
