index,0
BORDERLINE1,2.762295081967213
BORDERLINE2,3.0327868852459017
SMOTE,3.0655737704918034
SMOTE_SVM,3.0901639344262297
DELAUNAY,3.5491803278688523
ORIGINAL,5.5
