index,0
DELAUNAY,3.1475409836065573
SMOTE,3.2459016393442623
SMOTE_SVM,3.3688524590163933
ORIGINAL,3.459016393442623
BORDERLINE1,3.5163934426229506
BORDERLINE2,4.262295081967213
