index,0
SMOTE_SVM,3.4672131147540983
DELAUNAY,3.639344262295082
SMOTE,3.6475409836065573
BORDERLINE1,3.80327868852459
ORIGINAL,3.9754098360655736
GEOSMOTE,4.188524590163935
BORDERLINE2,5.278688524590164
