index,0
SMOTE_SVM,3.040983606557377
SMOTE,3.721311475409836
ORIGINAL,3.8278688524590163
GEOSMOTE,3.9262295081967213
BORDERLINE1,4.139344262295082
DELAUNAY,4.360655737704918
BORDERLINE2,4.983606557377049
