index,0
SMOTE_SVM,2.8114754098360657
SMOTE,3.098360655737705
DELAUNAY,3.3442622950819674
BORDERLINE1,3.5081967213114753
ORIGINAL,3.9344262295081966
BORDERLINE2,4.30327868852459
