index,0
ORIGINAL,3.0
GEOSMOTE,3.4098360655737703
SMOTE,3.5655737704918034
DELAUNAY,3.860655737704918
SMOTE_SVM,4.172131147540983
BORDERLINE1,4.745901639344262
BORDERLINE2,5.245901639344262
