index,0
ORIGINAL,3.5
SMOTE,3.762295081967213
DELAUNAY,3.9918032786885247
SMOTE_SVM,4.040983606557377
BORDERLINE2,4.139344262295082
GEOSMOTE,4.213114754098361
BORDERLINE1,4.352459016393443
