index,0
BORDERLINE1,2.737704918032787
BORDERLINE2,3.0327868852459017
SMOTE,3.057377049180328
SMOTE_SVM,3.1475409836065573
DELAUNAY,3.5081967213114753
ORIGINAL,5.516393442622951
