index,0
SMOTE,3.581967213114754
SMOTE_SVM,3.762295081967213
BORDERLINE1,3.8688524590163933
ORIGINAL,3.9098360655737703
GEOSMOTE,4.032786885245901
DELAUNAY,4.139344262295082
BORDERLINE2,4.704918032786885
