index,0
SMOTE,3.4344262295081966
DELAUNAY,3.5491803278688523
ORIGINAL,3.557377049180328
BORDERLINE2,4.262295081967213
SMOTE_SVM,4.270491803278689
BORDERLINE1,4.377049180327869
GEOSMOTE,4.549180327868853
