index,0
ORIGINAL,2.762295081967213
SMOTE_SVM,2.8688524590163933
SMOTE,3.4344262295081966
BORDERLINE1,3.6721311475409837
GEOSMOTE,3.7049180327868854
BORDERLINE2,5.19672131147541
DELAUNAY,6.360655737704918
