index,0
SMOTE_SVM,3.1639344262295084
ORIGINAL,3.3442622950819674
SMOTE,3.442622950819672
BORDERLINE1,4.188524590163935
DELAUNAY,4.385245901639344
GEOSMOTE,4.491803278688525
BORDERLINE2,4.983606557377049
