index,0
BORDERLINE1,2.860655737704918
SMOTE,3.0655737704918034
SMOTE_SVM,3.098360655737705
BORDERLINE2,3.1639344262295084
DELAUNAY,3.2868852459016393
ORIGINAL,5.524590163934426
