index,0
BORDERLINE2,2.6475409836065573
DELAUNAY,2.9508196721311477
BORDERLINE1,3.1147540983606556
SMOTE,3.2131147540983607
SMOTE_SVM,3.5655737704918034
ORIGINAL,5.508196721311475
