index,0
ORIGINAL,2.8114754098360657
SMOTE_SVM,2.8442622950819674
SMOTE,3.459016393442623
BORDERLINE1,3.680327868852459
GEOSMOTE,3.680327868852459
BORDERLINE2,5.237704918032787
DELAUNAY,6.286885245901639
