index,0
SMOTE_SVM,2.9754098360655736
SMOTE,3.6475409836065573
ORIGINAL,3.8442622950819674
GEOSMOTE,3.8934426229508197
BORDERLINE1,4.049180327868853
DELAUNAY,4.680327868852459
BORDERLINE2,4.909836065573771
