index,0
DELAUNAY,3.2131147540983607
SMOTE,3.459016393442623
GEOSMOTE,3.557377049180328
SMOTE_SVM,3.8114754098360657
BORDERLINE1,4.385245901639344
BORDERLINE2,4.5
ORIGINAL,5.073770491803279
