index,0
DELAUNAY,2.7704918032786887
BORDERLINE2,2.959016393442623
SMOTE_SVM,3.1311475409836067
SMOTE,3.30327868852459
BORDERLINE1,3.918032786885246
ORIGINAL,4.918032786885246
