index,0
SMOTE_SVM,3.0655737704918034
BORDERLINE1,3.237704918032787
SMOTE,3.3934426229508197
DELAUNAY,3.4672131147540983
ORIGINAL,3.819672131147541
BORDERLINE2,4.016393442622951
