index,0
SMOTE_SVM,2.8442622950819674
DELAUNAY,3.122950819672131
SMOTE,3.1557377049180326
BORDERLINE2,3.4754098360655736
BORDERLINE1,3.7131147540983607
ORIGINAL,4.688524590163935
