index,0
DELAUNAY,3.2295081967213113
BORDERLINE2,3.442622950819672
SMOTE_SVM,3.639344262295082
GEOSMOTE,3.639344262295082
SMOTE,3.8688524590163933
BORDERLINE1,4.549180327868853
ORIGINAL,5.631147540983607
