index,0
SMOTE_SVM,3.30327868852459
BORDERLINE1,3.5901639344262297
SMOTE,3.6557377049180326
GEOSMOTE,4.081967213114754
ORIGINAL,4.122950819672131
BORDERLINE2,4.459016393442623
DELAUNAY,4.786885245901639
