index,0
SMOTE_SVM,2.819672131147541
SMOTE,3.122950819672131
DELAUNAY,3.4918032786885247
BORDERLINE1,3.5491803278688523
BORDERLINE2,3.5655737704918034
ORIGINAL,4.450819672131147
