index,0
SMOTE_SVM,3.0327868852459017
SMOTE,3.040983606557377
BORDERLINE1,3.081967213114754
DELAUNAY,3.2049180327868854
BORDERLINE2,3.6639344262295084
ORIGINAL,4.975409836065574
