index,0
ORIGINAL,3.081967213114754
SMOTE,3.4754098360655736
DELAUNAY,3.721311475409836
GEOSMOTE,3.778688524590164
SMOTE_SVM,4.172131147540983
BORDERLINE1,4.672131147540983
BORDERLINE2,5.098360655737705
