index,0
SMOTE,3.057377049180328
DELAUNAY,3.3360655737704916
ORIGINAL,3.418032786885246
SMOTE_SVM,3.5327868852459017
BORDERLINE2,3.7704918032786887
BORDERLINE1,3.8852459016393444
