index,0
SMOTE,3.4098360655737703
GEOSMOTE,3.5163934426229506
ORIGINAL,3.918032786885246
SMOTE_SVM,4.081967213114754
DELAUNAY,4.180327868852459
BORDERLINE2,4.39344262295082
BORDERLINE1,4.5
