index,0
SMOTE,3.540983606557377
SMOTE_SVM,3.6885245901639343
BORDERLINE1,3.860655737704918
ORIGINAL,3.877049180327869
GEOSMOTE,4.0
DELAUNAY,4.39344262295082
BORDERLINE2,4.639344262295082
