index,0
SMOTE,3.319672131147541
SMOTE_SVM,3.3934426229508197
BORDERLINE1,3.442622950819672
GEOSMOTE,3.721311475409836
BORDERLINE2,4.122950819672131
DELAUNAY,4.286885245901639
ORIGINAL,5.713114754098361
