index,0
ORIGINAL,2.7950819672131146
SMOTE,3.1147540983606556
DELAUNAY,3.2950819672131146
SMOTE_SVM,3.3934426229508197
BORDERLINE1,3.721311475409836
BORDERLINE2,4.680327868852459
