index,0
SMOTE_SVM,3.081967213114754
SMOTE,3.360655737704918
DELAUNAY,3.9672131147540983
BORDERLINE1,4.0
GEOSMOTE,4.19672131147541
ORIGINAL,4.508196721311475
BORDERLINE2,4.885245901639344
