index,0
DELAUNAY,3.0
SMOTE,3.360655737704918
BORDERLINE2,3.459016393442623
SMOTE_SVM,3.5163934426229506
ORIGINAL,3.581967213114754
BORDERLINE1,4.081967213114754
