index,0
SMOTE,3.2868852459016393
GEOSMOTE,3.3442622950819674
SMOTE_SVM,3.557377049180328
BORDERLINE1,3.5655737704918034
DELAUNAY,3.819672131147541
BORDERLINE2,4.229508196721311
ORIGINAL,6.19672131147541
