index,0
ORIGINAL,3.360655737704918
SMOTE,3.8442622950819674
SMOTE_SVM,3.901639344262295
BORDERLINE1,4.008196721311475
GEOSMOTE,4.090163934426229
DELAUNAY,4.131147540983607
BORDERLINE2,4.663934426229508
