index,0
BORDERLINE2,2.557377049180328
DELAUNAY,2.622950819672131
SMOTE_SVM,3.360655737704918
SMOTE,3.540983606557377
BORDERLINE1,3.6557377049180326
ORIGINAL,5.262295081967213
