index,0
SMOTE_SVM,2.819672131147541
ORIGINAL,2.901639344262295
BORDERLINE1,3.4754098360655736
SMOTE,3.4918032786885247
DELAUNAY,3.9836065573770494
BORDERLINE2,4.327868852459017
