index,0
SMOTE,2.8688524590163933
SMOTE_SVM,3.0327868852459017
BORDERLINE1,3.098360655737705
DELAUNAY,3.278688524590164
BORDERLINE2,3.7459016393442623
ORIGINAL,4.975409836065574
