index,0
ORIGINAL,2.19672131147541
SMOTE_SVM,3.0327868852459017
BORDERLINE1,3.6639344262295084
DELAUNAY,3.6885245901639343
SMOTE,3.7049180327868854
BORDERLINE2,4.713114754098361
