index,0
SMOTE,3.0081967213114753
SMOTE_SVM,3.0327868852459017
BORDERLINE1,3.057377049180328
DELAUNAY,3.2868852459016393
BORDERLINE2,3.6639344262295084
ORIGINAL,4.950819672131147
