index,0
BORDERLINE2,2.7459016393442623
SMOTE_SVM,3.0901639344262297
SMOTE,3.1475409836065573
DELAUNAY,3.377049180327869
BORDERLINE1,3.4098360655737703
ORIGINAL,5.229508196721311
