index,0
ORIGINAL,2.122950819672131
SMOTE_SVM,2.8852459016393444
SMOTE,3.459016393442623
BORDERLINE1,3.4836065573770494
BORDERLINE2,4.450819672131147
DELAUNAY,4.598360655737705
