index,0
ORIGINAL,3.1311475409836067
SMOTE,3.319672131147541
DELAUNAY,3.3360655737704916
SMOTE_SVM,3.6475409836065573
BORDERLINE2,3.6639344262295084
BORDERLINE1,3.901639344262295
