index,0
DELAUNAY,3.3524590163934427
SMOTE,3.360655737704918
GEOSMOTE,3.5
SMOTE_SVM,3.7540983606557377
BORDERLINE1,4.426229508196721
BORDERLINE2,4.524590163934426
ORIGINAL,5.081967213114754
