index,0
ORIGINAL,3.3360655737704916
SMOTE,3.7868852459016393
SMOTE_SVM,3.901639344262295
BORDERLINE1,3.9836065573770494
GEOSMOTE,4.065573770491803
DELAUNAY,4.245901639344262
BORDERLINE2,4.680327868852459
