index,0
SMOTE,3.278688524590164
GEOSMOTE,3.377049180327869
SMOTE_SVM,3.69672131147541
DELAUNAY,3.69672131147541
BORDERLINE1,4.344262295081967
BORDERLINE2,4.508196721311475
ORIGINAL,5.098360655737705
