index,0
DELAUNAY,2.80327868852459
SMOTE,3.1885245901639343
BORDERLINE2,3.221311475409836
SMOTE_SVM,3.2540983606557377
BORDERLINE1,3.3114754098360657
ORIGINAL,5.221311475409836
