index,0
ORIGINAL,2.69672131147541
SMOTE,2.942622950819672
SMOTE_SVM,3.4754098360655736
DELAUNAY,3.5655737704918034
BORDERLINE1,3.959016393442623
BORDERLINE2,4.360655737704918
