index,0
SMOTE,3.3360655737704916
GEOSMOTE,3.4098360655737703
DELAUNAY,3.5491803278688523
SMOTE_SVM,3.737704918032787
BORDERLINE1,4.352459016393443
BORDERLINE2,4.532786885245901
ORIGINAL,5.081967213114754
