index,0
SMOTE_SVM,2.6557377049180326
SMOTE,2.9672131147540983
BORDERLINE1,3.418032786885246
ORIGINAL,3.819672131147541
DELAUNAY,3.9836065573770494
BORDERLINE2,4.155737704918033
