index,0
ORIGINAL,1.9098360655737705
GEOSMOTE,3.1311475409836067
SMOTE_SVM,3.2131147540983607
BORDERLINE1,4.172131147540983
SMOTE,4.631147540983607
DELAUNAY,5.278688524590164
BORDERLINE2,5.663934426229508
