index,0
ORIGINAL,1.778688524590164
SMOTE_SVM,2.639344262295082
BORDERLINE1,3.557377049180328
SMOTE,3.9836065573770494
DELAUNAY,4.262295081967213
BORDERLINE2,4.778688524590164
