index,0
SMOTE_SVM,3.0491803278688523
BORDERLINE1,3.19672131147541
SMOTE,3.3688524590163933
DELAUNAY,3.5491803278688523
ORIGINAL,3.7950819672131146
BORDERLINE2,4.040983606557377
