index,0
SMOTE,3.5245901639344264
SMOTE_SVM,3.6065573770491803
BORDERLINE1,3.877049180327869
GEOSMOTE,3.9262295081967213
ORIGINAL,4.172131147540983
DELAUNAY,4.286885245901639
BORDERLINE2,4.60655737704918
