index,0
BORDERLINE2,2.8934426229508197
DELAUNAY,3.3278688524590163
BORDERLINE1,3.3524590163934427
SMOTE,3.5163934426229506
SMOTE_SVM,4.024590163934426
GEOSMOTE,4.459016393442623
ORIGINAL,6.426229508196721
