index,0
SMOTE_SVM,3.4098360655737703
GEOSMOTE,3.5327868852459017
SMOTE,3.69672131147541
ORIGINAL,4.073770491803279
DELAUNAY,4.221311475409836
BORDERLINE1,4.262295081967213
BORDERLINE2,4.80327868852459
