index,0
DELAUNAY,2.8442622950819674
SMOTE,2.918032786885246
SMOTE_SVM,3.2131147540983607
BORDERLINE1,3.7459016393442623
BORDERLINE2,3.8934426229508197
ORIGINAL,4.385245901639344
