index,0
SMOTE,3.0
ORIGINAL,3.401639344262295
DELAUNAY,3.4836065573770494
SMOTE_SVM,3.4918032786885247
BORDERLINE2,3.7704918032786887
BORDERLINE1,3.8524590163934427
