index,0
ORIGINAL,2.5737704918032787
SMOTE_SVM,3.2704918032786887
SMOTE,3.6639344262295084
BORDERLINE1,3.9508196721311477
GEOSMOTE,3.9918032786885247
DELAUNAY,4.762295081967213
BORDERLINE2,5.786885245901639
