index,0
SMOTE_SVM,3.122950819672131
ORIGINAL,3.3360655737704916
SMOTE,3.418032786885246
BORDERLINE1,4.147540983606557
GEOSMOTE,4.327868852459017
DELAUNAY,4.786885245901639
BORDERLINE2,4.860655737704918
