index,0
SMOTE_SVM,2.9672131147540983
SMOTE,2.9754098360655736
BORDERLINE1,3.1721311475409837
DELAUNAY,3.3688524590163933
BORDERLINE2,3.622950819672131
ORIGINAL,4.89344262295082
