index,0
BORDERLINE2,2.901639344262295
SMOTE,2.9344262295081966
SMOTE_SVM,3.0163934426229506
BORDERLINE1,3.1557377049180326
DELAUNAY,3.918032786885246
ORIGINAL,5.073770491803279
