index,0
SMOTE,3.418032786885246
SMOTE_SVM,3.4672131147540983
BORDERLINE1,3.5327868852459017
GEOSMOTE,3.8114754098360657
DELAUNAY,3.8114754098360657
BORDERLINE2,4.237704918032787
ORIGINAL,5.721311475409836
