index,0
SMOTE,2.9754098360655736
ORIGINAL,3.1639344262295084
DELAUNAY,3.639344262295082
SMOTE_SVM,3.6885245901639343
BORDERLINE2,3.737704918032787
BORDERLINE1,3.7950819672131146
