index,0
SMOTE,2.9918032786885247
BORDERLINE1,3.122950819672131
SMOTE_SVM,3.2131147540983607
DELAUNAY,3.2295081967213113
BORDERLINE2,3.557377049180328
ORIGINAL,4.885245901639344
