index,0
SMOTE_SVM,2.8688524590163933
ORIGINAL,2.9344262295081966
SMOTE,3.459016393442623
BORDERLINE1,3.5163934426229506
DELAUNAY,3.762295081967213
BORDERLINE2,4.459016393442623
