index,0
SMOTE_SVM,2.9672131147540983
BORDERLINE1,3.0901639344262297
SMOTE,3.2131147540983607
ORIGINAL,3.6557377049180326
BORDERLINE2,3.901639344262295
DELAUNAY,4.172131147540983
