index,0
SMOTE_SVM,2.877049180327869
DELAUNAY,3.0901639344262297
SMOTE,3.1557377049180326
BORDERLINE1,3.581967213114754
ORIGINAL,3.9262295081967213
BORDERLINE2,4.368852459016393
