index,0
SMOTE_SVM,3.057377049180328
SMOTE,3.3360655737704916
GEOSMOTE,3.418032786885246
DELAUNAY,3.8524590163934427
BORDERLINE1,4.10655737704918
BORDERLINE2,4.786885245901639
ORIGINAL,5.442622950819672
