index,0
ORIGINAL,2.9754098360655736
SMOTE_SVM,3.122950819672131
SMOTE,3.7540983606557377
BORDERLINE1,3.9918032786885247
GEOSMOTE,4.008196721311475
DELAUNAY,4.401639344262295
BORDERLINE2,5.745901639344262
