index,0
SMOTE_SVM,2.8278688524590163
SMOTE,3.081967213114754
DELAUNAY,3.4918032786885247
BORDERLINE1,3.540983606557377
BORDERLINE2,3.6311475409836067
ORIGINAL,4.426229508196721
