index,0
SMOTE_SVM,3.0327868852459017
SMOTE,3.7459016393442623
ORIGINAL,3.918032786885246
GEOSMOTE,3.9754098360655736
DELAUNAY,4.10655737704918
BORDERLINE1,4.172131147540983
BORDERLINE2,5.049180327868853
