index,0
SMOTE,2.9754098360655736
SMOTE_SVM,3.040983606557377
BORDERLINE1,3.180327868852459
DELAUNAY,3.2950819672131146
BORDERLINE2,3.639344262295082
ORIGINAL,4.868852459016393
