index,0
SMOTE,2.877049180327869
SMOTE_SVM,3.0245901639344264
BORDERLINE1,3.0655737704918034
DELAUNAY,3.319672131147541
BORDERLINE2,3.680327868852459
ORIGINAL,5.032786885245901
