index,0
SMOTE_SVM,2.7540983606557377
SMOTE,2.9836065573770494
BORDERLINE1,3.4754098360655736
DELAUNAY,3.6311475409836067
ORIGINAL,3.901639344262295
BORDERLINE2,4.254098360655738
