index,0
BORDERLINE2,3.4836065573770494
SMOTE_SVM,3.762295081967213
SMOTE,3.8442622950819674
GEOSMOTE,3.8688524590163933
ORIGINAL,4.10655737704918
BORDERLINE1,4.360655737704918
DELAUNAY,4.573770491803279
