index,0
SMOTE,3.180327868852459
DELAUNAY,3.2049180327868854
SMOTE_SVM,3.30327868852459
BORDERLINE1,3.4918032786885247
ORIGINAL,3.7540983606557377
BORDERLINE2,4.065573770491803
