index,0
SMOTE,2.8934426229508197
SMOTE_SVM,3.0737704918032787
BORDERLINE1,3.19672131147541
DELAUNAY,3.4262295081967213
BORDERLINE2,3.5081967213114753
ORIGINAL,4.901639344262295
