index,0
BORDERLINE1,3.0491803278688523
DELAUNAY,3.0491803278688523
SMOTE,3.122950819672131
BORDERLINE2,3.1475409836065573
SMOTE_SVM,3.2950819672131146
ORIGINAL,5.336065573770492
