index,0
DELAUNAY,3.6721311475409837
SMOTE,3.7131147540983607
SMOTE_SVM,3.778688524590164
ORIGINAL,3.9344262295081966
BORDERLINE1,3.9836065573770494
GEOSMOTE,4.114754098360656
BORDERLINE2,4.80327868852459
