index,0
BORDERLINE2,2.7295081967213113
DELAUNAY,2.7868852459016393
BORDERLINE1,3.1147540983606556
SMOTE,3.2868852459016393
SMOTE_SVM,3.581967213114754
ORIGINAL,5.5
