index,0
SMOTE,3.122950819672131
BORDERLINE2,3.8524590163934427
BORDERLINE1,3.9344262295081966
SMOTE_SVM,3.9508196721311477
DELAUNAY,4.163934426229508
ORIGINAL,4.237704918032787
GEOSMOTE,4.737704918032787
