index,0
ORIGINAL,3.0327868852459017
DELAUNAY,3.3852459016393444
SMOTE,3.3934426229508197
SMOTE_SVM,3.4836065573770494
BORDERLINE1,3.5491803278688523
BORDERLINE2,4.155737704918033
