index,0
ORIGINAL,3.278688524590164
SMOTE_SVM,3.319672131147541
GEOSMOTE,3.9754098360655736
SMOTE,3.9836065573770494
BORDERLINE1,4.024590163934426
DELAUNAY,4.368852459016393
BORDERLINE2,5.049180327868853
