index,0
SMOTE_SVM,2.9918032786885247
BORDERLINE1,3.1147540983606556
SMOTE,3.221311475409836
ORIGINAL,3.7540983606557377
BORDERLINE2,3.9262295081967213
DELAUNAY,3.9918032786885247
