index,0
DELAUNAY,2.860655737704918
SMOTE_SVM,2.9344262295081966
SMOTE,3.237704918032787
BORDERLINE2,3.6065573770491803
BORDERLINE1,3.7459016393442623
ORIGINAL,4.614754098360656
