index,0
SMOTE_SVM,3.6557377049180326
BORDERLINE1,3.680327868852459
GEOSMOTE,3.819672131147541
DELAUNAY,3.9672131147540983
ORIGINAL,4.040983606557377
SMOTE,4.30327868852459
BORDERLINE2,4.532786885245901
