index,0
BORDERLINE2,2.5081967213114753
BORDERLINE1,2.8442622950819674
SMOTE,3.0327868852459017
SMOTE_SVM,3.3852459016393444
DELAUNAY,3.7459016393442623
ORIGINAL,5.483606557377049
