index,0
SMOTE,3.221311475409836
DELAUNAY,3.6639344262295084
BORDERLINE2,3.8442622950819674
BORDERLINE1,4.016393442622951
SMOTE_SVM,4.081967213114754
ORIGINAL,4.39344262295082
GEOSMOTE,4.778688524590164
