index,0
BORDERLINE2,3.0081967213114753
BORDERLINE1,3.459016393442623
DELAUNAY,3.459016393442623
SMOTE_SVM,3.622950819672131
SMOTE,3.7295081967213113
GEOSMOTE,4.647540983606557
ORIGINAL,6.073770491803279
