index,0
ORIGINAL,3.2459016393442623
SMOTE_SVM,3.2704918032786887
GEOSMOTE,3.9508196721311477
SMOTE,3.9918032786885247
BORDERLINE1,4.131147540983607
DELAUNAY,4.377049180327869
BORDERLINE2,5.032786885245901
