index,0
SMOTE,3.081967213114754
SMOTE_SVM,3.180327868852459
BORDERLINE1,3.4098360655737703
ORIGINAL,3.6311475409836067
DELAUNAY,3.737704918032787
BORDERLINE2,3.959016393442623
