index,0
BORDERLINE2,2.9262295081967213
DELAUNAY,3.2295081967213113
BORDERLINE1,3.3442622950819674
SMOTE,3.5327868852459017
SMOTE_SVM,4.024590163934426
GEOSMOTE,4.5
ORIGINAL,6.442622950819672
