index,0
SMOTE_SVM,2.6147540983606556
SMOTE,2.942622950819672
BORDERLINE1,3.3524590163934427
ORIGINAL,3.778688524590164
BORDERLINE2,4.131147540983607
DELAUNAY,4.180327868852459
