index,0
SMOTE,3.2868852459016393
BORDERLINE2,3.3524590163934427
DELAUNAY,3.377049180327869
SMOTE_SVM,3.4754098360655736
ORIGINAL,3.5737704918032787
BORDERLINE1,3.9344262295081966
