index,0
SMOTE_SVM,3.221311475409836
SMOTE,3.4672131147540983
DELAUNAY,3.4836065573770494
BORDERLINE1,4.090163934426229
GEOSMOTE,4.254098360655738
ORIGINAL,4.508196721311475
BORDERLINE2,4.975409836065574
