index,0
ORIGINAL,2.581967213114754
SMOTE,2.877049180327869
SMOTE_SVM,3.2295081967213113
BORDERLINE1,3.5327868852459017
DELAUNAY,4.352459016393443
BORDERLINE2,4.426229508196721
