index,0
BORDERLINE1,2.9918032786885247
SMOTE_SVM,3.040983606557377
ORIGINAL,3.442622950819672
SMOTE,3.6557377049180326
BORDERLINE2,3.69672131147541
DELAUNAY,4.172131147540983
