index,0
BORDERLINE2,2.5901639344262297
BORDERLINE1,2.9098360655737703
SMOTE,3.0491803278688523
SMOTE_SVM,3.459016393442623
DELAUNAY,3.5
ORIGINAL,5.491803278688525
