index,0
ORIGINAL,3.4672131147540983
SMOTE,3.7049180327868854
SMOTE_SVM,3.9754098360655736
DELAUNAY,4.049180327868853
GEOSMOTE,4.213114754098361
BORDERLINE2,4.221311475409836
BORDERLINE1,4.368852459016393
