index,0
BORDERLINE1,3.0901639344262297
SMOTE_SVM,3.1639344262295084
DELAUNAY,3.540983606557377
ORIGINAL,3.5655737704918034
SMOTE,3.7295081967213113
BORDERLINE2,3.9098360655737703
