index,0
BORDERLINE2,2.9098360655737703
BORDERLINE1,3.221311475409836
SMOTE_SVM,3.459016393442623
SMOTE,3.540983606557377
DELAUNAY,4.295081967213115
GEOSMOTE,4.516393442622951
ORIGINAL,6.057377049180328
