index,0
ORIGINAL,2.5
SMOTE_SVM,3.581967213114754
GEOSMOTE,3.69672131147541
DELAUNAY,4.213114754098361
SMOTE,4.270491803278689
BORDERLINE1,4.295081967213115
BORDERLINE2,5.442622950819672
