index,0
ORIGINAL,2.80327868852459
SMOTE_SVM,3.6065573770491803
SMOTE,3.7868852459016393
BORDERLINE1,3.9508196721311477
DELAUNAY,4.0
GEOSMOTE,4.204918032786885
BORDERLINE2,5.647540983606557
