index,0
ORIGINAL,2.8934426229508197
GEOSMOTE,3.4262295081967213
SMOTE,3.4672131147540983
SMOTE_SVM,4.049180327868853
DELAUNAY,4.213114754098361
BORDERLINE1,4.737704918032787
BORDERLINE2,5.213114754098361
