index,0
BORDERLINE2,2.8852459016393444
GEOSMOTE,3.6147540983606556
SMOTE_SVM,3.6721311475409837
DELAUNAY,3.80327868852459
SMOTE,3.901639344262295
BORDERLINE1,3.9672131147540983
ORIGINAL,6.155737704918033
