index,0
BORDERLINE2,2.778688524590164
GEOSMOTE,3.4508196721311477
SMOTE_SVM,3.4672131147540983
SMOTE,3.6639344262295084
BORDERLINE1,3.80327868852459
DELAUNAY,4.680327868852459
ORIGINAL,6.155737704918033
