index,0
SMOTE_SVM,2.901639344262295
ORIGINAL,2.9836065573770494
SMOTE,3.1475409836065573
BORDERLINE1,3.7540983606557377
DELAUNAY,3.8852459016393444
BORDERLINE2,4.327868852459017
