index,0
SMOTE,3.30327868852459
ORIGINAL,3.4508196721311477
DELAUNAY,4.057377049180328
SMOTE_SVM,4.147540983606557
BORDERLINE2,4.245901639344262
BORDERLINE1,4.311475409836065
GEOSMOTE,4.483606557377049
