index,0
SMOTE_SVM,3.2704918032786887
ORIGINAL,3.442622950819672
SMOTE,3.622950819672131
DELAUNAY,3.7459016393442623
BORDERLINE1,4.327868852459017
GEOSMOTE,4.557377049180328
BORDERLINE2,5.032786885245901
