index,0
BORDERLINE2,2.9918032786885247
DELAUNAY,3.3278688524590163
BORDERLINE1,3.442622950819672
SMOTE_SVM,3.69672131147541
SMOTE,3.8524590163934427
GEOSMOTE,4.60655737704918
ORIGINAL,6.081967213114754
