index,0
SMOTE,2.721311475409836
BORDERLINE2,2.721311475409836
BORDERLINE1,2.918032786885246
SMOTE_SVM,3.30327868852459
DELAUNAY,3.639344262295082
ORIGINAL,5.69672131147541
