index,0
ORIGINAL,1.8114754098360655
SMOTE_SVM,2.737704918032787
DELAUNAY,3.5737704918032787
BORDERLINE1,3.69672131147541
SMOTE,4.122950819672131
BORDERLINE2,5.057377049180328
