index,0
ORIGINAL,2.680327868852459
SMOTE,3.0
SMOTE_SVM,3.377049180327869
BORDERLINE1,3.6311475409836067
DELAUNAY,3.680327868852459
BORDERLINE2,4.631147540983607
