index,0
ORIGINAL,1.7704918032786885
SMOTE_SVM,2.5491803278688523
BORDERLINE1,3.5163934426229506
SMOTE,3.9098360655737703
DELAUNAY,4.336065573770492
BORDERLINE2,4.918032786885246
