index,0
BORDERLINE2,2.959016393442623
DELAUNAY,3.057377049180328
GEOSMOTE,3.721311475409836
SMOTE_SVM,3.8688524590163933
SMOTE,4.032786885245901
BORDERLINE1,4.163934426229508
ORIGINAL,6.19672131147541
