index,0
SMOTE_SVM,2.5901639344262297
SMOTE,2.8360655737704916
BORDERLINE1,3.442622950819672
DELAUNAY,3.4754098360655736
BORDERLINE2,4.0
ORIGINAL,4.655737704918033
