index,0
SMOTE_SVM,2.860655737704918
SMOTE,2.942622950819672
BORDERLINE1,3.1721311475409837
ORIGINAL,3.3688524590163933
DELAUNAY,4.270491803278689
BORDERLINE2,4.385245901639344
