index,0
SMOTE,3.1475409836065573
BORDERLINE2,3.8360655737704916
BORDERLINE1,3.918032786885246
SMOTE_SVM,4.0
DELAUNAY,4.114754098360656
ORIGINAL,4.229508196721311
GEOSMOTE,4.754098360655738
