index,0
ORIGINAL,2.0327868852459017
SMOTE_SVM,2.680327868852459
BORDERLINE1,3.4508196721311477
DELAUNAY,3.877049180327869
SMOTE,4.122950819672131
BORDERLINE2,4.836065573770492
