index,0
ORIGINAL,2.2131147540983607
SMOTE_SVM,3.1885245901639343
GEOSMOTE,3.2131147540983607
BORDERLINE1,3.9672131147540983
SMOTE,4.639344262295082
DELAUNAY,5.295081967213115
BORDERLINE2,5.483606557377049
