index,0
ORIGINAL,3.237704918032787
SMOTE_SVM,3.3442622950819674
GEOSMOTE,3.8688524590163933
SMOTE,3.9836065573770494
BORDERLINE1,4.065573770491803
DELAUNAY,4.483606557377049
BORDERLINE2,5.016393442622951
