index,0
ORIGINAL,2.057377049180328
SMOTE_SVM,2.7049180327868854
DELAUNAY,3.459016393442623
BORDERLINE1,3.5655737704918034
SMOTE,4.254098360655738
BORDERLINE2,4.959016393442623
