index,0
ORIGINAL,2.4508196721311477
SMOTE_SVM,3.0163934426229506
SMOTE,3.19672131147541
BORDERLINE1,3.278688524590164
DELAUNAY,4.213114754098361
BORDERLINE2,4.844262295081967
