index,0
SMOTE_SVM,3.401639344262295
BORDERLINE1,3.721311475409836
DELAUNAY,3.8524590163934427
SMOTE,3.860655737704918
ORIGINAL,4.270491803278689
GEOSMOTE,4.295081967213115
BORDERLINE2,4.598360655737705
