index,0
DELAUNAY,3.3934426229508197
SMOTE,3.581967213114754
SMOTE_SVM,3.581967213114754
GEOSMOTE,3.7540983606557377
BORDERLINE1,3.778688524590164
BORDERLINE2,4.270491803278689
ORIGINAL,5.639344262295082
