index,0
SMOTE,2.8278688524590163
SMOTE_SVM,2.9672131147540983
BORDERLINE1,3.0163934426229506
DELAUNAY,3.2950819672131146
BORDERLINE2,3.5737704918032787
ORIGINAL,5.319672131147541
