index,0
BORDERLINE1,3.2540983606557377
BORDERLINE2,3.2950819672131146
GEOSMOTE,3.581967213114754
SMOTE_SVM,3.6721311475409837
SMOTE,3.6885245901639343
DELAUNAY,4.131147540983607
ORIGINAL,6.377049180327869
