index,0
SMOTE,3.3852459016393444
GEOSMOTE,3.4262295081967213
DELAUNAY,3.4754098360655736
SMOTE_SVM,3.540983606557377
BORDERLINE1,3.622950819672131
BORDERLINE2,4.360655737704918
ORIGINAL,6.188524590163935
