index,0
ORIGINAL,2.221311475409836
SMOTE_SVM,3.040983606557377
DELAUNAY,3.5491803278688523
SMOTE,3.721311475409836
BORDERLINE1,3.7540983606557377
BORDERLINE2,4.713114754098361
