index,0
SMOTE,3.1639344262295084
DELAUNAY,3.8278688524590163
BORDERLINE2,3.8360655737704916
BORDERLINE1,3.959016393442623
SMOTE_SVM,4.090163934426229
ORIGINAL,4.319672131147541
GEOSMOTE,4.80327868852459
