index,0
DELAUNAY,2.80327868852459
BORDERLINE2,2.9344262295081966
SMOTE,3.0
BORDERLINE1,3.1065573770491803
SMOTE_SVM,3.459016393442623
ORIGINAL,5.69672131147541
