index,0
SMOTE,3.0491803278688523
DELAUNAY,3.1311475409836067
ORIGINAL,3.4508196721311477
SMOTE_SVM,3.5901639344262297
BORDERLINE2,3.8524590163934427
BORDERLINE1,3.9262295081967213
