index,0
SMOTE,3.459016393442623
GEOSMOTE,3.598360655737705
ORIGINAL,3.9344262295081966
DELAUNAY,4.040983606557377
SMOTE_SVM,4.122950819672131
BORDERLINE2,4.344262295081967
BORDERLINE1,4.5
