index,0
SMOTE_SVM,3.262295081967213
ORIGINAL,3.4672131147540983
SMOTE,3.5655737704918034
DELAUNAY,3.6885245901639343
BORDERLINE1,4.286885245901639
GEOSMOTE,4.631147540983607
BORDERLINE2,5.098360655737705
