index,0
SMOTE_SVM,2.9836065573770494
BORDERLINE1,3.1639344262295084
SMOTE,3.2704918032786887
ORIGINAL,3.7540983606557377
DELAUNAY,3.877049180327869
BORDERLINE2,3.9508196721311477
