index,0
BORDERLINE2,2.4098360655737703
BORDERLINE1,2.9344262295081966
SMOTE,3.0901639344262297
DELAUNAY,3.360655737704918
SMOTE_SVM,3.5
ORIGINAL,5.704918032786885
