index,0
ORIGINAL,2.8524590163934427
SMOTE_SVM,2.9508196721311477
SMOTE,3.4754098360655736
BORDERLINE1,3.721311475409836
GEOSMOTE,3.762295081967213
BORDERLINE2,5.30327868852459
DELAUNAY,5.934426229508197
