index,0
BORDERLINE2,2.7540983606557377
DELAUNAY,3.057377049180328
SMOTE_SVM,3.2049180327868854
SMOTE,3.2540983606557377
BORDERLINE1,3.4918032786885247
ORIGINAL,5.237704918032787
