index,0
SMOTE_SVM,2.942622950819672
SMOTE,3.3114754098360657
GEOSMOTE,3.360655737704918
DELAUNAY,3.9508196721311477
BORDERLINE1,4.10655737704918
BORDERLINE2,4.811475409836065
ORIGINAL,5.516393442622951
