index,0
SMOTE,3.1475409836065573
BORDERLINE2,3.721311475409836
BORDERLINE1,3.8360655737704916
SMOTE_SVM,3.9508196721311477
ORIGINAL,4.180327868852459
DELAUNAY,4.491803278688525
GEOSMOTE,4.672131147540983
