index,0
BORDERLINE1,2.721311475409836
SMOTE,3.0327868852459017
BORDERLINE2,3.040983606557377
SMOTE_SVM,3.180327868852459
DELAUNAY,3.5
ORIGINAL,5.524590163934426
