index,0
ORIGINAL,2.8852459016393444
SMOTE_SVM,3.581967213114754
SMOTE,3.8524590163934427
DELAUNAY,3.860655737704918
BORDERLINE1,3.9262295081967213
GEOSMOTE,4.221311475409836
BORDERLINE2,5.672131147540983
