index,0
SMOTE,2.6885245901639343
SMOTE_SVM,3.30327868852459
ORIGINAL,3.4918032786885247
DELAUNAY,3.639344262295082
BORDERLINE1,3.9262295081967213
BORDERLINE2,3.9508196721311477
