index,0
SMOTE_SVM,3.0737704918032787
ORIGINAL,3.3442622950819674
SMOTE,3.3852459016393444
BORDERLINE1,4.122950819672131
GEOSMOTE,4.319672131147541
BORDERLINE2,4.852459016393443
DELAUNAY,4.901639344262295
