index,0
ORIGINAL,3.0081967213114753
SMOTE,3.237704918032787
SMOTE_SVM,3.401639344262295
BORDERLINE1,3.418032786885246
DELAUNAY,3.959016393442623
BORDERLINE2,3.9754098360655736
