index,0
ORIGINAL,3.122950819672131
SMOTE_SVM,3.19672131147541
GEOSMOTE,3.778688524590164
SMOTE,3.819672131147541
BORDERLINE1,3.9098360655737703
BORDERLINE2,4.860655737704918
DELAUNAY,5.311475409836065
