index,0
SMOTE,2.8688524590163933
BORDERLINE2,2.877049180327869
BORDERLINE1,3.0327868852459017
DELAUNAY,3.2131147540983607
SMOTE_SVM,3.30327868852459
ORIGINAL,5.704918032786885
