index,0
ORIGINAL,2.1557377049180326
SMOTE_SVM,2.7131147540983607
SMOTE,3.122950819672131
BORDERLINE1,3.2868852459016393
BORDERLINE2,4.80327868852459
DELAUNAY,4.918032786885246
