index,0
SMOTE_SVM,3.459016393442623
GEOSMOTE,3.557377049180328
SMOTE,3.7295081967213113
DELAUNAY,3.9344262295081966
ORIGINAL,4.098360655737705
BORDERLINE1,4.344262295081967
BORDERLINE2,4.877049180327869
