index,0
SMOTE,3.6065573770491803
DELAUNAY,3.7459016393442623
SMOTE_SVM,3.819672131147541
BORDERLINE1,3.9262295081967213
ORIGINAL,3.9836065573770494
GEOSMOTE,4.139344262295082
BORDERLINE2,4.778688524590164
