index,0
SMOTE,3.5245901639344264
BORDERLINE1,3.540983606557377
SMOTE_SVM,3.7295081967213113
BORDERLINE2,3.7459016393442623
DELAUNAY,3.778688524590164
GEOSMOTE,3.942622950819672
ORIGINAL,5.737704918032787
