index,0
SMOTE,2.7049180327868854
BORDERLINE1,3.180327868852459
SMOTE_SVM,3.237704918032787
BORDERLINE2,3.622950819672131
DELAUNAY,3.7540983606557377
ORIGINAL,4.5
