index,0
BORDERLINE2,2.778688524590164
DELAUNAY,2.8114754098360657
BORDERLINE1,3.1557377049180326
SMOTE_SVM,3.4262295081967213
SMOTE,3.442622950819672
ORIGINAL,5.385245901639344
