index,0
ORIGINAL,2.0327868852459017
GEOSMOTE,3.4754098360655736
DELAUNAY,3.4754098360655736
SMOTE_SVM,3.540983606557377
BORDERLINE1,4.475409836065574
SMOTE,4.967213114754099
BORDERLINE2,6.032786885245901
