index,0
DELAUNAY,3.5
ORIGINAL,3.5737704918032787
SMOTE,3.8278688524590163
SMOTE_SVM,4.114754098360656
BORDERLINE2,4.262295081967213
GEOSMOTE,4.262295081967213
BORDERLINE1,4.459016393442623
