index,0
SMOTE_SVM,2.7295081967213113
ORIGINAL,2.737704918032787
SMOTE,3.2295081967213113
BORDERLINE1,3.2868852459016393
BORDERLINE2,4.221311475409836
DELAUNAY,4.795081967213115
