index,0
ORIGINAL,2.7540983606557377
SMOTE_SVM,3.4344262295081966
SMOTE,3.6065573770491803
BORDERLINE1,3.778688524590164
GEOSMOTE,4.049180327868853
DELAUNAY,4.836065573770492
BORDERLINE2,5.540983606557377
