index,0
SMOTE_SVM,3.0245901639344264
BORDERLINE1,3.2131147540983607
SMOTE,3.3360655737704916
DELAUNAY,3.6557377049180326
ORIGINAL,3.7704918032786887
BORDERLINE2,4.0
