index,0
BORDERLINE1,2.6721311475409837
SMOTE,2.9262295081967213
BORDERLINE2,2.9508196721311477
SMOTE_SVM,3.1065573770491803
DELAUNAY,3.8114754098360657
ORIGINAL,5.532786885245901
