index,0
ORIGINAL,3.1147540983606556
DELAUNAY,3.3360655737704916
SMOTE,3.3442622950819674
SMOTE_SVM,3.639344262295082
BORDERLINE2,3.6475409836065573
BORDERLINE1,3.918032786885246
