index,0
ORIGINAL,3.0737704918032787
SMOTE,3.3934426229508197
SMOTE_SVM,3.7704918032786887
DELAUNAY,4.081967213114754
BORDERLINE1,4.180327868852459
GEOSMOTE,4.319672131147541
BORDERLINE2,5.180327868852459
