index,0
SMOTE,2.69672131147541
BORDERLINE1,3.040983606557377
SMOTE_SVM,3.0655737704918034
BORDERLINE2,3.401639344262295
DELAUNAY,3.69672131147541
ORIGINAL,5.098360655737705
