index,0
SMOTE,2.680327868852459
SMOTE_SVM,3.1639344262295084
ORIGINAL,3.540983606557377
BORDERLINE1,3.7295081967213113
BORDERLINE2,3.8852459016393444
DELAUNAY,4.0
