index,0
BORDERLINE2,2.6475409836065573
DELAUNAY,2.9508196721311477
BORDERLINE1,3.0737704918032787
SMOTE,3.2131147540983607
SMOTE_SVM,3.5901639344262297
ORIGINAL,5.524590163934426
