index,0
BORDERLINE1,2.877049180327869
BORDERLINE2,2.918032786885246
DELAUNAY,3.2049180327868854
SMOTE,3.2540983606557377
SMOTE_SVM,3.2540983606557377
ORIGINAL,5.491803278688525
