index,0
SMOTE,3.0245901639344264
BORDERLINE1,3.0491803278688523
BORDERLINE2,3.1147540983606556
SMOTE_SVM,3.2868852459016393
DELAUNAY,3.598360655737705
ORIGINAL,4.926229508196721
