index,0
SMOTE,3.2459016393442623
DELAUNAY,3.3114754098360657
SMOTE_SVM,3.442622950819672
ORIGINAL,3.459016393442623
BORDERLINE2,3.4672131147540983
BORDERLINE1,4.073770491803279
