index,0
SMOTE_SVM,2.9918032786885247
ORIGINAL,3.0081967213114753
SMOTE,3.2131147540983607
DELAUNAY,3.459016393442623
BORDERLINE1,3.819672131147541
BORDERLINE2,4.508196721311475
