index,0
SMOTE,2.860655737704918
SMOTE_SVM,3.0
BORDERLINE1,3.0245901639344264
DELAUNAY,3.1639344262295084
BORDERLINE2,3.6475409836065573
ORIGINAL,5.30327868852459
