index,0
BORDERLINE2,2.942622950819672
SMOTE,2.9836065573770494
SMOTE_SVM,2.9836065573770494
BORDERLINE1,3.1311475409836067
DELAUNAY,3.9672131147540983
ORIGINAL,4.991803278688525
