index,0
SMOTE,3.598360655737705
SMOTE_SVM,3.721311475409836
BORDERLINE1,3.918032786885246
ORIGINAL,3.9508196721311477
DELAUNAY,4.016393442622951
GEOSMOTE,4.040983606557377
BORDERLINE2,4.754098360655738
