index,0
SMOTE,3.4918032786885247
BORDERLINE1,3.6065573770491803
DELAUNAY,3.6639344262295084
BORDERLINE2,3.7131147540983607
SMOTE_SVM,3.778688524590164
GEOSMOTE,3.9754098360655736
ORIGINAL,5.770491803278689
