index,0
SMOTE_SVM,3.2950819672131146
ORIGINAL,3.459016393442623
DELAUNAY,3.459016393442623
SMOTE,3.6721311475409837
BORDERLINE1,4.368852459016393
GEOSMOTE,4.639344262295082
BORDERLINE2,5.10655737704918
