index,0
BORDERLINE2,2.680327868852459
BORDERLINE1,3.2868852459016393
SMOTE,3.4672131147540983
GEOSMOTE,3.540983606557377
SMOTE_SVM,3.9098360655737703
DELAUNAY,4.475409836065574
ORIGINAL,6.639344262295082
