index,0
ORIGINAL,3.0901639344262297
SMOTE,3.3688524590163933
SMOTE_SVM,3.778688524590164
DELAUNAY,4.073770491803279
BORDERLINE1,4.10655737704918
GEOSMOTE,4.352459016393443
BORDERLINE2,5.229508196721311
