index,0
ORIGINAL,2.5737704918032787
SMOTE,2.7459016393442623
SMOTE_SVM,3.3934426229508197
BORDERLINE1,3.877049180327869
DELAUNAY,4.073770491803279
BORDERLINE2,4.336065573770492
