index,0
BORDERLINE2,3.139344262295082
SMOTE_SVM,3.377049180327869
DELAUNAY,3.418032786885246
SMOTE,3.4262295081967213
ORIGINAL,3.622950819672131
BORDERLINE1,4.016393442622951
