index,0
SMOTE_SVM,2.9918032786885247
BORDERLINE1,3.1475409836065573
SMOTE,3.2950819672131146
ORIGINAL,3.778688524590164
DELAUNAY,3.7950819672131146
BORDERLINE2,3.9918032786885247
