index,0
SMOTE,2.819672131147541
DELAUNAY,3.098360655737705
SMOTE_SVM,3.139344262295082
BORDERLINE1,3.69672131147541
BORDERLINE2,3.860655737704918
ORIGINAL,4.385245901639344
