index,0
SMOTE,2.6885245901639343
SMOTE_SVM,2.9508196721311477
BORDERLINE1,2.959016393442623
BORDERLINE2,3.540983606557377
DELAUNAY,3.6065573770491803
ORIGINAL,5.254098360655738
