index,0
SMOTE_SVM,3.057377049180328
BORDERLINE1,3.1885245901639343
SMOTE,3.3442622950819674
DELAUNAY,3.581967213114754
ORIGINAL,3.819672131147541
BORDERLINE2,4.008196721311475
