index,0
ORIGINAL,2.0081967213114753
GEOSMOTE,3.360655737704918
SMOTE_SVM,3.4098360655737703
DELAUNAY,3.8852459016393444
BORDERLINE1,4.426229508196721
SMOTE,4.909836065573771
BORDERLINE2,6.0
