index,0
ORIGINAL,2.3934426229508197
SMOTE_SVM,3.418032786885246
GEOSMOTE,3.4262295081967213
SMOTE,4.090163934426229
BORDERLINE1,4.10655737704918
BORDERLINE2,5.122950819672131
DELAUNAY,5.442622950819672
