index,0
ORIGINAL,2.819672131147541
SMOTE_SVM,3.442622950819672
SMOTE,3.6475409836065573
BORDERLINE1,3.778688524590164
GEOSMOTE,4.139344262295082
DELAUNAY,4.631147540983607
BORDERLINE2,5.540983606557377
