index,0
DELAUNAY,3.1557377049180326
ORIGINAL,3.180327868852459
SMOTE,3.3442622950819674
SMOTE_SVM,3.6885245901639343
BORDERLINE2,3.7131147540983607
BORDERLINE1,3.918032786885246
