index,0
DELAUNAY,3.0
BORDERLINE2,3.040983606557377
GEOSMOTE,3.7704918032786887
SMOTE_SVM,3.8114754098360657
SMOTE,4.040983606557377
BORDERLINE1,4.172131147540983
ORIGINAL,6.163934426229508
