index,0
SMOTE_SVM,3.377049180327869
GEOSMOTE,3.4836065573770494
SMOTE,3.7131147540983607
ORIGINAL,4.057377049180328
DELAUNAY,4.254098360655738
BORDERLINE1,4.286885245901639
BORDERLINE2,4.827868852459017
