index,0
BORDERLINE2,2.8360655737704916
SMOTE_SVM,2.9344262295081966
SMOTE,3.1557377049180326
DELAUNAY,3.5737704918032787
BORDERLINE1,3.721311475409836
ORIGINAL,4.778688524590164
