index,0
BORDERLINE2,3.4262295081967213
SMOTE_SVM,3.5081967213114753
DELAUNAY,3.557377049180328
GEOSMOTE,3.6311475409836067
SMOTE,3.8278688524590163
BORDERLINE1,4.483606557377049
ORIGINAL,5.565573770491803
