index,0
SMOTE_SVM,2.5901639344262297
SMOTE,2.7704918032786887
BORDERLINE1,3.3688524590163933
DELAUNAY,3.6721311475409837
BORDERLINE2,3.9508196721311477
ORIGINAL,4.647540983606557
