index,0
SMOTE_SVM,2.4754098360655736
SMOTE,3.0737704918032787
ORIGINAL,3.262295081967213
BORDERLINE1,3.4098360655737703
BORDERLINE2,4.262295081967213
DELAUNAY,4.516393442622951
