index,0
SMOTE_SVM,3.377049180327869
SMOTE,3.4836065573770494
BORDERLINE1,3.680327868852459
ORIGINAL,3.8934426229508197
GEOSMOTE,4.024590163934426
DELAUNAY,4.344262295081967
BORDERLINE2,5.19672131147541
