index,0
DELAUNAY,3.2459016393442623
ORIGINAL,3.418032786885246
SMOTE,4.024590163934426
SMOTE_SVM,4.057377049180328
BORDERLINE1,4.122950819672131
GEOSMOTE,4.30327868852459
BORDERLINE2,4.827868852459017
