index,0
ORIGINAL,2.0901639344262297
SMOTE_SVM,2.8442622950819674
SMOTE,3.4262295081967213
BORDERLINE1,3.5327868852459017
BORDERLINE2,4.483606557377049
DELAUNAY,4.622950819672131
