index,0
SMOTE,3.6475409836065573
SMOTE_SVM,3.7704918032786887
BORDERLINE1,3.8688524590163933
ORIGINAL,3.918032786885246
DELAUNAY,4.008196721311475
GEOSMOTE,4.090163934426229
BORDERLINE2,4.69672131147541
