index,0
SMOTE,2.9508196721311477
SMOTE_SVM,2.9508196721311477
BORDERLINE1,3.0
BORDERLINE2,3.5737704918032787
DELAUNAY,3.5737704918032787
ORIGINAL,4.950819672131147
