index,0
BORDERLINE2,2.4754098360655736
DELAUNAY,2.9836065573770494
SMOTE_SVM,3.262295081967213
SMOTE,3.459016393442623
BORDERLINE1,3.5491803278688523
ORIGINAL,5.270491803278689
