index,0
BORDERLINE2,2.942622950819672
DELAUNAY,3.1885245901639343
BORDERLINE1,3.5491803278688523
SMOTE,3.69672131147541
GEOSMOTE,3.737704918032787
SMOTE_SVM,4.204918032786885
ORIGINAL,6.680327868852459
