index,0
SMOTE,3.4754098360655736
BORDERLINE1,3.5737704918032787
DELAUNAY,3.6065573770491803
BORDERLINE2,3.7295081967213113
SMOTE_SVM,3.8278688524590163
GEOSMOTE,3.9918032786885247
ORIGINAL,5.795081967213115
