index,0
BORDERLINE2,2.8278688524590163
SMOTE,2.9836065573770494
BORDERLINE1,3.0
DELAUNAY,3.1065573770491803
SMOTE_SVM,3.3524590163934427
ORIGINAL,5.729508196721311
