index,0
ORIGINAL,2.30327868852459
SMOTE_SVM,2.8442622950819674
SMOTE,3.2131147540983607
BORDERLINE1,3.459016393442623
DELAUNAY,4.122950819672131
BORDERLINE2,5.057377049180328
