index,0
SMOTE,3.5081967213114753
GEOSMOTE,3.639344262295082
DELAUNAY,3.8360655737704916
ORIGINAL,3.9508196721311477
SMOTE_SVM,4.155737704918033
BORDERLINE2,4.368852459016393
BORDERLINE1,4.540983606557377
