index,0
SMOTE,3.1557377049180326
DELAUNAY,3.4672131147540983
BORDERLINE1,3.6147540983606556
SMOTE_SVM,3.680327868852459
GEOSMOTE,4.008196721311475
BORDERLINE2,4.114754098360656
ORIGINAL,5.959016393442623
