index,0
SMOTE,2.9918032786885247
BORDERLINE1,3.442622950819672
SMOTE_SVM,3.5245901639344264
GEOSMOTE,3.69672131147541
BORDERLINE2,3.918032786885246
DELAUNAY,4.573770491803279
ORIGINAL,5.852459016393443
