index,0
BORDERLINE1,3.1475409836065573
SMOTE,3.1639344262295084
BORDERLINE2,3.180327868852459
DELAUNAY,3.19672131147541
SMOTE_SVM,3.3934426229508197
ORIGINAL,4.918032786885246
