index,0
BORDERLINE2,2.8688524590163933
BORDERLINE1,3.180327868852459
SMOTE,3.3688524590163933
SMOTE_SVM,3.8934426229508197
DELAUNAY,3.9262295081967213
GEOSMOTE,4.352459016393443
ORIGINAL,6.409836065573771
