index,0
SMOTE,3.0737704918032787
BORDERLINE1,3.1557377049180326
DELAUNAY,3.1639344262295084
BORDERLINE2,3.2295081967213113
SMOTE_SVM,3.401639344262295
ORIGINAL,4.975409836065574
