index,0
ORIGINAL,2.901639344262295
SMOTE,3.319672131147541
GEOSMOTE,3.7295081967213113
SMOTE_SVM,3.9836065573770494
BORDERLINE1,4.516393442622951
DELAUNAY,4.565573770491803
BORDERLINE2,4.983606557377049
