index,0
SMOTE,2.959016393442623
SMOTE_SVM,3.057377049180328
DELAUNAY,3.122950819672131
BORDERLINE1,3.1311475409836067
BORDERLINE2,3.737704918032787
ORIGINAL,4.991803278688525
