index,0
SMOTE,3.262295081967213
GEOSMOTE,3.3524590163934427
SMOTE_SVM,3.6147540983606556
DELAUNAY,3.9836065573770494
BORDERLINE1,4.295081967213115
BORDERLINE2,4.459016393442623
ORIGINAL,5.032786885245901
