index,0
ORIGINAL,2.598360655737705
SMOTE_SVM,3.30327868852459
SMOTE,3.7049180327868854
BORDERLINE1,3.8852459016393444
GEOSMOTE,4.0
DELAUNAY,4.729508196721311
BORDERLINE2,5.778688524590164
