index,0
SMOTE_SVM,3.19672131147541
ORIGINAL,3.418032786885246
SMOTE,3.4672131147540983
DELAUNAY,4.180327868852459
BORDERLINE1,4.213114754098361
GEOSMOTE,4.516393442622951
BORDERLINE2,5.008196721311475
