index,0
BORDERLINE2,2.860655737704918
SMOTE_SVM,3.5655737704918034
GEOSMOTE,3.6147540983606556
SMOTE,3.7868852459016393
BORDERLINE1,3.901639344262295
DELAUNAY,4.098360655737705
ORIGINAL,6.172131147540983
