index,0
ORIGINAL,2.3852459016393444
SMOTE_SVM,2.8852459016393444
SMOTE,3.139344262295082
BORDERLINE1,3.19672131147541
BORDERLINE2,4.549180327868853
DELAUNAY,4.844262295081967
