index,0
DELAUNAY,2.819672131147541
SMOTE,3.0
SMOTE_SVM,3.2295081967213113
BORDERLINE1,3.7295081967213113
BORDERLINE2,3.8524590163934427
ORIGINAL,4.368852459016393
