index,0
ORIGINAL,3.0327868852459017
SMOTE,3.442622950819672
DELAUNAY,3.7049180327868854
GEOSMOTE,3.7868852459016393
SMOTE_SVM,4.122950819672131
BORDERLINE1,4.688524590163935
BORDERLINE2,5.221311475409836
