index,0
BORDERLINE2,2.9262295081967213
DELAUNAY,3.4836065573770494
GEOSMOTE,3.680327868852459
SMOTE_SVM,3.737704918032787
SMOTE,3.9098360655737703
BORDERLINE1,4.081967213114754
ORIGINAL,6.180327868852459
