index,0
SMOTE_SVM,2.7295081967213113
SMOTE,3.0081967213114753
BORDERLINE2,3.459016393442623
BORDERLINE1,3.581967213114754
DELAUNAY,3.721311475409836
ORIGINAL,4.5
