index,0
SMOTE_SVM,2.9754098360655736
SMOTE,3.2540983606557377
DELAUNAY,3.3442622950819674
ORIGINAL,3.581967213114754
BORDERLINE1,3.7131147540983607
BORDERLINE2,4.131147540983607
