index,0
ORIGINAL,2.8278688524590163
SMOTE_SVM,3.6147540983606556
SMOTE,3.819672131147541
BORDERLINE1,3.9754098360655736
DELAUNAY,3.9836065573770494
GEOSMOTE,4.180327868852459
BORDERLINE2,5.598360655737705
