index,0
BORDERLINE2,2.4918032786885247
DELAUNAY,3.0327868852459017
SMOTE_SVM,3.2704918032786887
SMOTE,3.377049180327869
BORDERLINE1,3.5491803278688523
ORIGINAL,5.278688524590164
