index,0
ORIGINAL,2.540983606557377
SMOTE,3.0163934426229506
SMOTE_SVM,3.4262295081967213
DELAUNAY,3.5491803278688523
BORDERLINE1,4.073770491803279
BORDERLINE2,4.39344262295082
