index,0
SMOTE,3.1721311475409837
GEOSMOTE,3.1721311475409837
SMOTE_SVM,3.4098360655737703
BORDERLINE1,3.442622950819672
BORDERLINE2,4.122950819672131
DELAUNAY,4.590163934426229
ORIGINAL,6.090163934426229
