index,0
SMOTE_SVM,2.9754098360655736
SMOTE,2.9918032786885247
BORDERLINE1,3.1721311475409837
DELAUNAY,3.4098360655737703
BORDERLINE2,3.6065573770491803
ORIGINAL,4.844262295081967
