index,0
ORIGINAL,2.6311475409836067
SMOTE_SVM,2.639344262295082
SMOTE,3.2131147540983607
BORDERLINE1,3.442622950819672
DELAUNAY,4.114754098360656
BORDERLINE2,4.959016393442623
