index,0
SMOTE_SVM,2.4754098360655736
SMOTE,3.0081967213114753
ORIGINAL,3.221311475409836
BORDERLINE1,3.3442622950819674
BORDERLINE2,4.172131147540983
DELAUNAY,4.778688524590164
