index,0
ORIGINAL,1.9508196721311475
SMOTE_SVM,2.762295081967213
BORDERLINE1,3.442622950819672
SMOTE,3.9918032786885247
DELAUNAY,4.131147540983607
BORDERLINE2,4.721311475409836
