index,0
SMOTE_SVM,2.5655737704918034
SMOTE,2.8360655737704916
BORDERLINE1,3.3360655737704916
ORIGINAL,3.7540983606557377
BORDERLINE2,4.008196721311475
DELAUNAY,4.5
