index,0
SMOTE_SVM,2.9918032786885247
BORDERLINE1,3.1639344262295084
SMOTE,3.2868852459016393
ORIGINAL,3.737704918032787
BORDERLINE2,3.8934426229508197
DELAUNAY,3.9262295081967213
