index,0
SMOTE,2.8114754098360657
DELAUNAY,3.0901639344262297
SMOTE_SVM,3.1557377049180326
BORDERLINE1,3.7049180327868854
BORDERLINE2,3.8688524590163933
ORIGINAL,4.368852459016393
