index,0
BORDERLINE2,2.418032786885246
SMOTE_SVM,3.098360655737705
SMOTE,3.319672131147541
DELAUNAY,3.4344262295081966
BORDERLINE1,3.4918032786885247
ORIGINAL,5.237704918032787
