index,0
SMOTE,2.9344262295081966
SMOTE_SVM,3.057377049180328
BORDERLINE1,3.1065573770491803
DELAUNAY,3.1721311475409837
BORDERLINE2,3.737704918032787
ORIGINAL,4.991803278688525
