index,0
SMOTE_SVM,3.0
SMOTE,3.278688524590164
BORDERLINE1,3.9262295081967213
GEOSMOTE,4.040983606557377
ORIGINAL,4.401639344262295
DELAUNAY,4.590163934426229
BORDERLINE2,4.762295081967213
