index,0
ORIGINAL,3.0655737704918034
SMOTE_SVM,3.139344262295082
SMOTE,3.737704918032787
BORDERLINE1,4.040983606557377
GEOSMOTE,4.081967213114754
DELAUNAY,4.213114754098361
BORDERLINE2,5.721311475409836
