index,0
ORIGINAL,2.7704918032786887
SMOTE,3.0901639344262297
DELAUNAY,3.3114754098360657
SMOTE_SVM,3.4262295081967213
BORDERLINE1,3.762295081967213
BORDERLINE2,4.639344262295082
