index,0
SMOTE_SVM,3.040983606557377
SMOTE,3.0491803278688523
BORDERLINE1,3.057377049180328
DELAUNAY,3.2295081967213113
BORDERLINE2,3.6639344262295084
ORIGINAL,4.959016393442623
