index,0
ORIGINAL,2.0
SMOTE_SVM,2.6311475409836067
BORDERLINE1,3.3852459016393444
SMOTE,4.040983606557377
DELAUNAY,4.114754098360656
BORDERLINE2,4.827868852459017
