index,0
SMOTE,3.0081967213114753
BORDERLINE1,3.377049180327869
SMOTE_SVM,3.401639344262295
GEOSMOTE,3.737704918032787
BORDERLINE2,3.7704918032786887
DELAUNAY,4.868852459016393
ORIGINAL,5.836065573770492
