index,0
SMOTE_SVM,2.8442622950819674
DELAUNAY,2.942622950819672
SMOTE,3.1557377049180326
BORDERLINE2,3.6065573770491803
BORDERLINE1,3.7459016393442623
ORIGINAL,4.704918032786885
