index,0
BORDERLINE1,3.2704918032786887
BORDERLINE2,3.2950819672131146
GEOSMOTE,3.639344262295082
SMOTE_SVM,3.680327868852459
SMOTE,3.7131147540983607
DELAUNAY,4.008196721311475
ORIGINAL,6.39344262295082
