index,0
SMOTE,2.6639344262295084
BORDERLINE1,3.098360655737705
SMOTE_SVM,3.1885245901639343
BORDERLINE2,3.581967213114754
DELAUNAY,4.032786885245901
ORIGINAL,4.434426229508197
