index,0
ORIGINAL,2.4754098360655736
SMOTE_SVM,2.901639344262295
SMOTE,3.1721311475409837
BORDERLINE1,3.2459016393442623
DELAUNAY,4.540983606557377
BORDERLINE2,4.663934426229508
