index,0
SMOTE_SVM,2.9098360655737703
SMOTE,3.5655737704918034
ORIGINAL,3.7459016393442623
GEOSMOTE,3.7868852459016393
BORDERLINE1,4.0
BORDERLINE2,4.868852459016393
DELAUNAY,5.122950819672131
