index,0
SMOTE,2.9672131147540983
SMOTE_SVM,2.9836065573770494
BORDERLINE1,3.1557377049180326
DELAUNAY,3.4344262295081966
BORDERLINE2,3.6147540983606556
ORIGINAL,4.844262295081967
