index,0
SMOTE_SVM,2.6639344262295084
SMOTE,2.959016393442623
BORDERLINE1,3.4508196721311477
ORIGINAL,3.8360655737704916
DELAUNAY,3.9672131147540983
BORDERLINE2,4.122950819672131
