index,0
SMOTE,3.6475409836065573
SMOTE_SVM,3.7540983606557377
BORDERLINE1,3.877049180327869
DELAUNAY,3.9262295081967213
ORIGINAL,3.9344262295081966
GEOSMOTE,4.073770491803279
BORDERLINE2,4.786885245901639
