index,0
DELAUNAY,2.8360655737704916
BORDERLINE1,3.081967213114754
SMOTE_SVM,3.2131147540983607
SMOTE,3.3278688524590163
BORDERLINE2,3.3852459016393444
ORIGINAL,5.155737704918033
