index,0
DELAUNAY,2.8278688524590163
BORDERLINE2,3.0737704918032787
SMOTE_SVM,3.180327868852459
SMOTE,3.237704918032787
BORDERLINE1,3.9098360655737703
ORIGINAL,4.770491803278689
