index,0
ORIGINAL,1.8032786885245902
SMOTE_SVM,2.8114754098360657
DELAUNAY,3.5655737704918034
BORDERLINE1,3.6885245901639343
SMOTE,4.081967213114754
BORDERLINE2,5.049180327868853
