index,0
ORIGINAL,3.418032786885246
SMOTE,3.860655737704918
SMOTE_SVM,3.9098360655737703
BORDERLINE1,3.9508196721311477
DELAUNAY,3.9754098360655736
GEOSMOTE,4.131147540983607
BORDERLINE2,4.754098360655738
