index,0
SMOTE,3.4508196721311477
GEOSMOTE,3.6147540983606556
ORIGINAL,3.9344262295081966
DELAUNAY,4.008196721311475
SMOTE_SVM,4.114754098360656
BORDERLINE2,4.368852459016393
BORDERLINE1,4.508196721311475
