index,0
SMOTE,3.2049180327868854
ORIGINAL,3.377049180327869
SMOTE_SVM,4.065573770491803
BORDERLINE2,4.098360655737705
BORDERLINE1,4.221311475409836
GEOSMOTE,4.360655737704918
DELAUNAY,4.672131147540983
