index,0
DELAUNAY,3.0655737704918034
BORDERLINE2,3.1557377049180326
SMOTE_SVM,3.459016393442623
SMOTE,3.5081967213114753
ORIGINAL,3.7459016393442623
BORDERLINE1,4.065573770491803
