index,0
ORIGINAL,2.1311475409836067
SMOTE_SVM,2.6147540983606556
SMOTE,3.0327868852459017
BORDERLINE1,3.19672131147541
BORDERLINE2,4.590163934426229
DELAUNAY,5.434426229508197
