index,0
ORIGINAL,3.0655737704918034
SMOTE,3.3442622950819674
DELAUNAY,3.4344262295081966
BORDERLINE1,3.4672131147540983
SMOTE_SVM,3.5655737704918034
BORDERLINE2,4.122950819672131
