index,0
SMOTE_SVM,2.9508196721311477
SMOTE,3.319672131147541
GEOSMOTE,3.3524590163934427
BORDERLINE1,4.024590163934426
DELAUNAY,4.188524590163935
BORDERLINE2,4.737704918032787
ORIGINAL,5.426229508196721
