index,0
SMOTE,2.9672131147540983
DELAUNAY,3.040983606557377
SMOTE_SVM,3.0737704918032787
BORDERLINE1,3.139344262295082
BORDERLINE2,3.762295081967213
ORIGINAL,5.016393442622951
