index,0
SMOTE,3.040983606557377
BORDERLINE2,3.7049180327868854
BORDERLINE1,3.819672131147541
SMOTE_SVM,3.9344262295081966
ORIGINAL,4.10655737704918
GEOSMOTE,4.688524590163935
DELAUNAY,4.704918032786885
