index,0
SMOTE,3.4672131147540983
SMOTE_SVM,3.540983606557377
GEOSMOTE,3.8114754098360657
BORDERLINE1,3.819672131147541
ORIGINAL,4.081967213114754
BORDERLINE2,4.459016393442623
DELAUNAY,4.819672131147541
