index,0
ORIGINAL,3.1311475409836067
SMOTE,3.4672131147540983
DELAUNAY,3.7704918032786887
GEOSMOTE,3.7868852459016393
SMOTE_SVM,4.172131147540983
BORDERLINE1,4.614754098360656
BORDERLINE2,5.057377049180328
