index,0
SMOTE_SVM,2.598360655737705
SMOTE,2.7868852459016393
BORDERLINE1,3.418032786885246
DELAUNAY,3.4344262295081966
BORDERLINE2,4.040983606557377
ORIGINAL,4.721311475409836
