index,0
SMOTE,2.877049180327869
DELAUNAY,3.0901639344262297
SMOTE_SVM,3.377049180327869
ORIGINAL,3.6475409836065573
BORDERLINE1,3.9672131147540983
BORDERLINE2,4.040983606557377
