index,0
SMOTE,3.5
GEOSMOTE,3.6475409836065573
DELAUNAY,3.8114754098360657
ORIGINAL,3.9754098360655736
SMOTE_SVM,4.163934426229508
BORDERLINE2,4.360655737704918
BORDERLINE1,4.540983606557377
