index,0
ORIGINAL,2.8688524590163933
GEOSMOTE,3.4344262295081966
SMOTE,3.459016393442623
SMOTE_SVM,4.032786885245901
DELAUNAY,4.426229508196721
BORDERLINE1,4.69672131147541
BORDERLINE2,5.081967213114754
