index,0
ORIGINAL,2.19672131147541
SMOTE_SVM,3.098360655737705
GEOSMOTE,3.19672131147541
BORDERLINE1,3.9098360655737703
SMOTE,4.60655737704918
BORDERLINE2,5.491803278688525
DELAUNAY,5.5
