index,0
ORIGINAL,3.360655737704918
SMOTE,3.8688524590163933
SMOTE_SVM,3.9344262295081966
DELAUNAY,3.9508196721311477
BORDERLINE1,3.9836065573770494
GEOSMOTE,4.204918032786885
BORDERLINE2,4.69672131147541
