index,0
BORDERLINE1,3.057377049180328
SMOTE_SVM,3.0655737704918034
ORIGINAL,3.401639344262295
SMOTE,3.6065573770491803
BORDERLINE2,3.8114754098360657
DELAUNAY,4.057377049180328
