index,0
DELAUNAY,3.6147540983606556
SMOTE,3.6557377049180326
SMOTE_SVM,3.6885245901639343
BORDERLINE1,3.942622950819672
GEOSMOTE,4.065573770491803
ORIGINAL,4.270491803278689
BORDERLINE2,4.762295081967213
