index,0
DELAUNAY,3.1557377049180326
SMOTE,3.2704918032786887
BORDERLINE1,3.6885245901639343
SMOTE_SVM,3.7459016393442623
GEOSMOTE,4.049180327868853
BORDERLINE2,4.172131147540983
ORIGINAL,5.918032786885246
