index,0
BORDERLINE2,2.69672131147541
DELAUNAY,2.7704918032786887
BORDERLINE1,3.0737704918032787
SMOTE,3.2540983606557377
SMOTE_SVM,3.69672131147541
ORIGINAL,5.508196721311475
