index,0
ORIGINAL,2.6557377049180326
SMOTE,3.098360655737705
DELAUNAY,3.1147540983606556
SMOTE_SVM,3.4754098360655736
BORDERLINE1,4.147540983606557
BORDERLINE2,4.508196721311475
