index,0
SMOTE,3.1721311475409837
DELAUNAY,3.5245901639344264
BORDERLINE1,3.622950819672131
SMOTE_SVM,3.69672131147541
GEOSMOTE,3.9672131147540983
BORDERLINE2,4.10655737704918
ORIGINAL,5.909836065573771
