index,0
SMOTE_SVM,2.8934426229508197
SMOTE,3.6065573770491803
GEOSMOTE,3.7131147540983607
ORIGINAL,3.7295081967213113
BORDERLINE1,3.918032786885246
BORDERLINE2,4.786885245901639
DELAUNAY,5.352459016393443
