index,0
SMOTE,3.377049180327869
SMOTE_SVM,3.401639344262295
BORDERLINE1,3.5081967213114753
GEOSMOTE,3.7868852459016393
DELAUNAY,4.0
BORDERLINE2,4.204918032786885
ORIGINAL,5.721311475409836
