index,0
SMOTE_SVM,2.860655737704918
SMOTE,3.6311475409836067
GEOSMOTE,3.7540983606557377
ORIGINAL,3.762295081967213
BORDERLINE1,3.9918032786885247
BORDERLINE2,4.836065573770492
DELAUNAY,5.163934426229508
