index,0
ORIGINAL,2.0
GEOSMOTE,3.3934426229508197
SMOTE_SVM,3.459016393442623
DELAUNAY,3.8114754098360657
BORDERLINE1,4.418032786885246
SMOTE,4.926229508196721
BORDERLINE2,5.991803278688525
