index,0
SMOTE_SVM,2.80327868852459
SMOTE,3.081967213114754
DELAUNAY,3.3852459016393444
BORDERLINE2,3.4836065573770494
BORDERLINE1,3.6475409836065573
ORIGINAL,4.598360655737705
