index,0
SMOTE_SVM,3.0
SMOTE,3.2295081967213113
DELAUNAY,3.3114754098360657
ORIGINAL,3.598360655737705
BORDERLINE1,3.721311475409836
BORDERLINE2,4.139344262295082
