index,0
ORIGINAL,3.5
SMOTE,3.7540983606557377
DELAUNAY,3.860655737704918
SMOTE_SVM,4.065573770491803
GEOSMOTE,4.180327868852459
BORDERLINE2,4.221311475409836
BORDERLINE1,4.418032786885246
