index,0
DELAUNAY,3.098360655737705
BORDERLINE2,3.180327868852459
SMOTE,3.4836065573770494
SMOTE_SVM,3.4836065573770494
ORIGINAL,3.737704918032787
BORDERLINE1,4.016393442622951
