index,0
ORIGINAL,2.5081967213114753
SMOTE_SVM,2.9836065573770494
SMOTE,3.237704918032787
BORDERLINE1,3.2868852459016393
DELAUNAY,4.081967213114754
BORDERLINE2,4.901639344262295
