index,0
SMOTE,3.401639344262295
GEOSMOTE,3.5081967213114753
ORIGINAL,3.9508196721311477
DELAUNAY,4.008196721311475
SMOTE_SVM,4.139344262295082
BORDERLINE2,4.434426229508197
BORDERLINE1,4.557377049180328
