index,0
BORDERLINE1,3.0163934426229506
BORDERLINE2,3.0655737704918034
DELAUNAY,3.1311475409836067
SMOTE,3.1639344262295084
SMOTE_SVM,3.3360655737704916
ORIGINAL,5.286885245901639
