index,0
SMOTE,3.3688524590163933
SMOTE_SVM,3.4672131147540983
BORDERLINE1,3.5737704918032787
GEOSMOTE,3.7540983606557377
DELAUNAY,3.8688524590163933
BORDERLINE2,4.204918032786885
ORIGINAL,5.762295081967213
