index,0
BORDERLINE2,2.9344262295081966
SMOTE_SVM,3.081967213114754
DELAUNAY,3.122950819672131
SMOTE,3.180327868852459
BORDERLINE1,3.877049180327869
ORIGINAL,4.80327868852459
