index,0
DELAUNAY,2.8278688524590163
BORDERLINE2,2.9836065573770494
BORDERLINE1,3.401639344262295
SMOTE,3.69672131147541
SMOTE_SVM,4.131147540983607
GEOSMOTE,4.532786885245901
ORIGINAL,6.426229508196721
