index,0
ORIGINAL,3.057377049180328
SMOTE,3.4098360655737703
SMOTE_SVM,3.721311475409836
DELAUNAY,4.057377049180328
BORDERLINE1,4.172131147540983
GEOSMOTE,4.368852459016393
BORDERLINE2,5.213114754098361
