index,0
SMOTE_SVM,3.3278688524590163
BORDERLINE1,3.6147540983606556
SMOTE,3.6639344262295084
GEOSMOTE,4.180327868852459
ORIGINAL,4.221311475409836
BORDERLINE2,4.483606557377049
DELAUNAY,4.508196721311475
