index,0
SMOTE,2.860655737704918
DELAUNAY,2.9754098360655736
SMOTE_SVM,3.3524590163934427
ORIGINAL,3.6639344262295084
BORDERLINE1,4.049180327868853
BORDERLINE2,4.098360655737705
