index,0
ORIGINAL,2.9098360655737703
SMOTE_SVM,2.9098360655737703
SMOTE,3.2459016393442623
BORDERLINE1,3.6885245901639343
DELAUNAY,3.9098360655737703
BORDERLINE2,4.336065573770492
