index,0
BORDERLINE1,2.8524590163934427
BORDERLINE2,2.901639344262295
SMOTE,3.2540983606557377
SMOTE_SVM,3.2540983606557377
DELAUNAY,3.262295081967213
ORIGINAL,5.475409836065574
