index,0
SMOTE,2.8360655737704916
BORDERLINE2,3.442622950819672
BORDERLINE1,3.5163934426229506
SMOTE_SVM,3.6147540983606556
DELAUNAY,3.7540983606557377
ORIGINAL,3.8360655737704916
