index,0
SMOTE_SVM,2.8360655737704916
SMOTE,3.1557377049180326
DELAUNAY,3.3114754098360657
BORDERLINE2,3.598360655737705
BORDERLINE1,3.6475409836065573
ORIGINAL,4.450819672131147
