index,0
ORIGINAL,2.639344262295082
SMOTE_SVM,2.639344262295082
SMOTE,3.1885245901639343
BORDERLINE1,3.4344262295081966
DELAUNAY,4.204918032786885
BORDERLINE2,4.89344262295082
