index,0
BORDERLINE2,3.377049180327869
DELAUNAY,3.442622950819672
SMOTE_SVM,3.5491803278688523
GEOSMOTE,3.6721311475409837
SMOTE,3.8524590163934427
BORDERLINE1,4.540983606557377
ORIGINAL,5.565573770491803
