index,0
SMOTE_SVM,2.9262295081967213
SMOTE,2.9672131147540983
BORDERLINE1,3.139344262295082
ORIGINAL,3.2704918032786887
BORDERLINE2,4.286885245901639
DELAUNAY,4.409836065573771
