index,0
SMOTE,3.6311475409836067
SMOTE_SVM,3.7540983606557377
DELAUNAY,3.8442622950819674
ORIGINAL,3.9262295081967213
BORDERLINE1,3.9836065573770494
GEOSMOTE,4.057377049180328
BORDERLINE2,4.80327868852459
