index,0
SMOTE,2.819672131147541
DELAUNAY,3.1885245901639343
SMOTE_SVM,3.3852459016393444
ORIGINAL,3.6311475409836067
BORDERLINE1,3.959016393442623
BORDERLINE2,4.016393442622951
