index,0
SMOTE,2.680327868852459
BORDERLINE1,2.8934426229508197
SMOTE_SVM,2.901639344262295
BORDERLINE2,3.4836065573770494
DELAUNAY,3.8360655737704916
ORIGINAL,5.204918032786885
