index,0
ORIGINAL,2.7131147540983607
SMOTE,2.9754098360655736
DELAUNAY,3.221311475409836
SMOTE_SVM,3.581967213114754
BORDERLINE1,4.065573770491803
BORDERLINE2,4.442622950819672
