index,0
SMOTE,3.3688524590163933
SMOTE_SVM,3.4672131147540983
BORDERLINE1,3.5327868852459017
GEOSMOTE,3.7950819672131146
DELAUNAY,3.9098360655737703
BORDERLINE2,4.221311475409836
ORIGINAL,5.704918032786885
