index,0
SMOTE,3.5
SMOTE_SVM,3.5081967213114753
DELAUNAY,3.5491803278688523
BORDERLINE1,3.7459016393442623
GEOSMOTE,3.7704918032786887
BORDERLINE2,4.270491803278689
ORIGINAL,5.655737704918033
