index,0
ORIGINAL,2.680327868852459
SMOTE,2.9262295081967213
SMOTE_SVM,3.2295081967213113
BORDERLINE1,3.680327868852459
DELAUNAY,4.172131147540983
BORDERLINE2,4.311475409836065
