index,0
BORDERLINE2,3.3524590163934427
GEOSMOTE,3.418032786885246
SMOTE_SVM,3.459016393442623
SMOTE,3.6311475409836067
BORDERLINE1,4.344262295081967
DELAUNAY,4.401639344262295
ORIGINAL,5.39344262295082
