index,0
SMOTE,3.1639344262295084
DELAUNAY,3.3360655737704916
SMOTE_SVM,3.3442622950819674
BORDERLINE1,3.4754098360655736
ORIGINAL,3.4836065573770494
BORDERLINE2,4.19672131147541
