index,0
ORIGINAL,3.0081967213114753
SMOTE,3.4508196721311477
DELAUNAY,3.7295081967213113
GEOSMOTE,3.778688524590164
SMOTE_SVM,4.155737704918033
BORDERLINE1,4.688524590163935
BORDERLINE2,5.188524590163935
