index,0
BORDERLINE1,2.7868852459016393
SMOTE,3.0491803278688523
BORDERLINE2,3.057377049180328
SMOTE_SVM,3.1721311475409837
DELAUNAY,3.4098360655737703
ORIGINAL,5.524590163934426
