index,0
SMOTE,3.0655737704918034
DELAUNAY,3.2295081967213113
ORIGINAL,3.4262295081967213
SMOTE_SVM,3.557377049180328
BORDERLINE2,3.8114754098360657
BORDERLINE1,3.9098360655737703
