index,0
SMOTE_SVM,3.1475409836065573
DELAUNAY,3.1721311475409837
SMOTE,3.2540983606557377
BORDERLINE1,3.3442622950819674
ORIGINAL,3.4754098360655736
BORDERLINE2,4.60655737704918
