index,0
DELAUNAY,2.639344262295082
BORDERLINE2,3.2704918032786887
SMOTE,3.598360655737705
SMOTE_SVM,3.598360655737705
ORIGINAL,3.8360655737704916
BORDERLINE1,4.057377049180328
