index,0
BORDERLINE2,3.5245901639344264
SMOTE_SVM,3.877049180327869
SMOTE,3.8934426229508197
GEOSMOTE,3.9098360655737703
ORIGINAL,4.114754098360656
DELAUNAY,4.204918032786885
BORDERLINE1,4.475409836065574
