index,0
DELAUNAY,2.9508196721311477
SMOTE,3.0
SMOTE_SVM,3.098360655737705
BORDERLINE1,3.1557377049180326
BORDERLINE2,3.7868852459016393
ORIGINAL,5.008196721311475
