index,0
BORDERLINE1,3.122950819672131
BORDERLINE2,3.1721311475409837
GEOSMOTE,3.4508196721311477
SMOTE_SVM,3.557377049180328
SMOTE,3.5737704918032787
DELAUNAY,4.729508196721311
ORIGINAL,6.39344262295082
