index,0
DELAUNAY,3.057377049180328
ORIGINAL,3.1311475409836067
SMOTE,3.360655737704918
SMOTE_SVM,3.7049180327868854
BORDERLINE2,3.7540983606557377
BORDERLINE1,3.9918032786885247
