index,0
SMOTE,3.057377049180328
SMOTE_SVM,3.1721311475409837
ORIGINAL,3.3278688524590163
BORDERLINE1,3.3688524590163933
DELAUNAY,3.9754098360655736
BORDERLINE2,4.098360655737705
