index,0
SMOTE_SVM,3.0081967213114753
SMOTE,3.3852459016393444
GEOSMOTE,3.4262295081967213
DELAUNAY,3.639344262295082
BORDERLINE1,4.188524590163935
BORDERLINE2,4.844262295081967
ORIGINAL,5.508196721311475
