index,0
SMOTE_SVM,2.8852459016393444
ORIGINAL,2.9672131147540983
SMOTE,3.5081967213114753
BORDERLINE1,3.557377049180328
DELAUNAY,3.69672131147541
BORDERLINE2,4.385245901639344
