index,0
DELAUNAY,2.9262295081967213
BORDERLINE2,2.9918032786885247
SMOTE_SVM,3.1311475409836067
SMOTE,3.262295081967213
BORDERLINE1,3.877049180327869
ORIGINAL,4.811475409836065
