index,0
ORIGINAL,2.6721311475409837
SMOTE_SVM,2.7131147540983607
SMOTE,3.319672131147541
BORDERLINE1,3.5491803278688523
DELAUNAY,3.778688524590164
BORDERLINE2,4.967213114754099
