index,0
ORIGINAL,1.9180327868852458
GEOSMOTE,3.0491803278688523
SMOTE_SVM,3.098360655737705
BORDERLINE1,4.081967213114754
SMOTE,4.475409836065574
BORDERLINE2,5.540983606557377
DELAUNAY,5.836065573770492
