index,0
BORDERLINE2,2.860655737704918
BORDERLINE1,3.2459016393442623
DELAUNAY,3.4918032786885247
SMOTE,3.5081967213114753
SMOTE_SVM,4.016393442622951
GEOSMOTE,4.426229508196721
ORIGINAL,6.450819672131147
