index,0
DELAUNAY,2.0163934426229506
BORDERLINE2,2.7950819672131146
SMOTE_SVM,3.4754098360655736
SMOTE,3.6557377049180326
BORDERLINE1,3.762295081967213
ORIGINAL,5.295081967213115
