index,0
DELAUNAY,3.0245901639344264
SMOTE,3.3524590163934427
BORDERLINE2,3.4672131147540983
SMOTE_SVM,3.557377049180328
ORIGINAL,3.5737704918032787
BORDERLINE1,4.024590163934426
