index,0
SMOTE_SVM,3.0163934426229506
SMOTE,3.0245901639344264
BORDERLINE1,3.1557377049180326
DELAUNAY,3.3114754098360657
BORDERLINE2,3.6311475409836067
ORIGINAL,4.860655737704918
