index,0
BORDERLINE2,2.8934426229508197
GEOSMOTE,3.622950819672131
DELAUNAY,3.6557377049180326
SMOTE_SVM,3.680327868852459
SMOTE,3.9344262295081966
BORDERLINE1,4.057377049180328
ORIGINAL,6.155737704918033
