index,0
DELAUNAY,2.9672131147540983
BORDERLINE1,3.0655737704918034
SMOTE,3.2131147540983607
SMOTE_SVM,3.237704918032787
BORDERLINE2,3.30327868852459
ORIGINAL,5.213114754098361
