index,0
SMOTE_SVM,3.057377049180328
SMOTE,3.30327868852459
BORDERLINE1,3.901639344262295
GEOSMOTE,4.0
ORIGINAL,4.418032786885246
DELAUNAY,4.532786885245901
BORDERLINE2,4.786885245901639
