index,0
BORDERLINE1,2.8524590163934427
BORDERLINE2,2.8688524590163933
SMOTE,3.1639344262295084
SMOTE_SVM,3.2049180327868854
DELAUNAY,3.4262295081967213
ORIGINAL,5.483606557377049
