index,0
ORIGINAL,2.2540983606557377
SMOTE_SVM,3.1885245901639343
GEOSMOTE,3.3114754098360657
BORDERLINE1,4.040983606557377
DELAUNAY,4.704918032786885
SMOTE,4.745901639344262
BORDERLINE2,5.754098360655738
