index,0
ORIGINAL,2.7950819672131146
SMOTE,3.0327868852459017
SMOTE_SVM,3.377049180327869
DELAUNAY,3.5491803278688523
BORDERLINE1,3.8114754098360657
BORDERLINE2,4.434426229508197
