index,0
SMOTE_SVM,3.5081967213114753
SMOTE,3.5163934426229506
DELAUNAY,3.6639344262295084
BORDERLINE1,3.69672131147541
GEOSMOTE,3.7540983606557377
BORDERLINE2,4.221311475409836
ORIGINAL,5.639344262295082
