index,0
DELAUNAY,3.0655737704918034
SMOTE,3.3360655737704916
BORDERLINE2,3.459016393442623
ORIGINAL,3.4836065573770494
SMOTE_SVM,3.5491803278688523
BORDERLINE1,4.10655737704918
