index,0
BORDERLINE1,3.598360655737705
SMOTE_SVM,3.639344262295082
GEOSMOTE,3.877049180327869
DELAUNAY,4.040983606557377
ORIGINAL,4.065573770491803
SMOTE,4.278688524590164
BORDERLINE2,4.5
