index,0
ORIGINAL,3.0327868852459017
GEOSMOTE,3.459016393442623
SMOTE,3.598360655737705
DELAUNAY,3.680327868852459
SMOTE_SVM,4.147540983606557
BORDERLINE1,4.786885245901639
BORDERLINE2,5.295081967213115
