index,0
SMOTE,3.221311475409836
ORIGINAL,3.3688524590163933
SMOTE_SVM,4.049180327868853
BORDERLINE2,4.213114754098361
BORDERLINE1,4.270491803278689
DELAUNAY,4.409836065573771
GEOSMOTE,4.467213114754099
