index,0
BORDERLINE2,2.9672131147540983
DELAUNAY,3.2868852459016393
GEOSMOTE,3.6885245901639343
SMOTE_SVM,3.778688524590164
SMOTE,3.942622950819672
BORDERLINE1,4.163934426229508
ORIGINAL,6.172131147540983
