index,0
ORIGINAL,2.319672131147541
SMOTE_SVM,3.3360655737704916
GEOSMOTE,3.4508196721311477
DELAUNAY,3.9098360655737703
BORDERLINE1,4.19672131147541
SMOTE,4.909836065573771
BORDERLINE2,5.877049180327869
