index,0
SMOTE_SVM,2.918032786885246
SMOTE,3.1311475409836067
ORIGINAL,3.5081967213114753
BORDERLINE1,3.581967213114754
DELAUNAY,3.8360655737704916
BORDERLINE2,4.024590163934426
