index,0
ORIGINAL,3.0163934426229506
DELAUNAY,3.3442622950819674
SMOTE,3.418032786885246
SMOTE_SVM,3.4836065573770494
BORDERLINE1,3.581967213114754
BORDERLINE2,4.155737704918033
