index,0
SMOTE_SVM,3.1311475409836067
BORDERLINE1,3.139344262295082
ORIGINAL,3.5
SMOTE,3.6885245901639343
DELAUNAY,3.721311475409836
BORDERLINE2,3.819672131147541
