index,0
ORIGINAL,3.1885245901639343
SMOTE,3.5
DELAUNAY,3.6885245901639343
SMOTE_SVM,3.8114754098360657
BORDERLINE1,4.327868852459017
GEOSMOTE,4.385245901639344
BORDERLINE2,5.098360655737705
