index,0
ORIGINAL,2.057377049180328
SMOTE_SVM,2.8114754098360657
DELAUNAY,3.3688524590163933
BORDERLINE1,3.540983606557377
SMOTE,4.229508196721311
BORDERLINE2,4.991803278688525
