index,0
ORIGINAL,3.0163934426229506
SMOTE,3.2540983606557377
SMOTE_SVM,3.5655737704918034
BORDERLINE2,3.622950819672131
DELAUNAY,3.7049180327868854
BORDERLINE1,3.8360655737704916
