index,0
SMOTE,3.180327868852459
SMOTE_SVM,3.30327868852459
DELAUNAY,3.3688524590163933
BORDERLINE1,3.4754098360655736
ORIGINAL,3.6721311475409837
BORDERLINE2,4.0
