index,0
DELAUNAY,3.360655737704918
BORDERLINE2,3.4672131147540983
SMOTE_SVM,3.6065573770491803
GEOSMOTE,3.622950819672131
SMOTE,3.8360655737704916
BORDERLINE1,4.557377049180328
ORIGINAL,5.549180327868853
