index,0
ORIGINAL,2.721311475409836
SMOTE,3.040983606557377
SMOTE_SVM,3.3934426229508197
DELAUNAY,3.622950819672131
BORDERLINE1,3.680327868852459
BORDERLINE2,4.540983606557377
