index,0
SMOTE,2.680327868852459
SMOTE_SVM,3.237704918032787
ORIGINAL,3.4918032786885247
BORDERLINE1,3.7950819672131146
BORDERLINE2,3.8278688524590163
DELAUNAY,3.9672131147540983
