index,0
SMOTE,3.0
SMOTE_SVM,3.0491803278688523
BORDERLINE1,3.2049180327868854
DELAUNAY,3.2295081967213113
BORDERLINE2,3.639344262295082
ORIGINAL,4.877049180327869
