index,0
SMOTE,3.040983606557377
BORDERLINE2,3.0655737704918034
SMOTE_SVM,3.0737704918032787
BORDERLINE1,3.1639344262295084
DELAUNAY,3.5081967213114753
ORIGINAL,5.147540983606557
