index,0
SMOTE,2.8278688524590163
DELAUNAY,3.0901639344262297
BORDERLINE1,3.1721311475409837
SMOTE_SVM,3.2704918032786887
BORDERLINE2,3.557377049180328
ORIGINAL,5.081967213114754
