index,0
SMOTE_SVM,3.2049180327868854
BORDERLINE1,3.5245901639344264
SMOTE,3.598360655737705
GEOSMOTE,4.057377049180328
ORIGINAL,4.10655737704918
BORDERLINE2,4.368852459016393
DELAUNAY,5.139344262295082
