index,0
SMOTE,3.1721311475409837
BORDERLINE2,3.7131147540983607
BORDERLINE1,3.8442622950819674
SMOTE_SVM,4.032786885245901
ORIGINAL,4.237704918032787
DELAUNAY,4.270491803278689
GEOSMOTE,4.729508196721311
