index,0
BORDERLINE2,3.040983606557377
DELAUNAY,3.122950819672131
BORDERLINE1,3.459016393442623
SMOTE_SVM,3.778688524590164
SMOTE,3.8524590163934427
GEOSMOTE,4.672131147540983
ORIGINAL,6.073770491803279
