index,0
SMOTE_SVM,2.9836065573770494
SMOTE,3.19672131147541
DELAUNAY,3.360655737704918
ORIGINAL,3.581967213114754
BORDERLINE1,3.7131147540983607
BORDERLINE2,4.163934426229508
