index,0
SMOTE_SVM,2.622950819672131
SMOTE,2.877049180327869
DELAUNAY,3.1885245901639343
BORDERLINE1,3.4836065573770494
BORDERLINE2,4.114754098360656
ORIGINAL,4.713114754098361
