index,0
ORIGINAL,2.4344262295081966
SMOTE_SVM,3.1639344262295084
SMOTE,3.5163934426229506
BORDERLINE1,3.6639344262295084
GEOSMOTE,3.7459016393442623
BORDERLINE2,5.409836065573771
DELAUNAY,6.065573770491803
