index,0
SMOTE,3.0655737704918034
SMOTE_SVM,3.1311475409836067
BORDERLINE2,3.1475409836065573
DELAUNAY,3.2131147540983607
BORDERLINE1,3.2459016393442623
ORIGINAL,5.19672131147541
