index,0
SMOTE,3.057377049180328
DELAUNAY,3.1311475409836067
ORIGINAL,3.2950819672131146
BORDERLINE2,3.8278688524590163
SMOTE_SVM,3.8360655737704916
BORDERLINE1,3.8524590163934427
