index,0
SMOTE,3.2049180327868854
BORDERLINE1,3.6065573770491803
DELAUNAY,3.7540983606557377
SMOTE_SVM,3.8524590163934427
GEOSMOTE,4.0
BORDERLINE2,4.344262295081967
ORIGINAL,5.237704918032787
