index,0
BORDERLINE1,2.959016393442623
SMOTE_SVM,3.1639344262295084
DELAUNAY,3.1721311475409837
SMOTE,3.2049180327868854
BORDERLINE2,3.237704918032787
ORIGINAL,5.262295081967213
