index,0
BORDERLINE2,2.5
DELAUNAY,3.1557377049180326
SMOTE_SVM,3.221311475409836
SMOTE,3.401639344262295
BORDERLINE1,3.4836065573770494
ORIGINAL,5.237704918032787
