index,0
DELAUNAY,3.0655737704918034
BORDERLINE2,3.1065573770491803
SMOTE_SVM,3.7540983606557377
GEOSMOTE,3.7540983606557377
SMOTE,4.024590163934426
BORDERLINE1,4.139344262295082
ORIGINAL,6.155737704918033
