index,0
BORDERLINE2,3.0491803278688523
DELAUNAY,3.3524590163934427
BORDERLINE1,3.4754098360655736
SMOTE_SVM,3.6475409836065573
SMOTE,3.7704918032786887
GEOSMOTE,4.614754098360656
ORIGINAL,6.090163934426229
