index,0
ORIGINAL,3.2131147540983607
SMOTE_SVM,3.2459016393442623
GEOSMOTE,3.9098360655737703
SMOTE,3.959016393442623
BORDERLINE1,4.049180327868853
DELAUNAY,4.598360655737705
BORDERLINE2,5.024590163934426
