index,0
BORDERLINE1,3.6557377049180326
SMOTE_SVM,3.6885245901639343
DELAUNAY,3.8442622950819674
GEOSMOTE,3.8852459016393444
ORIGINAL,4.073770491803279
SMOTE,4.344262295081967
BORDERLINE2,4.508196721311475
