index,0
SMOTE_SVM,3.360655737704918
GEOSMOTE,3.4098360655737703
SMOTE,3.639344262295082
ORIGINAL,4.032786885245901
BORDERLINE1,4.188524590163935
DELAUNAY,4.614754098360656
BORDERLINE2,4.754098360655738
