index,0
ORIGINAL,2.557377049180328
SMOTE_SVM,3.2868852459016393
SMOTE,3.737704918032787
BORDERLINE1,3.9836065573770494
GEOSMOTE,4.049180327868853
DELAUNAY,4.631147540983607
BORDERLINE2,5.754098360655738
