index,0
SMOTE_SVM,2.942622950819672
ORIGINAL,2.959016393442623
DELAUNAY,3.3524590163934427
BORDERLINE1,3.6147540983606556
SMOTE,3.622950819672131
BORDERLINE2,4.508196721311475
