index,0
ORIGINAL,3.5245901639344264
DELAUNAY,3.5737704918032787
SMOTE,3.7868852459016393
SMOTE_SVM,4.114754098360656
GEOSMOTE,4.270491803278689
BORDERLINE2,4.286885245901639
BORDERLINE1,4.442622950819672
