index,0
SMOTE_SVM,3.4918032786885247
SMOTE,3.5163934426229506
BORDERLINE1,3.7295081967213113
ORIGINAL,3.9262295081967213
GEOSMOTE,4.008196721311475
DELAUNAY,4.147540983606557
BORDERLINE2,5.180327868852459
