index,0
SMOTE_SVM,2.778688524590164
SMOTE,3.1311475409836067
DELAUNAY,3.2868852459016393
BORDERLINE1,3.5655737704918034
ORIGINAL,3.942622950819672
BORDERLINE2,4.295081967213115
