index,0
BORDERLINE2,2.4754098360655736
BORDERLINE1,2.778688524590164
SMOTE,3.040983606557377
SMOTE_SVM,3.3278688524590163
DELAUNAY,3.918032786885246
ORIGINAL,5.459016393442623
