index,0
SMOTE_SVM,3.4262295081967213
SMOTE,3.5327868852459017
BORDERLINE1,3.69672131147541
ORIGINAL,3.918032786885246
GEOSMOTE,4.024590163934426
DELAUNAY,4.155737704918033
BORDERLINE2,5.245901639344262
