index,0
ORIGINAL,2.6475409836065573
SMOTE_SVM,3.2950819672131146
SMOTE,3.459016393442623
BORDERLINE1,3.6885245901639343
GEOSMOTE,3.860655737704918
BORDERLINE2,5.221311475409836
DELAUNAY,5.827868852459017
