index,0
BORDERLINE2,2.9508196721311477
BORDERLINE1,3.4098360655737703
DELAUNAY,3.4098360655737703
SMOTE_SVM,3.7049180327868854
SMOTE,3.7868852459016393
GEOSMOTE,4.622950819672131
ORIGINAL,6.114754098360656
