index,0
BORDERLINE2,2.7049180327868854
BORDERLINE1,3.2868852459016393
SMOTE,3.418032786885246
GEOSMOTE,3.4918032786885247
SMOTE_SVM,3.918032786885246
DELAUNAY,4.483606557377049
ORIGINAL,6.69672131147541
