index,0
SMOTE_SVM,2.8360655737704916
SMOTE,3.081967213114754
DELAUNAY,3.3524590163934427
BORDERLINE2,3.5245901639344264
BORDERLINE1,3.6311475409836067
ORIGINAL,4.573770491803279
