index,0
ORIGINAL,2.7295081967213113
SMOTE,3.0
DELAUNAY,3.122950819672131
SMOTE_SVM,3.5491803278688523
BORDERLINE1,4.065573770491803
BORDERLINE2,4.532786885245901
