index,0
SMOTE_SVM,3.0245901639344264
SMOTE,3.0655737704918034
BORDERLINE1,3.2049180327868854
ORIGINAL,3.401639344262295
DELAUNAY,3.7950819672131146
BORDERLINE2,4.508196721311475
