index,0
ORIGINAL,3.3852459016393444
SMOTE,3.8442622950819674
SMOTE_SVM,3.8852459016393444
DELAUNAY,3.959016393442623
BORDERLINE1,4.032786885245901
GEOSMOTE,4.114754098360656
BORDERLINE2,4.778688524590164
