index,0
SMOTE,3.0491803278688523
SMOTE_SVM,3.057377049180328
DELAUNAY,3.122950819672131
BORDERLINE1,3.2295081967213113
BORDERLINE2,3.6639344262295084
ORIGINAL,4.877049180327869
