index,0
SMOTE,3.5901639344262297
SMOTE_SVM,3.721311475409836
ORIGINAL,3.918032786885246
BORDERLINE1,3.9262295081967213
GEOSMOTE,4.0
DELAUNAY,4.10655737704918
BORDERLINE2,4.737704918032787
