index,0
SMOTE,3.418032786885246
SMOTE_SVM,3.442622950819672
GEOSMOTE,3.6475409836065573
BORDERLINE1,3.680327868852459
DELAUNAY,4.0
BORDERLINE2,4.204918032786885
ORIGINAL,5.60655737704918
