index,0
ORIGINAL,2.5245901639344264
SMOTE_SVM,3.19672131147541
SMOTE,3.4098360655737703
BORDERLINE1,3.4754098360655736
DELAUNAY,3.4918032786885247
BORDERLINE2,4.901639344262295
