index,0
SMOTE_SVM,3.360655737704918
GEOSMOTE,3.4836065573770494
SMOTE,3.6885245901639343
ORIGINAL,4.065573770491803
DELAUNAY,4.213114754098361
BORDERLINE1,4.336065573770492
BORDERLINE2,4.852459016393443
