index,0
SMOTE_SVM,3.0
BORDERLINE1,3.1311475409836067
SMOTE,3.3114754098360657
ORIGINAL,3.7049180327868854
BORDERLINE2,3.901639344262295
DELAUNAY,3.9508196721311477
