index,0
ORIGINAL,2.5901639344262297
SMOTE,3.0163934426229506
DELAUNAY,3.2459016393442623
SMOTE_SVM,3.5163934426229506
BORDERLINE1,4.073770491803279
BORDERLINE2,4.557377049180328
