index,0
SMOTE,2.762295081967213
BORDERLINE1,3.1885245901639343
SMOTE_SVM,3.278688524590164
DELAUNAY,3.5163934426229506
BORDERLINE2,3.7295081967213113
ORIGINAL,4.524590163934426
