index,0
BORDERLINE2,3.3524590163934427
SMOTE_SVM,3.4508196721311477
GEOSMOTE,3.5327868852459017
SMOTE,3.680327868852459
DELAUNAY,4.024590163934426
BORDERLINE1,4.426229508196721
ORIGINAL,5.532786885245901
