index,0
ORIGINAL,1.7868852459016393
SMOTE_SVM,2.6557377049180326
BORDERLINE1,3.6311475409836067
DELAUNAY,3.9098360655737703
SMOTE,4.065573770491803
BORDERLINE2,4.950819672131147
