index,0
BORDERLINE1,2.737704918032787
BORDERLINE2,2.7868852459016393
SMOTE,3.0327868852459017
SMOTE_SVM,3.1065573770491803
DELAUNAY,3.860655737704918
ORIGINAL,5.475409836065574
