index,0
BORDERLINE2,2.7131147540983607
BORDERLINE1,3.040983606557377
DELAUNAY,3.237704918032787
SMOTE_SVM,3.3114754098360657
SMOTE,3.3278688524590163
ORIGINAL,5.368852459016393
