index,0
SMOTE,3.5655737704918034
SMOTE_SVM,3.639344262295082
BORDERLINE1,3.8524590163934427
ORIGINAL,3.8852459016393444
GEOSMOTE,3.9836065573770494
DELAUNAY,4.336065573770492
BORDERLINE2,4.737704918032787
