index,0
DELAUNAY,2.80327868852459
BORDERLINE2,2.9344262295081966
SMOTE,3.0
BORDERLINE1,3.139344262295082
SMOTE_SVM,3.4344262295081966
ORIGINAL,5.688524590163935
