index,0
BORDERLINE1,3.6311475409836067
SMOTE_SVM,3.6721311475409837
GEOSMOTE,3.8524590163934427
DELAUNAY,3.9098360655737703
ORIGINAL,4.040983606557377
SMOTE,4.344262295081967
BORDERLINE2,4.549180327868853
