index,0
ORIGINAL,2.6475409836065573
SMOTE_SVM,3.30327868852459
SMOTE,3.819672131147541
BORDERLINE1,4.057377049180328
GEOSMOTE,4.098360655737705
DELAUNAY,4.270491803278689
BORDERLINE2,5.80327868852459
