index,0
SMOTE,3.3360655737704916
GEOSMOTE,3.360655737704918
SMOTE_SVM,3.5163934426229506
BORDERLINE1,3.6065573770491803
DELAUNAY,3.721311475409836
BORDERLINE2,4.270491803278689
ORIGINAL,6.188524590163935
