index,0
SMOTE,2.918032786885246
SMOTE_SVM,3.081967213114754
BORDERLINE1,3.139344262295082
BORDERLINE2,3.4754098360655736
DELAUNAY,3.5245901639344264
ORIGINAL,4.860655737704918
