index,0
SMOTE,2.959016393442623
ORIGINAL,3.1639344262295084
BORDERLINE2,3.6475409836065573
DELAUNAY,3.721311475409836
SMOTE_SVM,3.737704918032787
BORDERLINE1,3.7704918032786887
