index,0
DELAUNAY,2.8524590163934427
SMOTE_SVM,2.9344262295081966
SMOTE,3.278688524590164
BORDERLINE2,3.6311475409836067
BORDERLINE1,3.69672131147541
ORIGINAL,4.60655737704918
