index,0
SMOTE_SVM,3.0737704918032787
BORDERLINE1,3.098360655737705
ORIGINAL,3.4918032786885247
SMOTE,3.680327868852459
DELAUNAY,3.819672131147541
BORDERLINE2,3.8360655737704916
