index,0
SMOTE,2.918032786885246
SMOTE_SVM,3.1065573770491803
BORDERLINE1,3.2131147540983607
DELAUNAY,3.2459016393442623
BORDERLINE2,3.540983606557377
ORIGINAL,4.975409836065574
