index,0
BORDERLINE2,2.901639344262295
SMOTE_SVM,3.081967213114754
DELAUNAY,3.1557377049180326
SMOTE,3.19672131147541
BORDERLINE1,3.8360655737704916
ORIGINAL,4.827868852459017
