index,0
SMOTE_SVM,2.9344262295081966
SMOTE,3.1311475409836067
ORIGINAL,3.5655737704918034
BORDERLINE1,3.6065573770491803
DELAUNAY,3.6885245901639343
BORDERLINE2,4.073770491803279
