index,0
BORDERLINE2,2.8934426229508197
BORDERLINE1,3.3688524590163933
SMOTE,3.4344262295081966
DELAUNAY,3.459016393442623
SMOTE_SVM,3.9672131147540983
GEOSMOTE,4.459016393442623
ORIGINAL,6.418032786885246
