index,0
ORIGINAL,3.30327868852459
SMOTE_SVM,3.377049180327869
DELAUNAY,3.8688524590163933
GEOSMOTE,3.959016393442623
SMOTE,4.155737704918033
BORDERLINE1,4.180327868852459
BORDERLINE2,5.155737704918033
