index,0
BORDERLINE2,2.5081967213114753
BORDERLINE1,2.9262295081967213
SMOTE,3.0491803278688523
DELAUNAY,3.3114754098360657
SMOTE_SVM,3.5081967213114753
ORIGINAL,5.69672131147541
