index,0
ORIGINAL,3.0245901639344264
SMOTE,3.2540983606557377
BORDERLINE2,3.540983606557377
SMOTE_SVM,3.5655737704918034
DELAUNAY,3.7950819672131146
BORDERLINE1,3.819672131147541
