index,0
ORIGINAL,2.9262295081967213
SMOTE_SVM,3.0
SMOTE,3.5737704918032787
BORDERLINE1,3.8278688524590163
GEOSMOTE,3.8934426229508197
DELAUNAY,5.245901639344262
BORDERLINE2,5.532786885245901
