index,0
SMOTE,2.6557377049180326
BORDERLINE1,3.0
SMOTE_SVM,3.081967213114754
BORDERLINE2,3.401639344262295
DELAUNAY,3.8524590163934427
ORIGINAL,5.008196721311475
