index,0
SMOTE_SVM,2.918032786885246
SMOTE,3.2459016393442623
GEOSMOTE,3.30327868852459
BORDERLINE1,4.0
DELAUNAY,4.385245901639344
BORDERLINE2,4.69672131147541
ORIGINAL,5.450819672131147
