index,0
BORDERLINE1,2.8278688524590163
BORDERLINE2,2.860655737704918
SMOTE,3.2540983606557377
SMOTE_SVM,3.262295081967213
DELAUNAY,3.30327868852459
ORIGINAL,5.491803278688525
