index,0
SMOTE,3.0245901639344264
SMOTE_SVM,3.057377049180328
BORDERLINE1,3.2459016393442623
ORIGINAL,3.5
BORDERLINE2,3.737704918032787
DELAUNAY,4.434426229508197
