index,0
ORIGINAL,3.1557377049180326
SMOTE,3.540983606557377
DELAUNAY,3.557377049180328
GEOSMOTE,3.7868852459016393
SMOTE_SVM,4.090163934426229
BORDERLINE1,4.721311475409836
BORDERLINE2,5.147540983606557
