index,0
ORIGINAL,2.5655737704918034
SMOTE,3.0245901639344264
DELAUNAY,3.4262295081967213
SMOTE_SVM,3.4754098360655736
BORDERLINE1,4.081967213114754
BORDERLINE2,4.426229508196721
