index,0
SMOTE,3.4754098360655736
DELAUNAY,3.5
BORDERLINE1,3.5491803278688523
BORDERLINE2,3.778688524590164
SMOTE_SVM,3.8278688524590163
GEOSMOTE,4.073770491803279
ORIGINAL,5.795081967213115
