index,0
DELAUNAY,2.5491803278688523
BORDERLINE2,2.9344262295081966
SMOTE_SVM,3.2950819672131146
SMOTE,3.3688524590163933
BORDERLINE1,3.6147540983606556
ORIGINAL,5.237704918032787
