index,0
BORDERLINE1,3.1557377049180326
BORDERLINE2,3.2131147540983607
GEOSMOTE,3.4918032786885247
SMOTE,3.581967213114754
SMOTE_SVM,3.581967213114754
DELAUNAY,4.590163934426229
ORIGINAL,6.385245901639344
