index,0
SMOTE_SVM,2.901639344262295
SMOTE,2.9672131147540983
BORDERLINE1,2.9672131147540983
BORDERLINE2,3.5
DELAUNAY,3.7131147540983607
ORIGINAL,4.950819672131147
