index,0
SMOTE,3.557377049180328
SMOTE_SVM,3.7049180327868854
BORDERLINE1,3.877049180327869
ORIGINAL,3.9344262295081966
GEOSMOTE,3.9918032786885247
DELAUNAY,4.237704918032787
BORDERLINE2,4.69672131147541
