index,0
BORDERLINE2,2.6475409836065573
SMOTE_SVM,2.959016393442623
SMOTE,2.9754098360655736
BORDERLINE1,3.19672131147541
DELAUNAY,4.0
ORIGINAL,5.221311475409836
