index,0
ORIGINAL,2.557377049180328
SMOTE,2.877049180327869
SMOTE_SVM,3.2704918032786887
BORDERLINE1,3.5245901639344264
BORDERLINE2,4.344262295081967
DELAUNAY,4.426229508196721
