index,0
SMOTE,2.9754098360655736
ORIGINAL,3.2131147540983607
BORDERLINE2,3.680327868852459
SMOTE_SVM,3.69672131147541
DELAUNAY,3.69672131147541
BORDERLINE1,3.737704918032787
