index,0
SMOTE_SVM,3.0081967213114753
SMOTE,3.3934426229508197
GEOSMOTE,3.4754098360655736
DELAUNAY,3.7459016393442623
BORDERLINE1,4.10655737704918
BORDERLINE2,4.770491803278689
ORIGINAL,5.5
