index,0
SMOTE_SVM,3.3934426229508197
BORDERLINE1,3.6885245901639343
SMOTE,3.7868852459016393
DELAUNAY,3.959016393442623
ORIGINAL,4.286885245901639
GEOSMOTE,4.319672131147541
BORDERLINE2,4.565573770491803
