index,0
SMOTE,3.30327868852459
DELAUNAY,3.319672131147541
BORDERLINE2,3.942622950819672
BORDERLINE1,4.016393442622951
SMOTE_SVM,4.213114754098361
ORIGINAL,4.368852459016393
GEOSMOTE,4.836065573770492
