index,0
ORIGINAL,2.540983606557377
SMOTE_SVM,2.6065573770491803
SMOTE,3.1147540983606556
BORDERLINE1,3.3852459016393444
DELAUNAY,4.524590163934426
BORDERLINE2,4.827868852459017
