index,0
BORDERLINE1,3.2459016393442623
BORDERLINE2,3.2540983606557377
GEOSMOTE,3.6065573770491803
SMOTE_SVM,3.680327868852459
SMOTE,3.737704918032787
DELAUNAY,4.098360655737705
ORIGINAL,6.377049180327869
