index,0
ORIGINAL,2.6885245901639343
SMOTE_SVM,3.30327868852459
SMOTE,3.5491803278688523
BORDERLINE1,3.69672131147541
GEOSMOTE,3.8934426229508197
BORDERLINE2,5.245901639344262
DELAUNAY,5.622950819672131
