index,0
DELAUNAY,2.8442622950819674
BORDERLINE2,3.0901639344262297
BORDERLINE1,3.4098360655737703
SMOTE,3.6065573770491803
SMOTE_SVM,4.114754098360656
GEOSMOTE,4.5
ORIGINAL,6.434426229508197
