index,0
ORIGINAL,2.762295081967213
SMOTE,3.0737704918032787
SMOTE_SVM,3.377049180327869
DELAUNAY,3.540983606557377
BORDERLINE1,3.6475409836065573
BORDERLINE2,4.598360655737705
