index,0
BORDERLINE2,2.7459016393442623
BORDERLINE1,3.3278688524590163
SMOTE,3.401639344262295
GEOSMOTE,3.4508196721311477
SMOTE_SVM,3.9918032786885247
DELAUNAY,4.401639344262295
ORIGINAL,6.680327868852459
