index,0
ORIGINAL,2.221311475409836
SMOTE_SVM,2.9836065573770494
DELAUNAY,3.7049180327868854
BORDERLINE1,3.7131147540983607
SMOTE,3.721311475409836
BORDERLINE2,4.655737704918033
