index,0
SMOTE_SVM,2.959016393442623
SMOTE,3.221311475409836
DELAUNAY,3.319672131147541
ORIGINAL,3.5901639344262297
BORDERLINE1,3.737704918032787
BORDERLINE2,4.172131147540983
