index,0
DELAUNAY,2.819672131147541
SMOTE,3.0163934426229506
BORDERLINE2,3.581967213114754
BORDERLINE1,3.680327868852459
SMOTE_SVM,3.8442622950819674
ORIGINAL,4.057377049180328
