index,0
ORIGINAL,3.1721311475409837
SMOTE_SVM,3.1721311475409837
GEOSMOTE,3.7868852459016393
SMOTE,3.8360655737704916
BORDERLINE1,3.860655737704918
BORDERLINE2,4.901639344262295
DELAUNAY,5.270491803278689
