index,0
SMOTE,2.9754098360655736
SMOTE_SVM,3.040983606557377
BORDERLINE1,3.180327868852459
DELAUNAY,3.30327868852459
BORDERLINE2,3.6311475409836067
ORIGINAL,4.868852459016393
