index,0
ORIGINAL,3.0245901639344264
SMOTE_SVM,3.1311475409836067
SMOTE,3.7950819672131146
BORDERLINE1,4.073770491803279
GEOSMOTE,4.073770491803279
DELAUNAY,4.204918032786885
BORDERLINE2,5.69672131147541
