index,0
SMOTE_SVM,3.0
SMOTE,3.3688524590163933
GEOSMOTE,3.4344262295081966
DELAUNAY,3.6557377049180326
BORDERLINE1,4.155737704918033
BORDERLINE2,4.868852459016393
ORIGINAL,5.516393442622951
