index,0
SMOTE_SVM,2.9262295081967213
SMOTE,2.9508196721311477
BORDERLINE2,2.9918032786885247
BORDERLINE1,3.0901639344262297
DELAUNAY,3.9918032786885247
ORIGINAL,5.049180327868853
