index,0
SMOTE,3.098360655737705
DELAUNAY,3.1475409836065573
BORDERLINE1,3.2049180327868854
BORDERLINE2,3.2131147540983607
SMOTE_SVM,3.401639344262295
ORIGINAL,4.934426229508197
