index,0
SMOTE_SVM,2.5245901639344264
SMOTE,2.7459016393442623
BORDERLINE1,3.3688524590163933
DELAUNAY,3.6885245901639343
BORDERLINE2,3.9836065573770494
ORIGINAL,4.688524590163935
