index,0
ORIGINAL,2.4754098360655736
SMOTE_SVM,3.1639344262295084
SMOTE,3.5901639344262297
GEOSMOTE,3.778688524590164
BORDERLINE1,3.8278688524590163
BORDERLINE2,5.459016393442623
DELAUNAY,5.704918032786885
