index,0
ORIGINAL,1.9262295081967213
GEOSMOTE,3.081967213114754
SMOTE_SVM,3.1147540983606556
BORDERLINE1,4.073770491803279
SMOTE,4.5
BORDERLINE2,5.532786885245901
DELAUNAY,5.770491803278689
