index,0
ORIGINAL,2.901639344262295
SMOTE,3.237704918032787
SMOTE_SVM,3.6721311475409837
BORDERLINE1,4.0
GEOSMOTE,4.188524590163935
BORDERLINE2,4.967213114754099
DELAUNAY,5.032786885245901
