index,0
SMOTE_SVM,2.6147540983606556
SMOTE,2.8852459016393444
DELAUNAY,2.9836065573770494
BORDERLINE1,3.5655737704918034
BORDERLINE2,4.19672131147541
ORIGINAL,4.754098360655738
