index,0
SMOTE_SVM,3.040983606557377
DELAUNAY,3.4262295081967213
SMOTE,3.4836065573770494
GEOSMOTE,3.5327868852459017
BORDERLINE1,4.180327868852459
BORDERLINE2,4.877049180327869
ORIGINAL,5.459016393442623
