index,0
DELAUNAY,2.6639344262295084
BORDERLINE2,2.7459016393442623
BORDERLINE1,3.1475409836065573
SMOTE,3.2868852459016393
SMOTE_SVM,3.6311475409836067
ORIGINAL,5.524590163934426
