index,0
SMOTE_SVM,2.762295081967213
ORIGINAL,2.778688524590164
SMOTE,3.2868852459016393
BORDERLINE1,3.3442622950819674
BORDERLINE2,4.213114754098361
DELAUNAY,4.614754098360656
