index,0
BORDERLINE2,3.0245901639344264
BORDERLINE1,3.4672131147540983
DELAUNAY,3.5163934426229506
SMOTE_SVM,3.6147540983606556
SMOTE,3.7459016393442623
GEOSMOTE,4.565573770491803
ORIGINAL,6.065573770491803
