index,0
SMOTE_SVM,3.30327868852459
BORDERLINE1,3.6475409836065573
SMOTE,3.6639344262295084
GEOSMOTE,4.049180327868853
ORIGINAL,4.163934426229508
BORDERLINE2,4.401639344262295
DELAUNAY,4.770491803278689
