index,0
SMOTE_SVM,2.9754098360655736
SMOTE,2.9918032786885247
BORDERLINE2,3.057377049180328
BORDERLINE1,3.2131147540983607
DELAUNAY,3.5655737704918034
ORIGINAL,5.19672131147541
