index,0
ORIGINAL,2.2295081967213113
SMOTE_SVM,3.139344262295082
GEOSMOTE,3.221311475409836
BORDERLINE1,4.0
SMOTE,4.729508196721311
DELAUNAY,4.959016393442623
BORDERLINE2,5.721311475409836
