index,0
DELAUNAY,2.9344262295081966
SMOTE,3.1639344262295084
ORIGINAL,3.4344262295081966
SMOTE_SVM,3.6065573770491803
BORDERLINE2,3.877049180327869
BORDERLINE1,3.9836065573770494
