index,0
ORIGINAL,2.540983606557377
SMOTE,3.0245901639344264
DELAUNAY,3.2704918032786887
SMOTE_SVM,3.540983606557377
BORDERLINE1,4.131147540983607
BORDERLINE2,4.491803278688525
