index,0
ORIGINAL,3.2868852459016393
SMOTE,3.69672131147541
SMOTE_SVM,3.8524590163934427
BORDERLINE1,3.9344262295081966
GEOSMOTE,3.9754098360655736
BORDERLINE2,4.622950819672131
DELAUNAY,4.631147540983607
