index,0
BORDERLINE1,2.8524590163934427
SMOTE,2.918032786885246
BORDERLINE2,2.959016393442623
SMOTE_SVM,3.1311475409836067
DELAUNAY,3.877049180327869
ORIGINAL,5.262295081967213
