index,0
ORIGINAL,3.040983606557377
SMOTE,3.3688524590163933
GEOSMOTE,3.737704918032787
DELAUNAY,3.9262295081967213
SMOTE_SVM,4.090163934426229
BORDERLINE1,4.631147540983607
BORDERLINE2,5.204918032786885
