index,0
BORDERLINE1,2.7131147540983607
BORDERLINE2,3.0
SMOTE,3.0081967213114753
SMOTE_SVM,3.1147540983606556
DELAUNAY,3.6311475409836067
ORIGINAL,5.532786885245901
