index,0
SMOTE_SVM,2.7459016393442623
SMOTE,3.0491803278688523
BORDERLINE1,3.4344262295081966
ORIGINAL,3.7950819672131146
DELAUNAY,3.80327868852459
BORDERLINE2,4.172131147540983
