index,0
SMOTE,3.122950819672131
BORDERLINE1,3.1311475409836067
BORDERLINE2,3.1721311475409837
DELAUNAY,3.2540983606557377
SMOTE_SVM,3.3852459016393444
ORIGINAL,4.934426229508197
