index,0
SMOTE,3.0163934426229506
SMOTE_SVM,3.040983606557377
BORDERLINE1,3.0491803278688523
DELAUNAY,3.2868852459016393
BORDERLINE2,3.6557377049180326
ORIGINAL,4.950819672131147
