index,0
SMOTE,3.1639344262295084
DELAUNAY,3.5327868852459017
BORDERLINE1,3.622950819672131
SMOTE_SVM,3.7049180327868854
GEOSMOTE,4.0
BORDERLINE2,4.081967213114754
ORIGINAL,5.89344262295082
