index,0
BORDERLINE2,2.737704918032787
BORDERLINE1,3.3442622950819674
SMOTE,3.4262295081967213
GEOSMOTE,3.4672131147540983
SMOTE_SVM,4.016393442622951
DELAUNAY,4.352459016393443
ORIGINAL,6.655737704918033
