index,0
BORDERLINE2,2.860655737704918
DELAUNAY,2.8852459016393444
SMOTE_SVM,3.2540983606557377
SMOTE,3.262295081967213
BORDERLINE1,3.5245901639344264
ORIGINAL,5.213114754098361
