index,0
ORIGINAL,3.237704918032787
DELAUNAY,3.5163934426229506
SMOTE,3.5327868852459017
SMOTE_SVM,3.860655737704918
GEOSMOTE,4.344262295081967
BORDERLINE1,4.352459016393443
BORDERLINE2,5.155737704918033
