index,0
ORIGINAL,3.19672131147541
SMOTE,3.5163934426229506
DELAUNAY,3.7131147540983607
SMOTE_SVM,3.8278688524590163
BORDERLINE1,4.30327868852459
GEOSMOTE,4.319672131147541
BORDERLINE2,5.122950819672131
