index,0
ORIGINAL,3.319672131147541
SMOTE,3.7459016393442623
SMOTE_SVM,3.877049180327869
BORDERLINE1,3.9344262295081966
GEOSMOTE,4.057377049180328
DELAUNAY,4.418032786885246
BORDERLINE2,4.647540983606557
