index,0
SMOTE,3.0491803278688523
BORDERLINE1,3.4836065573770494
SMOTE_SVM,3.7049180327868854
GEOSMOTE,3.9098360655737703
BORDERLINE2,4.122950819672131
DELAUNAY,4.60655737704918
ORIGINAL,5.122950819672131
