index,0
ORIGINAL,3.0655737704918034
SMOTE,3.2704918032786887
SMOTE_SVM,3.540983606557377
DELAUNAY,3.6065573770491803
BORDERLINE2,3.6639344262295084
BORDERLINE1,3.8524590163934427
