index,0
SMOTE,2.778688524590164
BORDERLINE1,3.237704918032787
SMOTE_SVM,3.3360655737704916
DELAUNAY,3.3442622950819674
BORDERLINE2,3.7295081967213113
ORIGINAL,4.573770491803279
