index,0
BORDERLINE2,3.557377049180328
SMOTE_SVM,3.8442622950819674
SMOTE,3.877049180327869
GEOSMOTE,3.9098360655737703
ORIGINAL,4.19672131147541
DELAUNAY,4.204918032786885
BORDERLINE1,4.409836065573771
