index,0
BORDERLINE2,2.4672131147540983
BORDERLINE1,2.9344262295081966
SMOTE,3.180327868852459
DELAUNAY,3.19672131147541
SMOTE_SVM,3.4918032786885247
ORIGINAL,5.729508196721311
