index,0
ORIGINAL,2.4918032786885247
SMOTE_SVM,3.0163934426229506
SMOTE,3.2704918032786887
BORDERLINE1,3.3442622950819674
DELAUNAY,4.0
BORDERLINE2,4.877049180327869
