index,0
SMOTE,2.9508196721311477
ORIGINAL,3.1639344262295084
BORDERLINE2,3.69672131147541
SMOTE_SVM,3.7049180327868854
DELAUNAY,3.7295081967213113
BORDERLINE1,3.7540983606557377
