index,0
BORDERLINE1,2.8524590163934427
BORDERLINE2,2.8934426229508197
SMOTE,3.221311475409836
SMOTE_SVM,3.2540983606557377
DELAUNAY,3.3114754098360657
ORIGINAL,5.467213114754099
