index,0
SMOTE,3.2704918032786887
GEOSMOTE,3.278688524590164
SMOTE_SVM,3.4508196721311477
BORDERLINE1,3.4672131147540983
BORDERLINE2,4.163934426229508
DELAUNAY,4.229508196721311
ORIGINAL,6.139344262295082
