index,0
SMOTE_SVM,2.9754098360655736
SMOTE,2.9918032786885247
BORDERLINE1,3.1557377049180326
DELAUNAY,3.4344262295081966
BORDERLINE2,3.6065573770491803
ORIGINAL,4.836065573770492
