index,0
SMOTE,2.8934426229508197
SMOTE_SVM,3.0737704918032787
BORDERLINE1,3.081967213114754
DELAUNAY,3.2295081967213113
BORDERLINE2,3.737704918032787
ORIGINAL,4.983606557377049
