index,0
SMOTE,2.918032786885246
BORDERLINE1,2.959016393442623
SMOTE_SVM,2.9672131147540983
BORDERLINE2,3.540983606557377
DELAUNAY,3.6721311475409837
ORIGINAL,4.942622950819672
