index,0
DELAUNAY,3.1147540983606556
SMOTE_SVM,3.122950819672131
SMOTE,3.2540983606557377
BORDERLINE1,3.377049180327869
ORIGINAL,3.5327868852459017
BORDERLINE2,4.598360655737705
