index,0
SMOTE,3.2868852459016393
DELAUNAY,3.5081967213114753
BORDERLINE1,3.6639344262295084
SMOTE_SVM,3.8688524590163933
GEOSMOTE,4.032786885245901
BORDERLINE2,4.39344262295082
ORIGINAL,5.245901639344262
