index,0
ORIGINAL,2.4508196721311477
SMOTE,2.8524590163934427
SMOTE_SVM,3.278688524590164
BORDERLINE1,3.9672131147540983
DELAUNAY,4.114754098360656
BORDERLINE2,4.336065573770492
