index,0
ORIGINAL,1.7950819672131149
SMOTE_SVM,2.877049180327869
DELAUNAY,3.2459016393442623
BORDERLINE1,3.7540983606557377
SMOTE,4.237704918032787
BORDERLINE2,5.090163934426229
