index,0
SMOTE_SVM,2.8852459016393444
SMOTE,2.9098360655737703
BORDERLINE1,3.0901639344262297
ORIGINAL,3.262295081967213
BORDERLINE2,4.180327868852459
DELAUNAY,4.672131147540983
