index,0
ORIGINAL,2.860655737704918
SMOTE,3.1557377049180326
DELAUNAY,3.1557377049180326
SMOTE_SVM,3.4098360655737703
BORDERLINE1,3.877049180327869
BORDERLINE2,4.540983606557377
