index,0
SMOTE,3.3278688524590163
ORIGINAL,3.5081967213114753
DELAUNAY,4.0
SMOTE_SVM,4.172131147540983
BORDERLINE2,4.221311475409836
BORDERLINE1,4.295081967213115
GEOSMOTE,4.475409836065574
