index,0
SMOTE,2.737704918032787
BORDERLINE1,3.040983606557377
SMOTE_SVM,3.19672131147541
DELAUNAY,3.4508196721311477
BORDERLINE2,3.4672131147540983
ORIGINAL,5.10655737704918
