index,0
SMOTE_SVM,2.6557377049180326
SMOTE,3.2540983606557377
ORIGINAL,3.4754098360655736
DELAUNAY,3.5737704918032787
BORDERLINE1,3.6311475409836067
BORDERLINE2,4.409836065573771
