index,0
ORIGINAL,2.9672131147540983
GEOSMOTE,3.4344262295081966
SMOTE,3.557377049180328
DELAUNAY,4.090163934426229
SMOTE_SVM,4.10655737704918
BORDERLINE1,4.721311475409836
BORDERLINE2,5.122950819672131
