index,0
BORDERLINE2,3.1475409836065573
DELAUNAY,3.3688524590163933
SMOTE_SVM,3.4344262295081966
SMOTE,3.4672131147540983
ORIGINAL,3.6147540983606556
BORDERLINE1,3.9672131147540983
