index,0
ORIGINAL,2.9344262295081966
SMOTE,3.2704918032786887
GEOSMOTE,3.6475409836065573
SMOTE_SVM,3.9344262295081966
BORDERLINE1,4.434426229508197
DELAUNAY,4.80327868852459
BORDERLINE2,4.975409836065574
