index,0
ORIGINAL,3.30327868852459
DELAUNAY,3.4262295081967213
SMOTE,3.5901639344262297
SMOTE_SVM,3.8688524590163933
GEOSMOTE,4.311475409836065
BORDERLINE1,4.385245901639344
BORDERLINE2,5.114754098360656
