index,0
ORIGINAL,2.7459016393442623
SMOTE,2.9098360655737703
DELAUNAY,3.4344262295081966
SMOTE_SVM,3.4918032786885247
BORDERLINE1,3.9918032786885247
BORDERLINE2,4.426229508196721
