index,0
SMOTE,3.4672131147540983
SMOTE_SVM,3.4836065573770494
BORDERLINE1,3.7131147540983607
GEOSMOTE,3.737704918032787
ORIGINAL,4.040983606557377
BORDERLINE2,4.385245901639344
DELAUNAY,5.172131147540983
