index,0
BORDERLINE1,2.860655737704918
BORDERLINE2,2.901639344262295
DELAUNAY,3.2295081967213113
SMOTE,3.2540983606557377
SMOTE_SVM,3.262295081967213
ORIGINAL,5.491803278688525
