index,0
SMOTE_SVM,3.5081967213114753
BORDERLINE1,3.557377049180328
GEOSMOTE,3.737704918032787
ORIGINAL,3.9918032786885247
SMOTE,4.204918032786885
BORDERLINE2,4.418032786885246
DELAUNAY,4.581967213114754
