index,0
BORDERLINE2,3.622950819672131
GEOSMOTE,3.8934426229508197
DELAUNAY,3.8934426229508197
SMOTE_SVM,3.942622950819672
SMOTE,4.0
ORIGINAL,4.163934426229508
BORDERLINE1,4.483606557377049
