index,0
BORDERLINE2,2.459016393442623
BORDERLINE1,2.9754098360655736
SMOTE,3.0737704918032787
DELAUNAY,3.2704918032786887
SMOTE_SVM,3.4918032786885247
ORIGINAL,5.729508196721311
