index,0
SMOTE_SVM,2.9918032786885247
SMOTE,3.7295081967213113
ORIGINAL,3.8934426229508197
GEOSMOTE,3.9754098360655736
BORDERLINE1,4.139344262295082
DELAUNAY,4.311475409836065
BORDERLINE2,4.959016393442623
