index,0
DELAUNAY,2.918032786885246
ORIGINAL,3.057377049180328
SMOTE,3.5327868852459017
SMOTE_SVM,3.598360655737705
BORDERLINE1,3.6475409836065573
BORDERLINE2,4.245901639344262
