index,0
ORIGINAL,3.0655737704918034
SMOTE,3.3442622950819674
SMOTE_SVM,3.622950819672131
BORDERLINE1,4.155737704918033
GEOSMOTE,4.213114754098361
DELAUNAY,4.69672131147541
BORDERLINE2,4.901639344262295
