index,0
SMOTE,2.9508196721311477
DELAUNAY,3.377049180327869
ORIGINAL,3.418032786885246
SMOTE_SVM,3.5163934426229506
BORDERLINE2,3.8360655737704916
BORDERLINE1,3.901639344262295
