index,0
ORIGINAL,2.598360655737705
SMOTE_SVM,2.69672131147541
SMOTE,3.2131147540983607
BORDERLINE1,3.4918032786885247
DELAUNAY,4.049180327868853
BORDERLINE2,4.950819672131147
