index,0
BORDERLINE1,2.8524590163934427
BORDERLINE2,2.860655737704918
SMOTE,3.180327868852459
SMOTE_SVM,3.2459016393442623
DELAUNAY,3.3934426229508197
ORIGINAL,5.467213114754099
