index,0
ORIGINAL,2.7704918032786887
SMOTE,3.0163934426229506
SMOTE_SVM,3.4098360655737703
DELAUNAY,3.5491803278688523
BORDERLINE1,3.762295081967213
BORDERLINE2,4.491803278688525
