index,0
SMOTE,2.9508196721311477
ORIGINAL,3.1885245901639343
SMOTE_SVM,3.6311475409836067
BORDERLINE2,3.6557377049180326
BORDERLINE1,3.721311475409836
DELAUNAY,3.8524590163934427
