index,0
BORDERLINE1,3.0081967213114753
SMOTE_SVM,3.1065573770491803
SMOTE,3.1147540983606556
BORDERLINE2,3.2295081967213113
DELAUNAY,3.3360655737704916
ORIGINAL,5.204918032786885
