index,0
BORDERLINE2,2.5901639344262297
BORDERLINE1,2.918032786885246
SMOTE_SVM,3.180327868852459
SMOTE,3.237704918032787
DELAUNAY,3.778688524590164
ORIGINAL,5.295081967213115
