index,0
BORDERLINE2,3.0081967213114753
DELAUNAY,3.1147540983606556
BORDERLINE1,3.3852459016393444
SMOTE,3.6065573770491803
SMOTE_SVM,4.016393442622951
GEOSMOTE,4.450819672131147
ORIGINAL,6.418032786885246
