index,0
SMOTE,2.8114754098360657
BORDERLINE1,2.9672131147540983
SMOTE_SVM,2.9836065573770494
DELAUNAY,3.3688524590163933
BORDERLINE2,3.581967213114754
ORIGINAL,5.286885245901639
