index,0
BORDERLINE2,2.459016393442623
DELAUNAY,3.1475409836065573
SMOTE_SVM,3.2131147540983607
SMOTE,3.401639344262295
BORDERLINE1,3.5245901639344264
ORIGINAL,5.254098360655738
