index,0
ORIGINAL,3.3934426229508197
DELAUNAY,3.8688524590163933
SMOTE,3.8852459016393444
SMOTE_SVM,3.942622950819672
BORDERLINE1,4.024590163934426
GEOSMOTE,4.147540983606557
BORDERLINE2,4.737704918032787
