index,0
SMOTE,3.19672131147541
DELAUNAY,3.221311475409836
SMOTE_SVM,3.278688524590164
ORIGINAL,3.4836065573770494
BORDERLINE1,3.5
BORDERLINE2,4.319672131147541
