index,0
BORDERLINE2,2.5245901639344264
DELAUNAY,2.6475409836065573
SMOTE_SVM,3.401639344262295
SMOTE,3.5
BORDERLINE1,3.6311475409836067
ORIGINAL,5.295081967213115
