index,0
BORDERLINE1,3.0491803278688523
SMOTE_SVM,3.0655737704918034
ORIGINAL,3.459016393442623
SMOTE,3.6475409836065573
BORDERLINE2,3.860655737704918
DELAUNAY,3.918032786885246
