index,0
SMOTE_SVM,2.9836065573770494
SMOTE,3.1475409836065573
ORIGINAL,3.581967213114754
BORDERLINE1,3.6065573770491803
DELAUNAY,3.6065573770491803
BORDERLINE2,4.073770491803279
