index,0
ORIGINAL,1.778688524590164
SMOTE_SVM,2.557377049180328
BORDERLINE1,3.5245901639344264
SMOTE,3.942622950819672
DELAUNAY,4.262295081967213
BORDERLINE2,4.934426229508197
