index,0
BORDERLINE2,3.5163934426229506
SMOTE_SVM,3.8688524590163933
GEOSMOTE,3.9262295081967213
SMOTE,3.9344262295081966
DELAUNAY,4.098360655737705
ORIGINAL,4.172131147540983
BORDERLINE1,4.483606557377049
