index,0
DELAUNAY,2.918032786885246
BORDERLINE2,2.959016393442623
GEOSMOTE,3.7704918032786887
SMOTE_SVM,3.8934426229508197
SMOTE,4.122950819672131
BORDERLINE1,4.163934426229508
ORIGINAL,6.172131147540983
