index,0
ORIGINAL,2.860655737704918
SMOTE_SVM,2.9098360655737703
SMOTE,3.5
GEOSMOTE,3.7131147540983607
BORDERLINE1,3.7459016393442623
BORDERLINE2,5.270491803278689
DELAUNAY,6.0
