index,0
BORDERLINE2,3.5163934426229506
SMOTE_SVM,3.819672131147541
GEOSMOTE,3.9262295081967213
SMOTE,3.9344262295081966
DELAUNAY,4.114754098360656
ORIGINAL,4.237704918032787
BORDERLINE1,4.450819672131147
