index,0
ORIGINAL,2.622950819672131
SMOTE,2.877049180327869
DELAUNAY,3.3360655737704916
SMOTE_SVM,3.5163934426229506
BORDERLINE1,4.073770491803279
BORDERLINE2,4.573770491803279
