index,0
SMOTE,3.057377049180328
BORDERLINE1,3.4918032786885247
SMOTE_SVM,3.5491803278688523
GEOSMOTE,3.8688524590163933
BORDERLINE2,4.008196721311475
DELAUNAY,4.163934426229508
ORIGINAL,5.860655737704918
