index,0
SMOTE,3.1065573770491803
SMOTE_SVM,3.1065573770491803
BORDERLINE1,3.319672131147541
ORIGINAL,3.442622950819672
DELAUNAY,3.4672131147540983
BORDERLINE2,4.557377049180328
