index,0
DELAUNAY,3.0655737704918034
BORDERLINE1,3.0737704918032787
BORDERLINE2,3.081967213114754
SMOTE,3.098360655737705
SMOTE_SVM,3.360655737704918
ORIGINAL,5.319672131147541
