index,0
SMOTE_SVM,3.2131147540983607
BORDERLINE1,3.5491803278688523
SMOTE,3.639344262295082
GEOSMOTE,3.9918032786885247
ORIGINAL,4.10655737704918
BORDERLINE2,4.360655737704918
DELAUNAY,5.139344262295082
