index,0
SMOTE_SVM,2.7049180327868854
SMOTE,2.9836065573770494
BORDERLINE2,3.4098360655737703
BORDERLINE1,3.6147540983606556
DELAUNAY,3.7131147540983607
ORIGINAL,4.573770491803279
