index,0
SMOTE_SVM,2.860655737704918
SMOTE,2.8934426229508197
BORDERLINE1,3.057377049180328
ORIGINAL,3.2540983606557377
BORDERLINE2,4.204918032786885
DELAUNAY,4.729508196721311
