index,0
BORDERLINE1,2.8278688524590163
BORDERLINE2,2.8278688524590163
SMOTE,3.1885245901639343
SMOTE_SVM,3.2049180327868854
DELAUNAY,3.4836065573770494
ORIGINAL,5.467213114754099
