index,0
ORIGINAL,2.1311475409836067
SMOTE_SVM,3.0
SMOTE,3.6639344262295084
BORDERLINE1,3.6639344262295084
DELAUNAY,3.877049180327869
BORDERLINE2,4.663934426229508
