index,0
ORIGINAL,2.721311475409836
SMOTE,2.942622950819672
SMOTE_SVM,3.5
DELAUNAY,3.5491803278688523
BORDERLINE1,3.959016393442623
BORDERLINE2,4.327868852459017
