index,0
BORDERLINE2,2.8688524590163933
BORDERLINE1,3.4098360655737703
SMOTE,3.5081967213114753
GEOSMOTE,3.598360655737705
DELAUNAY,3.8852459016393444
SMOTE_SVM,4.081967213114754
ORIGINAL,6.647540983606557
