index,0
BORDERLINE2,2.9918032786885247
DELAUNAY,3.0737704918032787
GEOSMOTE,3.680327868852459
SMOTE_SVM,3.8278688524590163
SMOTE,4.073770491803279
BORDERLINE1,4.188524590163935
ORIGINAL,6.163934426229508
