index,0
SMOTE_SVM,2.7704918032786887
ORIGINAL,2.9262295081967213
SMOTE,3.0901639344262297
BORDERLINE1,3.6065573770491803
DELAUNAY,4.286885245901639
BORDERLINE2,4.319672131147541
