index,0
SMOTE_SVM,3.0163934426229506
BORDERLINE1,3.1065573770491803
SMOTE,3.2868852459016393
ORIGINAL,3.7295081967213113
BORDERLINE2,3.918032786885246
DELAUNAY,3.942622950819672
