index,0
SMOTE,2.942622950819672
SMOTE_SVM,3.098360655737705
BORDERLINE1,3.2049180327868854
DELAUNAY,3.3442622950819674
BORDERLINE2,3.4508196721311477
ORIGINAL,4.959016393442623
