index,0
SMOTE,2.8442622950819674
SMOTE_SVM,3.0081967213114753
BORDERLINE1,3.057377049180328
DELAUNAY,3.1557377049180326
BORDERLINE2,3.6311475409836067
ORIGINAL,5.30327868852459
