index,0
SMOTE,3.4836065573770494
GEOSMOTE,3.540983606557377
DELAUNAY,3.819672131147541
ORIGINAL,3.959016393442623
SMOTE_SVM,4.180327868852459
BORDERLINE2,4.442622950819672
BORDERLINE1,4.573770491803279
