index,0
BORDERLINE1,2.9918032786885247
BORDERLINE2,3.1065573770491803
DELAUNAY,3.1475409836065573
SMOTE,3.19672131147541
SMOTE_SVM,3.30327868852459
ORIGINAL,5.254098360655738
