index,0
SMOTE,3.0163934426229506
BORDERLINE1,3.081967213114754
SMOTE_SVM,3.0901639344262297
DELAUNAY,3.2049180327868854
BORDERLINE2,3.639344262295082
ORIGINAL,4.967213114754099
