index,0
BORDERLINE1,2.8114754098360657
SMOTE,3.098360655737705
BORDERLINE2,3.1557377049180326
DELAUNAY,3.19672131147541
SMOTE_SVM,3.2131147540983607
ORIGINAL,5.524590163934426
