index,0
SMOTE,3.3688524590163933
SMOTE_SVM,3.377049180327869
GEOSMOTE,3.5655737704918034
BORDERLINE1,3.5901639344262297
BORDERLINE2,4.10655737704918
DELAUNAY,4.368852459016393
ORIGINAL,5.622950819672131
