index,0
DELAUNAY,2.4918032786885247
BORDERLINE2,2.6557377049180326
SMOTE_SVM,3.4098360655737703
SMOTE,3.5245901639344264
BORDERLINE1,3.6557377049180326
ORIGINAL,5.262295081967213
