index,0
ORIGINAL,3.0081967213114753
SMOTE,3.2950819672131146
BORDERLINE1,3.4508196721311477
SMOTE_SVM,3.4672131147540983
DELAUNAY,3.721311475409836
BORDERLINE2,4.057377049180328
