index,0
ORIGINAL,2.459016393442623
SMOTE_SVM,2.8934426229508197
SMOTE,3.1311475409836067
BORDERLINE1,3.221311475409836
BORDERLINE2,4.631147540983607
DELAUNAY,4.663934426229508
