index,0
BORDERLINE2,2.6311475409836067
SMOTE,2.7459016393442623
BORDERLINE1,2.7950819672131146
SMOTE_SVM,3.1557377049180326
DELAUNAY,3.9918032786885247
ORIGINAL,5.680327868852459
