index,0
SMOTE,3.0901639344262297
BORDERLINE1,3.5655737704918034
SMOTE_SVM,3.7540983606557377
GEOSMOTE,3.942622950819672
BORDERLINE2,4.163934426229508
DELAUNAY,4.295081967213115
ORIGINAL,5.188524590163935
