index,0
SMOTE_SVM,2.860655737704918
SMOTE,3.180327868852459
DELAUNAY,3.2459016393442623
BORDERLINE2,3.598360655737705
BORDERLINE1,3.6147540983606556
ORIGINAL,4.5
