index,0
SMOTE,3.081967213114754
BORDERLINE1,3.5081967213114753
SMOTE_SVM,3.6557377049180326
GEOSMOTE,3.8934426229508197
DELAUNAY,3.959016393442623
BORDERLINE2,3.9918032786885247
ORIGINAL,5.909836065573771
