index,0
DELAUNAY,2.9836065573770494
SMOTE,3.1475409836065573
BORDERLINE2,3.2049180327868854
BORDERLINE1,3.237704918032787
SMOTE_SVM,3.418032786885246
ORIGINAL,5.008196721311475
