index,0
ORIGINAL,3.4262295081967213
SMOTE,3.8360655737704916
DELAUNAY,3.918032786885246
BORDERLINE1,3.942622950819672
SMOTE_SVM,4.024590163934426
GEOSMOTE,4.147540983606557
BORDERLINE2,4.704918032786885
