index,0
SMOTE,3.1065573770491803
BORDERLINE1,3.4918032786885247
SMOTE_SVM,3.721311475409836
GEOSMOTE,3.942622950819672
BORDERLINE2,4.19672131147541
DELAUNAY,4.368852459016393
ORIGINAL,5.172131147540983
