index,0
ORIGINAL,2.778688524590164
SMOTE,3.0655737704918034
SMOTE_SVM,3.377049180327869
DELAUNAY,3.5901639344262297
BORDERLINE1,3.762295081967213
BORDERLINE2,4.426229508196721
