index,0
DELAUNAY,2.5655737704918034
BORDERLINE2,2.8114754098360657
BORDERLINE1,3.139344262295082
SMOTE,3.2868852459016393
SMOTE_SVM,3.680327868852459
ORIGINAL,5.516393442622951
