index,0
SMOTE,3.540983606557377
BORDERLINE1,3.5655737704918034
BORDERLINE2,3.6721311475409837
DELAUNAY,3.737704918032787
SMOTE_SVM,3.8442622950819674
GEOSMOTE,3.901639344262295
ORIGINAL,5.737704918032787
