index,0
BORDERLINE2,3.3524590163934427
GEOSMOTE,3.5081967213114753
SMOTE_SVM,3.557377049180328
SMOTE,3.778688524590164
DELAUNAY,3.8114754098360657
BORDERLINE1,4.434426229508197
ORIGINAL,5.557377049180328
