index,0
ORIGINAL,2.6721311475409837
SMOTE,2.8688524590163933
DELAUNAY,3.3852459016393444
SMOTE_SVM,3.5
BORDERLINE1,4.024590163934426
BORDERLINE2,4.549180327868853
