index,0
SMOTE,2.8114754098360657
DELAUNAY,3.262295081967213
SMOTE_SVM,3.2868852459016393
BORDERLINE1,3.3114754098360657
BORDERLINE2,3.8114754098360657
ORIGINAL,4.516393442622951
