index,0
SMOTE_SVM,2.737704918032787
SMOTE,3.0327868852459017
BORDERLINE2,3.4508196721311477
BORDERLINE1,3.6147540983606556
DELAUNAY,3.6639344262295084
ORIGINAL,4.5
