index,0
ORIGINAL,3.1639344262295084
DELAUNAY,3.1885245901639343
SMOTE,3.377049180327869
SMOTE_SVM,3.6475409836065573
BORDERLINE2,3.69672131147541
BORDERLINE1,3.9262295081967213
