index,0
SMOTE_SVM,3.4344262295081966
SMOTE,3.442622950819672
GEOSMOTE,3.6475409836065573
BORDERLINE1,3.69672131147541
DELAUNAY,3.9754098360655736
BORDERLINE2,4.19672131147541
ORIGINAL,5.60655737704918
