index,0
SMOTE,3.3442622950819674
GEOSMOTE,3.3852459016393444
SMOTE_SVM,3.5245901639344264
DELAUNAY,3.5737704918032787
BORDERLINE1,3.6311475409836067
BORDERLINE2,4.344262295081967
ORIGINAL,6.19672131147541
