index,0
SMOTE,3.040983606557377
BORDERLINE1,3.5081967213114753
SMOTE_SVM,3.5245901639344264
GEOSMOTE,3.8442622950819674
BORDERLINE2,3.9262295081967213
DELAUNAY,4.254098360655738
ORIGINAL,5.901639344262295
