index,0
SMOTE,3.3442622950819674
SMOTE_SVM,3.4344262295081966
BORDERLINE1,3.4754098360655736
GEOSMOTE,3.7131147540983607
DELAUNAY,4.065573770491803
BORDERLINE2,4.188524590163935
ORIGINAL,5.778688524590164
