index,0
ORIGINAL,2.9508196721311477
SMOTE,3.278688524590164
SMOTE_SVM,3.6639344262295084
BORDERLINE1,4.016393442622951
GEOSMOTE,4.180327868852459
DELAUNAY,4.885245901639344
BORDERLINE2,5.024590163934426
