index,0
BORDERLINE1,3.598360655737705
SMOTE_SVM,3.622950819672131
GEOSMOTE,3.8852459016393444
ORIGINAL,4.024590163934426
DELAUNAY,4.090163934426229
SMOTE,4.286885245901639
BORDERLINE2,4.491803278688525
