index,0
ORIGINAL,3.081967213114754
SMOTE,3.3688524590163933
SMOTE_SVM,3.7868852459016393
DELAUNAY,4.131147540983607
BORDERLINE1,4.172131147540983
GEOSMOTE,4.245901639344262
BORDERLINE2,5.213114754098361
