index,0
DELAUNAY,2.680327868852459
BORDERLINE2,2.7540983606557377
BORDERLINE1,3.0901639344262297
SMOTE,3.3114754098360657
SMOTE_SVM,3.6639344262295084
ORIGINAL,5.5
