index,0
SMOTE_SVM,2.6885245901639343
SMOTE,2.942622950819672
BORDERLINE1,3.3852459016393444
ORIGINAL,3.8114754098360657
DELAUNAY,4.081967213114754
BORDERLINE2,4.090163934426229
