index,0
ORIGINAL,2.5163934426229506
SMOTE_SVM,3.5901639344262297
GEOSMOTE,3.622950819672131
DELAUNAY,4.270491803278689
SMOTE,4.286885245901639
BORDERLINE1,4.327868852459017
BORDERLINE2,5.385245901639344
