index,0
BORDERLINE2,3.4836065573770494
SMOTE_SVM,3.8114754098360657
SMOTE,3.8360655737704916
GEOSMOTE,3.860655737704918
ORIGINAL,4.081967213114754
BORDERLINE1,4.401639344262295
DELAUNAY,4.524590163934426
