index,0
ORIGINAL,2.7950819672131146
SMOTE,3.0901639344262297
SMOTE_SVM,3.3688524590163933
DELAUNAY,3.4754098360655736
BORDERLINE1,3.7950819672131146
BORDERLINE2,4.475409836065574
