index,0
SMOTE,3.237704918032787
GEOSMOTE,3.2540983606557377
SMOTE_SVM,3.4672131147540983
BORDERLINE1,3.5
BORDERLINE2,4.163934426229508
DELAUNAY,4.254098360655738
ORIGINAL,6.122950819672131
