index,0
SMOTE,3.237704918032787
ORIGINAL,3.4508196721311477
SMOTE_SVM,4.139344262295082
BORDERLINE2,4.155737704918033
BORDERLINE1,4.237704918032787
DELAUNAY,4.327868852459017
GEOSMOTE,4.450819672131147
