index,0
SMOTE_SVM,3.4262295081967213
SMOTE,3.4672131147540983
BORDERLINE1,3.6721311475409837
ORIGINAL,3.8852459016393444
GEOSMOTE,3.9672131147540983
DELAUNAY,4.385245901639344
BORDERLINE2,5.19672131147541
