index,0
SMOTE_SVM,3.19672131147541
DELAUNAY,3.4262295081967213
SMOTE,3.4836065573770494
BORDERLINE1,4.081967213114754
GEOSMOTE,4.30327868852459
ORIGINAL,4.573770491803279
BORDERLINE2,4.934426229508197
