index,0
BORDERLINE2,3.442622950819672
SMOTE_SVM,3.557377049180328
GEOSMOTE,3.5737704918032787
SMOTE,3.7131147540983607
DELAUNAY,3.721311475409836
BORDERLINE1,4.5
ORIGINAL,5.491803278688525
