index,0
ORIGINAL,3.278688524590164
SMOTE_SVM,3.3442622950819674
GEOSMOTE,4.0
SMOTE,4.040983606557377
BORDERLINE1,4.081967213114754
DELAUNAY,4.122950819672131
BORDERLINE2,5.131147540983607
