index,0
ORIGINAL,3.0737704918032787
SMOTE,3.30327868852459
SMOTE_SVM,3.418032786885246
BORDERLINE1,3.418032786885246
DELAUNAY,3.7049180327868854
BORDERLINE2,4.081967213114754
