index,0
SMOTE_SVM,3.4754098360655736
DELAUNAY,3.5245901639344264
GEOSMOTE,3.69672131147541
SMOTE,3.8524590163934427
ORIGINAL,4.081967213114754
BORDERLINE1,4.426229508196721
BORDERLINE2,4.942622950819672
