index,0
SMOTE,3.418032786885246
BORDERLINE1,3.4754098360655736
BORDERLINE2,3.622950819672131
SMOTE_SVM,3.762295081967213
GEOSMOTE,3.7704918032786887
DELAUNAY,4.262295081967213
ORIGINAL,5.688524590163935
