index,0
ORIGINAL,2.0081967213114753
SMOTE_SVM,2.7704918032786887
SMOTE,3.4098360655737703
BORDERLINE1,3.4344262295081966
BORDERLINE2,4.344262295081967
DELAUNAY,5.032786885245901
