index,0
BORDERLINE2,2.721311475409836
DELAUNAY,3.0327868852459017
BORDERLINE1,3.1475409836065573
SMOTE_SVM,3.319672131147541
SMOTE,3.3934426229508197
ORIGINAL,5.385245901639344
