index,0
SMOTE_SVM,2.6065573770491803
SMOTE,2.8688524590163933
DELAUNAY,3.0901639344262297
BORDERLINE1,3.5245901639344264
BORDERLINE2,4.155737704918033
ORIGINAL,4.754098360655738
