index,0
SMOTE_SVM,2.9836065573770494
SMOTE,3.2704918032786887
GEOSMOTE,3.3278688524590163
BORDERLINE1,4.0
DELAUNAY,4.344262295081967
BORDERLINE2,4.663934426229508
ORIGINAL,5.409836065573771
