index,0
ORIGINAL,2.9836065573770494
SMOTE,3.3360655737704916
BORDERLINE1,3.4754098360655736
SMOTE_SVM,3.5081967213114753
DELAUNAY,3.7049180327868854
BORDERLINE2,3.9918032786885247
