index,0
SMOTE_SVM,2.557377049180328
SMOTE,2.7704918032786887
BORDERLINE1,3.360655737704918
DELAUNAY,3.6147540983606556
BORDERLINE2,4.008196721311475
ORIGINAL,4.688524590163935
