index,0
SMOTE,3.040983606557377
BORDERLINE1,3.057377049180328
BORDERLINE2,3.1311475409836067
SMOTE_SVM,3.3114754098360657
DELAUNAY,3.5901639344262297
ORIGINAL,4.868852459016393
