index,0
ORIGINAL,2.180327868852459
SMOTE_SVM,2.9918032786885247
BORDERLINE1,3.6065573770491803
SMOTE,3.639344262295082
DELAUNAY,3.9918032786885247
BORDERLINE2,4.590163934426229
