index,0
ORIGINAL,2.4836065573770494
SMOTE,2.9262295081967213
SMOTE_SVM,3.401639344262295
DELAUNAY,3.8278688524590163
BORDERLINE1,4.008196721311475
BORDERLINE2,4.352459016393443
