index,0
ORIGINAL,2.9344262295081966
SMOTE,3.4672131147540983
GEOSMOTE,3.4836065573770494
DELAUNAY,3.9344262295081966
SMOTE_SVM,4.081967213114754
BORDERLINE1,4.795081967213115
BORDERLINE2,5.30327868852459
