index,0
BORDERLINE2,2.9508196721311477
BORDERLINE1,3.2704918032786887
SMOTE_SVM,3.581967213114754
SMOTE,3.69672131147541
DELAUNAY,4.024590163934426
GEOSMOTE,4.524590163934426
ORIGINAL,5.950819672131147
