index,0
BORDERLINE2,2.819672131147541
BORDERLINE1,3.459016393442623
SMOTE,3.5327868852459017
GEOSMOTE,3.6311475409836067
DELAUNAY,3.8114754098360657
SMOTE_SVM,4.065573770491803
ORIGINAL,6.680327868852459
