index,0
BORDERLINE1,2.8360655737704916
BORDERLINE2,2.8688524590163933
SMOTE,3.139344262295082
SMOTE_SVM,3.19672131147541
DELAUNAY,3.4918032786885247
ORIGINAL,5.467213114754099
