index,0
BORDERLINE1,2.7131147540983607
BORDERLINE2,3.0491803278688523
SMOTE,3.098360655737705
SMOTE_SVM,3.2295081967213113
DELAUNAY,3.3852459016393444
ORIGINAL,5.524590163934426
