index,0
BORDERLINE2,3.319672131147541
SMOTE_SVM,3.442622950819672
GEOSMOTE,3.4836065573770494
SMOTE,3.721311475409836
DELAUNAY,4.188524590163935
BORDERLINE1,4.352459016393443
ORIGINAL,5.491803278688525
