index,0
SMOTE_SVM,3.0081967213114753
SMOTE,3.3852459016393444
GEOSMOTE,3.4344262295081966
DELAUNAY,3.5491803278688523
BORDERLINE1,4.19672131147541
BORDERLINE2,4.909836065573771
ORIGINAL,5.516393442622951
