index,0
SMOTE_SVM,3.418032786885246
GEOSMOTE,3.540983606557377
SMOTE,3.737704918032787
ORIGINAL,4.024590163934426
DELAUNAY,4.147540983606557
BORDERLINE1,4.295081967213115
BORDERLINE2,4.836065573770492
