index,0
SMOTE_SVM,2.877049180327869
SMOTE,3.540983606557377
ORIGINAL,3.7295081967213113
GEOSMOTE,3.7868852459016393
BORDERLINE1,3.942622950819672
BORDERLINE2,4.836065573770492
DELAUNAY,5.286885245901639
