index,0
ORIGINAL,2.6721311475409837
SMOTE,3.0327868852459017
SMOTE_SVM,3.319672131147541
BORDERLINE1,3.6475409836065573
DELAUNAY,3.7295081967213113
BORDERLINE2,4.598360655737705
