index,0
ORIGINAL,2.6475409836065573
SMOTE_SVM,2.7950819672131146
SMOTE,3.319672131147541
BORDERLINE1,3.5491803278688523
DELAUNAY,3.7049180327868854
BORDERLINE2,4.983606557377049
