index,0
ORIGINAL,2.5327868852459017
SMOTE,2.9508196721311477
DELAUNAY,3.3934426229508197
SMOTE_SVM,3.4344262295081966
BORDERLINE1,4.098360655737705
BORDERLINE2,4.590163934426229
