index,0
SMOTE,3.360655737704918
GEOSMOTE,3.5245901639344264
ORIGINAL,3.8934426229508197
SMOTE_SVM,4.073770491803279
DELAUNAY,4.327868852459017
BORDERLINE2,4.352459016393443
BORDERLINE1,4.467213114754099
