index,0
DELAUNAY,2.9672131147540983
BORDERLINE2,3.1147540983606556
SMOTE,3.1557377049180326
SMOTE_SVM,3.1885245901639343
BORDERLINE1,3.3934426229508197
ORIGINAL,5.180327868852459
