index,0
SMOTE,3.0081967213114753
DELAUNAY,3.2704918032786887
ORIGINAL,3.418032786885246
SMOTE_SVM,3.540983606557377
BORDERLINE2,3.8442622950819674
BORDERLINE1,3.918032786885246
