index,0
ORIGINAL,3.0081967213114753
SMOTE_SVM,3.1147540983606556
SMOTE,3.7131147540983607
BORDERLINE1,3.9098360655737703
GEOSMOTE,3.959016393442623
DELAUNAY,4.704918032786885
BORDERLINE2,5.590163934426229
