index,0
SMOTE_SVM,2.6065573770491803
SMOTE,3.3114754098360657
ORIGINAL,3.442622950819672
DELAUNAY,3.5901639344262297
BORDERLINE1,3.6639344262295084
BORDERLINE2,4.385245901639344
