index,0
ORIGINAL,3.581967213114754
DELAUNAY,3.622950819672131
SMOTE,3.778688524590164
SMOTE_SVM,4.122950819672131
GEOSMOTE,4.188524590163935
BORDERLINE2,4.270491803278689
BORDERLINE1,4.434426229508197
