index,0
ORIGINAL,2.319672131147541
SMOTE_SVM,2.8360655737704916
SMOTE,3.221311475409836
BORDERLINE1,3.401639344262295
DELAUNAY,4.19672131147541
BORDERLINE2,5.024590163934426
