index,0
SMOTE,3.0901639344262297
SMOTE_SVM,3.237704918032787
BORDERLINE1,3.360655737704918
ORIGINAL,3.622950819672131
DELAUNAY,3.778688524590164
BORDERLINE2,3.9098360655737703
