index,0
ORIGINAL,2.4754098360655736
SMOTE_SVM,2.557377049180328
SMOTE,3.0245901639344264
BORDERLINE1,3.2459016393442623
BORDERLINE2,4.581967213114754
DELAUNAY,5.114754098360656
