index,0
SMOTE_SVM,3.4836065573770494
GEOSMOTE,3.5901639344262297
DELAUNAY,3.737704918032787
SMOTE,3.7540983606557377
ORIGINAL,4.114754098360656
BORDERLINE1,4.39344262295082
BORDERLINE2,4.926229508196721
