index,0
SMOTE,2.9508196721311477
SMOTE_SVM,3.0163934426229506
BORDERLINE1,3.057377049180328
DELAUNAY,3.4098360655737703
BORDERLINE2,3.6311475409836067
ORIGINAL,4.934426229508197
