index,0
DELAUNAY,3.1065573770491803
ORIGINAL,3.1721311475409837
SMOTE,3.3934426229508197
SMOTE_SVM,3.680327868852459
BORDERLINE2,3.7049180327868854
BORDERLINE1,3.942622950819672
