index,0
DELAUNAY,3.2049180327868854
SMOTE,3.2131147540983607
SMOTE_SVM,3.262295081967213
BORDERLINE1,3.4754098360655736
ORIGINAL,3.7295081967213113
BORDERLINE2,4.114754098360656
