index,0
BORDERLINE2,2.680327868852459
BORDERLINE1,3.2704918032786887
SMOTE,3.459016393442623
GEOSMOTE,3.4672131147540983
SMOTE_SVM,3.918032786885246
DELAUNAY,4.549180327868853
ORIGINAL,6.655737704918033
