index,0
ORIGINAL,2.762295081967213
SMOTE_SVM,3.3114754098360657
SMOTE,3.540983606557377
BORDERLINE1,3.721311475409836
GEOSMOTE,3.9672131147540983
BORDERLINE2,5.327868852459017
DELAUNAY,5.368852459016393
