index,0
ORIGINAL,3.319672131147541
SMOTE,3.7295081967213113
SMOTE_SVM,3.8688524590163933
BORDERLINE1,3.9098360655737703
GEOSMOTE,4.008196721311475
BORDERLINE2,4.581967213114754
DELAUNAY,4.581967213114754
