index,0
SMOTE_SVM,2.7868852459016393
ORIGINAL,2.8852459016393444
SMOTE,3.4098360655737703
BORDERLINE1,3.418032786885246
DELAUNAY,4.245901639344262
BORDERLINE2,4.254098360655738
