index,0
ORIGINAL,1.9836065573770492
GEOSMOTE,3.1557377049180326
SMOTE_SVM,3.237704918032787
BORDERLINE1,4.204918032786885
SMOTE,4.688524590163935
DELAUNAY,5.057377049180328
BORDERLINE2,5.672131147540983
