index,0
SMOTE_SVM,3.0655737704918034
ORIGINAL,3.3278688524590163
SMOTE,3.3688524590163933
BORDERLINE1,4.090163934426229
GEOSMOTE,4.278688524590164
BORDERLINE2,4.909836065573771
DELAUNAY,4.959016393442623
