index,0
ORIGINAL,2.1147540983606556
SMOTE_SVM,2.819672131147541
SMOTE,3.459016393442623
BORDERLINE1,3.5
BORDERLINE2,4.434426229508197
DELAUNAY,4.672131147540983
