index,0
SMOTE,3.3852459016393444
DELAUNAY,3.3852459016393444
GEOSMOTE,3.4672131147540983
SMOTE_SVM,3.7950819672131146
BORDERLINE1,4.385245901639344
BORDERLINE2,4.508196721311475
ORIGINAL,5.073770491803279
