index,0
SMOTE,3.2950819672131146
GEOSMOTE,3.3852459016393444
DELAUNAY,3.6475409836065573
SMOTE_SVM,3.7049180327868854
BORDERLINE1,4.385245901639344
BORDERLINE2,4.524590163934426
ORIGINAL,5.057377049180328
