index,0
SMOTE,2.9672131147540983
SMOTE_SVM,3.040983606557377
BORDERLINE1,3.0491803278688523
DELAUNAY,3.3688524590163933
BORDERLINE2,3.639344262295082
ORIGINAL,4.934426229508197
