index,0
ORIGINAL,1.9344262295081966
GEOSMOTE,3.1557377049180326
SMOTE_SVM,3.3442622950819674
BORDERLINE1,4.237704918032787
SMOTE,4.672131147540983
DELAUNAY,4.926229508196721
BORDERLINE2,5.729508196721311
