index,0
ORIGINAL,2.5901639344262297
SMOTE_SVM,3.122950819672131
SMOTE,3.4098360655737703
BORDERLINE1,3.442622950819672
DELAUNAY,3.4672131147540983
BORDERLINE2,4.967213114754099
