index,0
DELAUNAY,2.401639344262295
BORDERLINE2,3.0655737704918034
SMOTE_SVM,3.2704918032786887
SMOTE,3.3934426229508197
BORDERLINE1,3.6311475409836067
ORIGINAL,5.237704918032787
