index,0
SMOTE,2.860655737704918
SMOTE_SVM,2.9836065573770494
BORDERLINE1,3.040983606557377
DELAUNAY,3.1147540983606556
BORDERLINE2,3.680327868852459
ORIGINAL,5.319672131147541
