index,0
SMOTE_SVM,2.877049180327869
BORDERLINE1,3.0491803278688523
SMOTE,3.19672131147541
ORIGINAL,3.639344262295082
BORDERLINE2,3.80327868852459
DELAUNAY,4.434426229508197
