index,0
SMOTE,2.9344262295081966
SMOTE_SVM,3.081967213114754
BORDERLINE1,3.1885245901639343
DELAUNAY,3.2704918032786887
BORDERLINE2,3.5327868852459017
ORIGINAL,4.991803278688525
