index,0
SMOTE,3.4754098360655736
GEOSMOTE,3.5737704918032787
DELAUNAY,3.7540983606557377
ORIGINAL,3.959016393442623
SMOTE_SVM,4.204918032786885
BORDERLINE2,4.450819672131147
BORDERLINE1,4.581967213114754
