index,0
SMOTE,3.0
DELAUNAY,3.1311475409836067
BORDERLINE1,3.139344262295082
SMOTE_SVM,3.2131147540983607
BORDERLINE2,3.581967213114754
ORIGINAL,4.934426229508197
