index,0
GEOSMOTE,3.2704918032786887
SMOTE,3.2868852459016393
SMOTE_SVM,3.4344262295081966
BORDERLINE1,3.5163934426229506
DELAUNAY,4.065573770491803
BORDERLINE2,4.237704918032787
ORIGINAL,6.188524590163935
