index,0
BORDERLINE2,2.680327868852459
SMOTE,2.7540983606557377
BORDERLINE1,2.8360655737704916
SMOTE_SVM,3.221311475409836
DELAUNAY,3.778688524590164
ORIGINAL,5.729508196721311
