index,0
SMOTE,3.1475409836065573
BORDERLINE1,3.5737704918032787
SMOTE_SVM,3.7950819672131146
GEOSMOTE,3.901639344262295
DELAUNAY,4.098360655737705
BORDERLINE2,4.270491803278689
ORIGINAL,5.213114754098361
