index,0
ORIGINAL,2.237704918032787
SMOTE_SVM,2.778688524590164
SMOTE,3.1311475409836067
BORDERLINE1,3.401639344262295
DELAUNAY,4.532786885245901
BORDERLINE2,4.918032786885246
