index,0
SMOTE,3.4508196721311477
SMOTE_SVM,3.5081967213114753
GEOSMOTE,3.6721311475409837
BORDERLINE1,3.7295081967213113
DELAUNAY,3.7704918032786887
BORDERLINE2,4.229508196721311
ORIGINAL,5.639344262295082
