index,0
SMOTE,2.877049180327869
DELAUNAY,2.9836065573770494
SMOTE_SVM,3.180327868852459
BORDERLINE1,3.7049180327868854
BORDERLINE2,3.8852459016393444
ORIGINAL,4.368852459016393
