index,0
ORIGINAL,2.598360655737705
SMOTE,2.9344262295081966
SMOTE_SVM,3.221311475409836
BORDERLINE1,3.4918032786885247
DELAUNAY,4.295081967213115
BORDERLINE2,4.459016393442623
