index,0
SMOTE,2.9262295081967213
BORDERLINE1,3.081967213114754
SMOTE_SVM,3.122950819672131
BORDERLINE2,3.4754098360655736
DELAUNAY,3.5327868852459017
ORIGINAL,4.860655737704918
