index,0
SMOTE_SVM,3.2459016393442623
ORIGINAL,3.2704918032786887
GEOSMOTE,3.901639344262295
SMOTE,3.9918032786885247
BORDERLINE1,4.016393442622951
DELAUNAY,4.573770491803279
BORDERLINE2,5.0
