index,0
SMOTE_SVM,2.8934426229508197
ORIGINAL,2.9836065573770494
SMOTE,3.0901639344262297
BORDERLINE1,3.6475409836065573
DELAUNAY,4.040983606557377
BORDERLINE2,4.344262295081967
