index,0
SMOTE_SVM,3.081967213114754
SMOTE,3.122950819672131
BORDERLINE2,3.1557377049180326
DELAUNAY,3.1721311475409837
BORDERLINE1,3.278688524590164
ORIGINAL,5.188524590163935
