index,0
SMOTE,3.4754098360655736
DELAUNAY,3.6065573770491803
BORDERLINE1,3.622950819672131
BORDERLINE2,3.7049180327868854
SMOTE_SVM,3.8524590163934427
GEOSMOTE,3.9836065573770494
ORIGINAL,5.754098360655738
