index,0
SMOTE,2.80327868852459
SMOTE_SVM,3.057377049180328
DELAUNAY,3.360655737704918
BORDERLINE1,3.6475409836065573
BORDERLINE2,3.8114754098360657
ORIGINAL,4.319672131147541
