index,0
SMOTE,3.4754098360655736
SMOTE_SVM,3.4754098360655736
GEOSMOTE,3.6639344262295084
BORDERLINE1,3.680327868852459
DELAUNAY,3.860655737704918
BORDERLINE2,4.221311475409836
ORIGINAL,5.622950819672131
