index,0
SMOTE_SVM,3.1311475409836067
SMOTE,3.319672131147541
BORDERLINE1,4.032786885245901
GEOSMOTE,4.10655737704918
DELAUNAY,4.131147540983607
ORIGINAL,4.459016393442623
BORDERLINE2,4.819672131147541
