index,0
SMOTE_SVM,2.737704918032787
DELAUNAY,3.30327868852459
SMOTE,3.3278688524590163
ORIGINAL,3.557377049180328
BORDERLINE1,3.6557377049180326
BORDERLINE2,4.418032786885246
