index,0
SMOTE_SVM,2.8114754098360657
ORIGINAL,2.8688524590163933
SMOTE,3.4262295081967213
BORDERLINE1,3.4836065573770494
DELAUNAY,4.032786885245901
BORDERLINE2,4.377049180327869
