index,0
SMOTE_SVM,3.0245901639344264
SMOTE,3.0491803278688523
BORDERLINE1,3.1721311475409837
DELAUNAY,3.2459016393442623
BORDERLINE2,3.639344262295082
ORIGINAL,4.868852459016393
