index,0
SMOTE,3.221311475409836
SMOTE_SVM,3.237704918032787
DELAUNAY,3.2950819672131146
BORDERLINE1,3.4754098360655736
ORIGINAL,3.7049180327868854
BORDERLINE2,4.065573770491803
