index,0
ORIGINAL,2.9508196721311477
GEOSMOTE,3.401639344262295
SMOTE,3.5655737704918034
SMOTE_SVM,4.081967213114754
DELAUNAY,4.172131147540983
BORDERLINE1,4.745901639344262
BORDERLINE2,5.081967213114754
