index,0
SMOTE,2.9918032786885247
DELAUNAY,3.040983606557377
BORDERLINE2,3.5491803278688523
BORDERLINE1,3.6147540983606556
SMOTE_SVM,3.8278688524590163
ORIGINAL,3.9754098360655736
