index,0
BORDERLINE2,3.040983606557377
BORDERLINE1,3.3688524590163933
DELAUNAY,3.557377049180328
SMOTE_SVM,3.639344262295082
SMOTE,3.7049180327868854
GEOSMOTE,4.614754098360656
ORIGINAL,6.073770491803279
