index,0
BORDERLINE2,2.8114754098360657
GEOSMOTE,3.540983606557377
SMOTE_SVM,3.5655737704918034
SMOTE,3.7459016393442623
BORDERLINE1,3.8688524590163933
DELAUNAY,4.311475409836065
ORIGINAL,6.155737704918033
