index,0
ORIGINAL,3.1639344262295084
SMOTE,3.4754098360655736
SMOTE_SVM,3.8114754098360657
DELAUNAY,4.024590163934426
BORDERLINE1,4.245901639344262
GEOSMOTE,4.295081967213115
BORDERLINE2,4.983606557377049
