index,0
SMOTE,2.9672131147540983
DELAUNAY,3.057377049180328
SMOTE_SVM,3.0655737704918034
BORDERLINE1,3.122950819672131
BORDERLINE2,3.7704918032786887
ORIGINAL,5.016393442622951
