index,0
DELAUNAY,2.918032786885246
BORDERLINE2,3.1065573770491803
SMOTE,3.1885245901639343
SMOTE_SVM,3.221311475409836
BORDERLINE1,3.3934426229508197
ORIGINAL,5.172131147540983
