index,0
SMOTE_SVM,2.942622950819672
SMOTE,3.278688524590164
GEOSMOTE,3.3114754098360657
BORDERLINE1,3.9836065573770494
DELAUNAY,4.30327868852459
BORDERLINE2,4.688524590163935
ORIGINAL,5.491803278688525
