index,0
SMOTE,3.30327868852459
ORIGINAL,3.5
DELAUNAY,4.147540983606557
SMOTE_SVM,4.155737704918033
BORDERLINE2,4.188524590163935
BORDERLINE1,4.254098360655738
GEOSMOTE,4.450819672131147
