index,0
DELAUNAY,2.8852459016393444
BORDERLINE1,3.0081967213114753
SMOTE_SVM,3.262295081967213
SMOTE,3.278688524590164
BORDERLINE2,3.3278688524590163
ORIGINAL,5.237704918032787
