index,0
SMOTE_SVM,2.622950819672131
SMOTE,2.8524590163934427
DELAUNAY,3.278688524590164
BORDERLINE1,3.459016393442623
BORDERLINE2,4.032786885245901
ORIGINAL,4.754098360655738
