index,0
DELAUNAY,2.877049180327869
SMOTE,2.901639344262295
SMOTE_SVM,3.0491803278688523
BORDERLINE1,3.122950819672131
BORDERLINE2,3.7295081967213113
ORIGINAL,5.319672131147541
