index,0
DELAUNAY,3.3852459016393444
SMOTE,3.4098360655737703
ORIGINAL,3.557377049180328
SMOTE_SVM,4.286885245901639
BORDERLINE2,4.409836065573771
BORDERLINE1,4.418032786885246
GEOSMOTE,4.532786885245901
