index,0
SMOTE,2.8934426229508197
DELAUNAY,3.1475409836065573
BORDERLINE2,3.5655737704918034
BORDERLINE1,3.6557377049180326
SMOTE_SVM,3.7704918032786887
ORIGINAL,3.9672131147540983
