index,0
ORIGINAL,3.139344262295082
SMOTE,3.418032786885246
SMOTE_SVM,3.819672131147541
DELAUNAY,4.016393442622951
BORDERLINE1,4.237704918032787
GEOSMOTE,4.278688524590164
BORDERLINE2,5.090163934426229
