index,0
BORDERLINE1,2.7459016393442623
BORDERLINE2,2.778688524590164
SMOTE,3.0327868852459017
SMOTE_SVM,3.1065573770491803
DELAUNAY,3.8360655737704916
ORIGINAL,5.5
