index,0
ORIGINAL,2.9754098360655736
SMOTE,3.2950819672131146
SMOTE_SVM,3.442622950819672
BORDERLINE1,3.5081967213114753
DELAUNAY,3.680327868852459
BORDERLINE2,4.098360655737705
