index,0
SMOTE,3.1639344262295084
BORDERLINE1,3.622950819672131
DELAUNAY,3.8442622950819674
SMOTE_SVM,3.8524590163934427
GEOSMOTE,3.9836065573770494
BORDERLINE2,4.270491803278689
ORIGINAL,5.262295081967213
