index,0
SMOTE_SVM,3.5491803278688523
DELAUNAY,3.6147540983606556
SMOTE,3.6557377049180326
BORDERLINE1,3.8114754098360657
ORIGINAL,3.959016393442623
GEOSMOTE,4.114754098360656
BORDERLINE2,5.295081967213115
