index,0
ORIGINAL,2.9918032786885247
SMOTE,3.377049180327869
GEOSMOTE,3.7704918032786887
DELAUNAY,3.8442622950819674
SMOTE_SVM,4.10655737704918
BORDERLINE1,4.680327868852459
BORDERLINE2,5.229508196721311
