index,0
SMOTE_SVM,3.3278688524590163
ORIGINAL,3.4508196721311477
SMOTE,3.622950819672131
DELAUNAY,3.622950819672131
BORDERLINE1,4.295081967213115
GEOSMOTE,4.655737704918033
BORDERLINE2,5.024590163934426
