index,0
SMOTE_SVM,2.959016393442623
ORIGINAL,3.0081967213114753
SMOTE,3.2540983606557377
DELAUNAY,3.5491803278688523
BORDERLINE1,3.778688524590164
BORDERLINE2,4.450819672131147
