index,0
ORIGINAL,2.1557377049180326
SMOTE_SVM,2.69672131147541
SMOTE,3.0327868852459017
BORDERLINE1,3.2049180327868854
BORDERLINE2,4.631147540983607
DELAUNAY,5.278688524590164
