index,0
SMOTE_SVM,3.1885245901639343
SMOTE,3.19672131147541
ORIGINAL,3.377049180327869
BORDERLINE1,3.4672131147540983
DELAUNAY,3.6639344262295084
BORDERLINE2,4.10655737704918
