index,0
ORIGINAL,2.5
SMOTE_SVM,3.4918032786885247
GEOSMOTE,3.581967213114754
BORDERLINE1,4.221311475409836
SMOTE,4.237704918032787
DELAUNAY,4.655737704918033
BORDERLINE2,5.311475409836065
