index,0
SMOTE_SVM,2.762295081967213
SMOTE,3.0655737704918034
BORDERLINE1,3.540983606557377
BORDERLINE2,3.581967213114754
DELAUNAY,3.6475409836065573
ORIGINAL,4.401639344262295
