index,0
BORDERLINE1,2.8114754098360657
SMOTE_SVM,2.9836065573770494
SMOTE,3.081967213114754
BORDERLINE2,3.180327868852459
DELAUNAY,3.7868852459016393
ORIGINAL,5.155737704918033
