index,0
DELAUNAY,2.80327868852459
BORDERLINE2,2.901639344262295
SMOTE,3.0
BORDERLINE1,3.139344262295082
SMOTE_SVM,3.4508196721311477
ORIGINAL,5.704918032786885
