index,0
ORIGINAL,2.5901639344262297
SMOTE_SVM,3.221311475409836
SMOTE,3.6475409836065573
BORDERLINE1,3.877049180327869
GEOSMOTE,3.9754098360655736
DELAUNAY,4.975409836065574
BORDERLINE2,5.713114754098361
