index,0
SMOTE,3.0245901639344264
BORDERLINE1,3.0901639344262297
BORDERLINE2,3.180327868852459
SMOTE_SVM,3.360655737704918
DELAUNAY,3.5081967213114753
ORIGINAL,4.836065573770492
