index,0
SMOTE_SVM,3.6721311475409837
BORDERLINE1,3.6721311475409837
DELAUNAY,3.80327868852459
GEOSMOTE,3.860655737704918
ORIGINAL,4.073770491803279
SMOTE,4.377049180327869
BORDERLINE2,4.540983606557377
