index,0
SMOTE_SVM,3.6147540983606556
BORDERLINE1,3.6475409836065573
GEOSMOTE,3.8934426229508197
DELAUNAY,3.9344262295081966
ORIGINAL,4.024590163934426
SMOTE,4.352459016393443
BORDERLINE2,4.532786885245901
