index,0
SMOTE_SVM,3.0655737704918034
SMOTE,3.80327868852459
ORIGINAL,3.9508196721311477
DELAUNAY,3.9508196721311477
GEOSMOTE,4.0
BORDERLINE1,4.204918032786885
BORDERLINE2,5.024590163934426
