index,0
SMOTE,2.7049180327868854
SMOTE_SVM,2.8524590163934427
BORDERLINE1,2.9098360655737703
BORDERLINE2,3.5081967213114753
DELAUNAY,3.7704918032786887
ORIGINAL,5.254098360655738
