index,0
ORIGINAL,1.9672131147540983
SMOTE_SVM,2.7049180327868854
BORDERLINE1,3.442622950819672
SMOTE,4.016393442622951
DELAUNAY,4.163934426229508
BORDERLINE2,4.704918032786885
