index,0
SMOTE,3.4262295081967213
SMOTE_SVM,3.5
GEOSMOTE,3.6721311475409837
BORDERLINE1,3.7049180327868854
DELAUNAY,3.8442622950819674
BORDERLINE2,4.221311475409836
ORIGINAL,5.631147540983607
