index,0
SMOTE,3.401639344262295
SMOTE_SVM,3.418032786885246
BORDERLINE1,3.5245901639344264
GEOSMOTE,3.7950819672131146
DELAUNAY,3.9262295081967213
BORDERLINE2,4.213114754098361
ORIGINAL,5.721311475409836
