index,0
ORIGINAL,3.0245901639344264
SMOTE,3.3278688524590163
SMOTE_SVM,3.622950819672131
BORDERLINE1,4.122950819672131
GEOSMOTE,4.155737704918033
DELAUNAY,4.836065573770492
BORDERLINE2,4.909836065573771
