index,0
SMOTE,2.8688524590163933
DELAUNAY,2.9344262295081966
SMOTE_SVM,3.2131147540983607
BORDERLINE1,3.737704918032787
BORDERLINE2,3.877049180327869
ORIGINAL,4.368852459016393
