index,0
BORDERLINE1,3.2131147540983607
BORDERLINE2,3.319672131147541
SMOTE_SVM,3.7049180327868854
GEOSMOTE,3.7131147540983607
SMOTE,3.7868852459016393
DELAUNAY,3.877049180327869
ORIGINAL,6.385245901639344
