index,0
SMOTE_SVM,3.3278688524590163
BORDERLINE1,3.6639344262295084
SMOTE,3.7295081967213113
GEOSMOTE,4.155737704918033
ORIGINAL,4.204918032786885
BORDERLINE2,4.450819672131147
DELAUNAY,4.467213114754099
