index,0
SMOTE,3.0491803278688523
SMOTE_SVM,3.0491803278688523
DELAUNAY,3.1065573770491803
BORDERLINE1,3.221311475409836
BORDERLINE2,3.680327868852459
ORIGINAL,4.89344262295082
