index,0
BORDERLINE1,3.680327868852459
SMOTE_SVM,3.69672131147541
DELAUNAY,3.7131147540983607
GEOSMOTE,3.8442622950819674
ORIGINAL,4.090163934426229
SMOTE,4.409836065573771
BORDERLINE2,4.565573770491803
