index,0
ORIGINAL,2.5491803278688523
SMOTE_SVM,3.5163934426229506
GEOSMOTE,3.680327868852459
DELAUNAY,4.229508196721311
SMOTE,4.237704918032787
BORDERLINE1,4.360655737704918
BORDERLINE2,5.426229508196721
