index,0
DELAUNAY,1.9508196721311475
BORDERLINE2,2.819672131147541
SMOTE_SVM,3.4918032786885247
SMOTE,3.6557377049180326
BORDERLINE1,3.7704918032786887
ORIGINAL,5.311475409836065
