index,0
SMOTE,3.3852459016393444
SMOTE_SVM,3.5245901639344264
BORDERLINE1,3.762295081967213
GEOSMOTE,3.8278688524590163
ORIGINAL,4.122950819672131
BORDERLINE2,4.532786885245901
DELAUNAY,4.844262295081967
