index,0
ORIGINAL,2.918032786885246
SMOTE_SVM,3.0
SMOTE,3.5655737704918034
GEOSMOTE,3.8524590163934427
BORDERLINE1,3.860655737704918
DELAUNAY,5.254098360655738
BORDERLINE2,5.549180327868853
