index,0
BORDERLINE1,3.2131147540983607
BORDERLINE2,3.2540983606557377
GEOSMOTE,3.581967213114754
SMOTE_SVM,3.69672131147541
SMOTE,3.737704918032787
DELAUNAY,4.114754098360656
ORIGINAL,6.401639344262295
