index,0
SMOTE,3.4672131147540983
GEOSMOTE,3.5737704918032787
DELAUNAY,3.7295081967213113
ORIGINAL,3.9754098360655736
SMOTE_SVM,4.172131147540983
BORDERLINE2,4.475409836065574
BORDERLINE1,4.60655737704918
