index,0
DELAUNAY,2.7950819672131146
BORDERLINE2,2.942622950819672
SMOTE,3.0163934426229506
BORDERLINE1,3.0901639344262297
SMOTE_SVM,3.4672131147540983
ORIGINAL,5.688524590163935
