index,0
ORIGINAL,2.4918032786885247
SMOTE,2.8360655737704916
SMOTE_SVM,3.319672131147541
BORDERLINE1,3.901639344262295
DELAUNAY,4.081967213114754
BORDERLINE2,4.368852459016393
