index,0
BORDERLINE2,2.5
DELAUNAY,2.959016393442623
BORDERLINE1,3.0
SMOTE,3.221311475409836
SMOTE_SVM,3.598360655737705
ORIGINAL,5.721311475409836
