index,0
ORIGINAL,2.1557377049180326
SMOTE_SVM,2.877049180327869
BORDERLINE1,3.581967213114754
SMOTE,3.6311475409836067
DELAUNAY,4.286885245901639
BORDERLINE2,4.467213114754099
