index,0
SMOTE_SVM,3.0163934426229506
SMOTE,3.377049180327869
GEOSMOTE,3.4098360655737703
DELAUNAY,3.778688524590164
BORDERLINE1,4.114754098360656
BORDERLINE2,4.827868852459017
ORIGINAL,5.475409836065574
