index,0
ORIGINAL,2.9754098360655736
SMOTE_SVM,3.0901639344262297
SMOTE,3.6639344262295084
GEOSMOTE,3.959016393442623
BORDERLINE1,3.9672131147540983
DELAUNAY,4.672131147540983
BORDERLINE2,5.672131147540983
