index,0
SMOTE_SVM,3.5327868852459017
BORDERLINE1,3.598360655737705
GEOSMOTE,3.80327868852459
ORIGINAL,4.0
SMOTE,4.278688524590164
DELAUNAY,4.311475409836065
BORDERLINE2,4.475409836065574
