index,0
ORIGINAL,1.7131147540983607
SMOTE_SVM,2.5
BORDERLINE1,3.4344262295081966
SMOTE,3.7704918032786887
BORDERLINE2,4.647540983606557
DELAUNAY,4.934426229508197
