index,0
SMOTE,3.0245901639344264
SMOTE_SVM,3.040983606557377
BORDERLINE1,3.1721311475409837
DELAUNAY,3.262295081967213
BORDERLINE2,3.6311475409836067
ORIGINAL,4.868852459016393
