index,0
BORDERLINE2,3.139344262295082
DELAUNAY,3.1475409836065573
SMOTE_SVM,3.418032786885246
SMOTE,3.5245901639344264
ORIGINAL,3.7540983606557377
BORDERLINE1,4.016393442622951
