index,0
ORIGINAL,2.737704918032787
SMOTE,3.0081967213114753
SMOTE_SVM,3.3852459016393444
DELAUNAY,3.581967213114754
BORDERLINE1,3.69672131147541
BORDERLINE2,4.590163934426229
