index,0
ORIGINAL,2.4836065573770494
SMOTE_SVM,3.040983606557377
BORDERLINE1,3.319672131147541
SMOTE,3.3278688524590163
DELAUNAY,3.901639344262295
BORDERLINE2,4.926229508196721
