index,0
SMOTE,2.9262295081967213
SMOTE_SVM,2.9262295081967213
BORDERLINE1,2.959016393442623
BORDERLINE2,3.5245901639344264
DELAUNAY,3.7459016393442623
ORIGINAL,4.918032786885246
