index,0
ORIGINAL,2.6639344262295084
SMOTE,2.80327868852459
SMOTE_SVM,3.377049180327869
BORDERLINE1,3.8360655737704916
DELAUNAY,3.959016393442623
BORDERLINE2,4.360655737704918
