index,0
BORDERLINE1,3.122950819672131
SMOTE,3.1721311475409837
BORDERLINE2,3.1885245901639343
DELAUNAY,3.2295081967213113
SMOTE_SVM,3.319672131147541
ORIGINAL,4.967213114754099
