index,0
ORIGINAL,2.7459016393442623
SMOTE,3.0081967213114753
SMOTE_SVM,3.377049180327869
BORDERLINE1,3.6311475409836067
DELAUNAY,3.6311475409836067
BORDERLINE2,4.60655737704918
