index,0
BORDERLINE1,3.1311475409836067
SMOTE_SVM,3.1557377049180326
DELAUNAY,3.5
ORIGINAL,3.5737704918032787
SMOTE,3.737704918032787
BORDERLINE2,3.901639344262295
