index,0
ORIGINAL,2.8934426229508197
SMOTE_SVM,3.540983606557377
SMOTE,3.819672131147541
DELAUNAY,3.9098360655737703
BORDERLINE1,3.942622950819672
GEOSMOTE,4.229508196721311
BORDERLINE2,5.663934426229508
