index,0
SMOTE_SVM,2.877049180327869
SMOTE,3.0
BORDERLINE1,3.180327868852459
ORIGINAL,3.360655737704918
DELAUNAY,4.245901639344262
BORDERLINE2,4.336065573770492
