index,0
ORIGINAL,2.1557377049180326
SMOTE_SVM,2.918032786885246
DELAUNAY,2.9836065573770494
BORDERLINE1,3.6147540983606556
SMOTE,4.311475409836065
BORDERLINE2,5.016393442622951
