index,0
ORIGINAL,2.040983606557377
SMOTE_SVM,2.819672131147541
DELAUNAY,3.5163934426229506
BORDERLINE1,3.5327868852459017
SMOTE,4.155737704918033
BORDERLINE2,4.934426229508197
