index,0
BORDERLINE2,2.918032786885246
DELAUNAY,3.262295081967213
BORDERLINE1,3.319672131147541
SMOTE,3.5491803278688523
SMOTE_SVM,4.049180327868853
GEOSMOTE,4.475409836065574
ORIGINAL,6.426229508196721
