index,0
SMOTE_SVM,2.8852459016393444
SMOTE,3.1557377049180326
ORIGINAL,3.5491803278688523
DELAUNAY,3.5655737704918034
BORDERLINE1,3.7049180327868854
BORDERLINE2,4.139344262295082
