index,0
SMOTE_SVM,2.6475409836065573
SMOTE,3.221311475409836
ORIGINAL,3.4508196721311477
BORDERLINE1,3.6147540983606556
DELAUNAY,3.6475409836065573
BORDERLINE2,4.418032786885246
