index,0
ORIGINAL,2.6475409836065573
SMOTE_SVM,2.737704918032787
SMOTE,3.3442622950819674
BORDERLINE1,3.598360655737705
DELAUNAY,3.69672131147541
BORDERLINE2,4.975409836065574
