index,0
SMOTE_SVM,2.8852459016393444
ORIGINAL,2.9836065573770494
SMOTE,3.2459016393442623
DELAUNAY,3.6475409836065573
BORDERLINE1,3.80327868852459
BORDERLINE2,4.434426229508197
