index,0
SMOTE,2.7459016393442623
BORDERLINE1,3.1147540983606556
SMOTE_SVM,3.2868852459016393
DELAUNAY,3.598360655737705
BORDERLINE2,3.737704918032787
ORIGINAL,4.516393442622951
