index,0
SMOTE_SVM,3.1557377049180326
SMOTE,3.4098360655737703
DELAUNAY,3.721311475409836
BORDERLINE1,4.016393442622951
GEOSMOTE,4.270491803278689
ORIGINAL,4.516393442622951
BORDERLINE2,4.909836065573771
