index,0
SMOTE_SVM,2.6721311475409837
SMOTE,3.237704918032787
ORIGINAL,3.377049180327869
BORDERLINE1,3.5901639344262297
DELAUNAY,3.7540983606557377
BORDERLINE2,4.368852459016393
