index,0
ORIGINAL,2.4508196721311477
SMOTE_SVM,2.5327868852459017
SMOTE,3.098360655737705
BORDERLINE1,3.3278688524590163
BORDERLINE2,4.729508196721311
DELAUNAY,4.860655737704918
