index,0
SMOTE_SVM,3.0081967213114753
SMOTE,3.7131147540983607
GEOSMOTE,3.9098360655737703
ORIGINAL,3.9262295081967213
BORDERLINE1,4.155737704918033
DELAUNAY,4.245901639344262
BORDERLINE2,5.040983606557377
