index,0
ORIGINAL,3.0737704918032787
SMOTE,3.377049180327869
SMOTE_SVM,3.6639344262295084
BORDERLINE1,4.139344262295082
GEOSMOTE,4.19672131147541
DELAUNAY,4.672131147540983
BORDERLINE2,4.877049180327869
