index,0
SMOTE_SVM,3.0327868852459017
ORIGINAL,3.0491803278688523
DELAUNAY,3.3278688524590163
SMOTE,3.3442622950819674
BORDERLINE1,3.8114754098360657
BORDERLINE2,4.434426229508197
