index,0
ORIGINAL,2.9098360655737703
SMOTE,3.278688524590164
SMOTE_SVM,3.6639344262295084
BORDERLINE1,4.008196721311475
GEOSMOTE,4.155737704918033
DELAUNAY,4.950819672131147
BORDERLINE2,5.032786885245901
