index,0
DELAUNAY,3.2540983606557377
BORDERLINE2,3.6557377049180326
GEOSMOTE,4.024590163934426
SMOTE_SVM,4.040983606557377
SMOTE,4.10655737704918
ORIGINAL,4.377049180327869
BORDERLINE1,4.540983606557377
