index,0
SMOTE_SVM,3.0
SMOTE,3.4098360655737703
GEOSMOTE,3.4754098360655736
DELAUNAY,3.5245901639344264
BORDERLINE1,4.188524590163935
BORDERLINE2,4.885245901639344
ORIGINAL,5.516393442622951
