index,0
ORIGINAL,2.721311475409836
SMOTE_SVM,3.418032786885246
SMOTE,3.8442622950819674
BORDERLINE1,4.024590163934426
GEOSMOTE,4.090163934426229
DELAUNAY,4.098360655737705
BORDERLINE2,5.80327868852459
