index,0
SMOTE_SVM,2.860655737704918
SMOTE,3.1557377049180326
DELAUNAY,3.1721311475409837
BORDERLINE1,3.5901639344262297
ORIGINAL,3.918032786885246
BORDERLINE2,4.30327868852459
