index,0
SMOTE,3.3524590163934427
BORDERLINE1,3.4918032786885247
BORDERLINE2,3.581967213114754
SMOTE_SVM,3.6557377049180326
GEOSMOTE,3.877049180327869
DELAUNAY,4.311475409836065
ORIGINAL,5.729508196721311
