index,0
SMOTE,3.0245901639344264
SMOTE_SVM,3.1147540983606556
BORDERLINE1,3.3524590163934427
ORIGINAL,3.540983606557377
BORDERLINE2,3.8114754098360657
DELAUNAY,4.155737704918033
