index,0
DELAUNAY,2.860655737704918
BORDERLINE2,3.0
SMOTE_SVM,3.057377049180328
SMOTE,3.319672131147541
BORDERLINE1,3.901639344262295
ORIGINAL,4.860655737704918
