index,0
SMOTE_SVM,3.2704918032786887
SMOTE,3.3442622950819674
BORDERLINE1,3.581967213114754
ORIGINAL,3.7704918032786887
GEOSMOTE,3.8278688524590163
BORDERLINE2,4.909836065573771
DELAUNAY,5.295081967213115
