index,0
SMOTE,3.0737704918032787
BORDERLINE2,3.1721311475409837
BORDERLINE1,3.1885245901639343
DELAUNAY,3.30327868852459
SMOTE_SVM,3.360655737704918
ORIGINAL,4.901639344262295
