index,0
SMOTE,3.459016393442623
SMOTE_SVM,3.557377049180328
BORDERLINE1,3.8688524590163933
GEOSMOTE,3.877049180327869
ORIGINAL,4.188524590163935
DELAUNAY,4.491803278688525
BORDERLINE2,4.557377049180328
