index,0
SMOTE,2.8442622950819674
BORDERLINE2,2.8688524590163933
BORDERLINE1,3.040983606557377
DELAUNAY,3.2131147540983607
SMOTE_SVM,3.3524590163934427
ORIGINAL,5.680327868852459
