index,0
SMOTE,3.3442622950819674
GEOSMOTE,3.442622950819672
DELAUNAY,3.5081967213114753
SMOTE_SVM,3.7459016393442623
BORDERLINE1,4.360655737704918
BORDERLINE2,4.532786885245901
ORIGINAL,5.065573770491803
