index,0
DELAUNAY,3.2295081967213113
SMOTE,3.4344262295081966
ORIGINAL,3.5901639344262297
SMOTE_SVM,4.344262295081967
BORDERLINE2,4.418032786885246
BORDERLINE1,4.434426229508197
GEOSMOTE,4.549180327868853
