index,0
SMOTE_SVM,3.0163934426229506
SMOTE,3.3360655737704916
GEOSMOTE,3.3934426229508197
DELAUNAY,3.8934426229508197
BORDERLINE1,4.10655737704918
BORDERLINE2,4.786885245901639
ORIGINAL,5.467213114754099
