index,0
DELAUNAY,3.3278688524590163
SMOTE,3.4262295081967213
ORIGINAL,3.5737704918032787
SMOTE_SVM,4.30327868852459
BORDERLINE2,4.344262295081967
BORDERLINE1,4.442622950819672
GEOSMOTE,4.581967213114754
