index,0
SMOTE,3.30327868852459
ORIGINAL,3.4836065573770494
DELAUNAY,4.073770491803279
SMOTE_SVM,4.155737704918033
BORDERLINE2,4.204918032786885
BORDERLINE1,4.286885245901639
GEOSMOTE,4.491803278688525
