index,0
SMOTE,2.942622950819672
BORDERLINE1,3.1885245901639343
DELAUNAY,3.2131147540983607
SMOTE_SVM,3.2295081967213113
BORDERLINE2,3.557377049180328
ORIGINAL,4.868852459016393
