index,0
ORIGINAL,2.4262295081967213
SMOTE_SVM,3.139344262295082
SMOTE,3.5737704918032787
BORDERLINE1,3.778688524590164
GEOSMOTE,3.8688524590163933
BORDERLINE2,5.532786885245901
DELAUNAY,5.680327868852459
