index,0
SMOTE_SVM,3.3278688524590163
BORDERLINE1,3.69672131147541
SMOTE,3.7868852459016393
DELAUNAY,4.147540983606557
GEOSMOTE,4.213114754098361
ORIGINAL,4.221311475409836
BORDERLINE2,4.60655737704918
