index,0
ORIGINAL,2.4344262295081966
SMOTE_SVM,3.5491803278688523
GEOSMOTE,3.598360655737705
SMOTE,4.229508196721311
BORDERLINE1,4.295081967213115
DELAUNAY,4.5
BORDERLINE2,5.39344262295082
