index,0
SMOTE_SVM,2.8852459016393444
SMOTE,3.0901639344262297
ORIGINAL,3.459016393442623
BORDERLINE1,3.5491803278688523
BORDERLINE2,4.0
DELAUNAY,4.016393442622951
