index,0
BORDERLINE2,2.860655737704918
BORDERLINE1,3.4836065573770494
DELAUNAY,3.540983606557377
SMOTE,3.5901639344262297
GEOSMOTE,3.7049180327868854
SMOTE_SVM,4.155737704918033
ORIGINAL,6.663934426229508
