index,0
ORIGINAL,2.1639344262295084
SMOTE_SVM,2.680327868852459
SMOTE,3.0901639344262297
BORDERLINE1,3.2459016393442623
BORDERLINE2,4.680327868852459
DELAUNAY,5.139344262295082
