index,0
SMOTE,2.9098360655737703
ORIGINAL,3.360655737704918
SMOTE_SVM,3.4508196721311477
DELAUNAY,3.7131147540983607
BORDERLINE2,3.7540983606557377
BORDERLINE1,3.8114754098360657
