index,0
SMOTE,2.8688524590163933
SMOTE_SVM,3.1557377049180326
DELAUNAY,3.1885245901639343
BORDERLINE1,3.639344262295082
BORDERLINE2,3.7950819672131146
ORIGINAL,4.352459016393443
