index,0
BORDERLINE2,2.4262295081967213
SMOTE_SVM,3.098360655737705
SMOTE,3.2540983606557377
BORDERLINE1,3.3688524590163933
DELAUNAY,3.581967213114754
ORIGINAL,5.270491803278689
