index,0
SMOTE_SVM,3.2868852459016393
ORIGINAL,3.4098360655737703
SMOTE,3.5901639344262297
DELAUNAY,3.762295081967213
BORDERLINE1,4.30327868852459
GEOSMOTE,4.581967213114754
BORDERLINE2,5.065573770491803
