index,0
SMOTE_SVM,3.5491803278688523
BORDERLINE1,3.6065573770491803
GEOSMOTE,3.762295081967213
ORIGINAL,3.9918032786885247
SMOTE,4.229508196721311
BORDERLINE2,4.426229508196721
DELAUNAY,4.434426229508197
