index,0
SMOTE_SVM,2.9508196721311477
SMOTE,3.2704918032786887
GEOSMOTE,3.2950819672131146
BORDERLINE1,3.9918032786885247
DELAUNAY,4.319672131147541
BORDERLINE2,4.721311475409836
ORIGINAL,5.450819672131147
