index,0
SMOTE,2.721311475409836
BORDERLINE1,2.8852459016393444
SMOTE_SVM,2.9098360655737703
BORDERLINE2,3.5081967213114753
DELAUNAY,3.6885245901639343
ORIGINAL,5.286885245901639
