index,0
DELAUNAY,3.442622950819672
SMOTE_SVM,3.5081967213114753
SMOTE,3.5163934426229506
BORDERLINE1,3.5491803278688523
GEOSMOTE,3.9262295081967213
BORDERLINE2,4.30327868852459
ORIGINAL,5.754098360655738
