index,0
ORIGINAL,2.680327868852459
SMOTE_SVM,3.319672131147541
SMOTE,3.5163934426229506
BORDERLINE1,3.6721311475409837
GEOSMOTE,3.9098360655737703
BORDERLINE2,5.270491803278689
DELAUNAY,5.631147540983607
