index,0
BORDERLINE2,2.6147540983606556
BORDERLINE1,3.098360655737705
SMOTE,3.1147540983606556
DELAUNAY,3.139344262295082
SMOTE_SVM,3.5327868852459017
ORIGINAL,5.5
