index,0
SMOTE,2.737704918032787
BORDERLINE2,3.3852459016393444
BORDERLINE1,3.4344262295081966
SMOTE_SVM,3.540983606557377
ORIGINAL,3.762295081967213
DELAUNAY,4.139344262295082
