index,0
SMOTE_SVM,2.9098360655737703
SMOTE,3.1311475409836067
ORIGINAL,3.5163934426229506
BORDERLINE1,3.6147540983606556
DELAUNAY,3.7540983606557377
BORDERLINE2,4.073770491803279
