index,0
ORIGINAL,3.1065573770491803
SMOTE,3.4344262295081966
SMOTE_SVM,3.778688524590164
DELAUNAY,4.0
BORDERLINE1,4.122950819672131
GEOSMOTE,4.336065573770492
BORDERLINE2,5.221311475409836
