index,0
SMOTE,2.9344262295081966
DELAUNAY,3.3442622950819674
BORDERLINE2,3.4344262295081966
BORDERLINE1,3.5901639344262297
SMOTE_SVM,3.7049180327868854
ORIGINAL,3.9918032786885247
