index,0
SMOTE_SVM,2.6639344262295084
SMOTE,2.9672131147540983
BORDERLINE1,3.4344262295081966
ORIGINAL,3.8114754098360657
DELAUNAY,3.942622950819672
BORDERLINE2,4.180327868852459
