index,0
SMOTE_SVM,2.8524590163934427
SMOTE,3.139344262295082
DELAUNAY,3.1475409836065573
BORDERLINE1,3.581967213114754
ORIGINAL,3.9672131147540983
BORDERLINE2,4.311475409836065
